2025-11-01 12:07:22,212 - __main__ - INFO - Generating Enhanced Table-Column Relationship CSV
2025-11-01 12:07:22,213 - __main__ - INFO - ============================================================
2025-11-01 12:07:22,213 - __main__ - INFO - Step 1: Extracting table-column information...
2025-11-01 12:07:22,213 - __main__ - INFO - Extracting detailed table-column information...
2025-11-01 12:07:22,360 - __main__ - INFO - Found 78 tables with column details
2025-11-01 12:07:22,360 - __main__ - INFO - Found 74 response models
2025-11-01 12:07:22,360 - __main__ - INFO - Step 2: Analyzing frontend...
2025-11-01 12:07:22,642 - __main__ - INFO - Found 175 frontend API calls
2025-11-01 12:07:22,642 - __main__ - INFO - Step 3: Analyzing backend...
2025-11-01 12:07:22,711 - action_to_table - INFO - Found 86 known tables
2025-11-01 12:07:23,117 - action_to_table - INFO - Collected 1270 function definitions
2025-11-01 12:09:45,409 - __main__ - INFO - Generating Enhanced Table-Column Relationship CSV
2025-11-01 12:09:45,410 - __main__ - INFO - ============================================================
2025-11-01 12:09:45,410 - __main__ - INFO - Step 1: Extracting table-column information...
2025-11-01 12:09:45,411 - __main__ - INFO - Extracting detailed table-column information...
2025-11-01 12:09:45,634 - __main__ - INFO - Found 78 tables with column details
2025-11-01 12:09:45,635 - __main__ - INFO - Found 74 response models
2025-11-01 12:09:45,635 - __main__ - INFO - Step 2: Analyzing frontend...
2025-11-01 12:09:46,159 - __main__ - INFO - Found 175 frontend API calls
2025-11-01 12:09:46,160 - __main__ - INFO - Step 3: Analyzing backend...
2025-11-01 12:09:46,304 - action_to_table - INFO - Found 86 known tables
2025-11-01 12:09:46,980 - action_to_table - INFO - Collected 1270 function definitions
2025-11-01 12:13:48,133 - __main__ - INFO - Found 187 backend routes
2025-11-01 12:13:48,134 - __main__ - INFO - Step 4: Creating API mappings...
2025-11-01 12:13:48,157 - __main__ - INFO - Created 175 mappings
2025-11-01 12:13:48,158 - __main__ - INFO - Step 5: Writing enhanced CSV: enhanced_table_column_mapping.csv
2025-11-01 12:13:48,173 - __main__ - INFO - Enhanced CSV Summary:
2025-11-01 12:13:48,174 - __main__ - INFO - Total API mappings: 175
2025-11-01 12:13:48,175 - __main__ - INFO - Matched endpoints: 175 (100.0%)
2025-11-01 12:13:48,175 - __main__ - INFO - With database tables: 164 (93.7%)
2025-11-01 12:13:48,176 - __main__ - INFO - With column details: 161 (92.0%)
2025-11-01 12:13:48,177 - __main__ - INFO - Total tables analyzed: 78
2025-11-01 12:13:48,178 - __main__ - INFO - Relationship types:
2025-11-01 12:13:48,179 - __main__ - INFO -   multi_table_join: 133 (76.0%)
2025-11-01 12:13:48,180 - __main__ - INFO -   single_table: 31 (17.7%)
2025-11-01 12:13:48,181 - __main__ - INFO -   no_tables: 11 (6.3%)
2025-11-01 12:13:48,182 - __main__ - INFO - Data transformations:
2025-11-01 12:13:48,183 - __main__ - INFO -   filtered_subset: 89 (50.9%)
2025-11-01 12:13:48,184 - __main__ - INFO -   no_response_model: 48 (27.4%)
2025-11-01 12:13:48,186 - __main__ - INFO -   computed_fields: 11 (6.3%)
2025-11-01 12:13:48,187 - __main__ - INFO -   direct_mapping: 13 (7.4%)
2025-11-01 12:13:48,188 - __main__ - INFO -   none: 11 (6.3%)
2025-11-01 12:13:48,189 - __main__ - INFO -   unknown_schema: 3 (1.7%)
2025-11-01 12:13:48,190 - __main__ - INFO - Sample table-column mappings:
2025-11-01 12:13:48,191 - __main__ - INFO -   DC_CAM_TO_ENGAGEMENT: DC_ENGAGEMENT_ID, USER_ID
2025-11-01 12:13:48,192 - __main__ - INFO -   DC_CANVAS_HDR: CANVAS_DESC, CANVAS_ID, CANVAS_NAME, CANVAS_STATUS, CANVAS_TYPE (+9 more)
2025-11-01 12:13:48,193 - __main__ - INFO -   DC_DATA_SOURCES: DATE_SOURCED, DISPLAY_NAME, FILE_NAME, FILE_NUMBER, FILE_SOURCE (+7 more)
2025-11-01 12:13:48,194 - __main__ - INFO -   DC_SNAPSHOT_DATA: NAME, SNAPSHOT_DATE, SNAPSHOT_VERSION
2025-11-01 12:13:48,195 - __main__ - INFO -   DC_CONTRACT_ASSET_MGT_TYPES: AM_TYPE_ID, ASSET_MANAGEMENT_TYPE
2025-11-01 12:13:48,197 - __main__ - INFO - Enhanced CSV generated successfully: enhanced_table_column_mapping.csv
2025-11-01 12:19:31,788 - __main__ - INFO - Generating Enhanced Table-Column Relationship CSV
2025-11-01 12:19:31,789 - __main__ - INFO - ============================================================
2025-11-01 12:19:31,795 - __main__ - INFO - Step 1: Extracting table-column information...
2025-11-01 12:19:31,796 - __main__ - INFO - Extracting detailed table-column information...
2025-11-01 12:19:32,282 - __main__ - INFO - Found 78 tables with column details
2025-11-01 12:19:32,301 - __main__ - INFO - Found 74 response models
2025-11-01 12:19:32,302 - __main__ - INFO - Step 2: Analyzing frontend...
2025-11-01 12:19:34,447 - __main__ - INFO - Found 175 frontend API calls
2025-11-01 12:19:34,531 - __main__ - INFO - Step 3: Analyzing backend...
2025-11-01 12:19:34,979 - action_to_table - INFO - Found 86 known tables
2025-11-01 12:19:37,893 - action_to_table - INFO - Collected 1270 function definitions
2025-11-01 12:21:16,951 - __main__ - INFO - Generating Enhanced Table-Column Relationship CSV
2025-11-01 12:21:16,952 - __main__ - INFO - ============================================================
2025-11-01 12:21:16,952 - __main__ - INFO - Step 1: Extracting table-column information...
2025-11-01 12:21:16,953 - __main__ - INFO - Extracting detailed table-column information...
2025-11-01 12:21:17,703 - __main__ - INFO - Found 78 tables with column details
2025-11-01 12:21:17,704 - __main__ - INFO - Found 74 response models
2025-11-01 12:21:17,705 - __main__ - INFO - Step 2: Analyzing frontend...
2025-11-01 12:21:18,535 - __main__ - INFO - Found 175 frontend API calls
2025-11-01 12:21:18,536 - __main__ - INFO - Step 3: Analyzing backend...
2025-11-01 12:21:18,706 - action_to_table - INFO - Found 86 known tables
2025-11-01 12:21:18,713 - action_to_table - INFO - Processing file for function definitions: guided-workflow-backend\api\log_utils.py
2025-11-01 12:21:18,718 - action_to_table - INFO - Processing file for function definitions: guided-workflow-backend\api\main.py
2025-11-01 12:21:18,725 - action_to_table - INFO - Processing file for function definitions: guided-workflow-backend\api\prefect_settings.py
2025-11-01 12:21:18,727 - action_to_table - INFO - Processing file for function definitions: guided-workflow-backend\api\settings.py
2025-11-01 12:21:18,741 - action_to_table - INFO - Processing file for function definitions: guided-workflow-backend\api\worker.py
2025-11-01 12:21:18,744 - action_to_table - INFO - Processing file for function definitions: guided-workflow-backend\api\__init__.py
2025-11-01 12:21:18,745 - action_to_table - INFO - Processing file for function definitions: guided-workflow-backend\api\dependencies\aws.py
2025-11-01 12:21:18,751 - action_to_table - INFO - Processing file for function definitions: guided-workflow-backend\api\dependencies\database.py
2025-11-01 12:21:18,755 - action_to_table - INFO - Processing file for function definitions: guided-workflow-backend\api\dependencies\prefect.py
2025-11-01 12:21:18,766 - action_to_table - INFO - Processing file for function definitions: guided-workflow-backend\api\dependencies\queries.py
2025-11-01 12:21:18,778 - action_to_table - INFO - Processing file for function definitions: guided-workflow-backend\api\dependencies\settings.py
2025-11-01 12:21:18,780 - action_to_table - INFO - Processing file for function definitions: guided-workflow-backend\api\dependencies\__init__.py
2025-11-01 12:21:18,783 - action_to_table - INFO - Processing file for function definitions: guided-workflow-backend\api\dependencies\security\auth.py
2025-11-01 12:21:18,787 - action_to_table - INFO - Processing file for function definitions: guided-workflow-backend\api\dependencies\security\models.py
2025-11-01 12:21:18,791 - action_to_table - INFO - Processing file for function definitions: guided-workflow-backend\api\dependencies\security\__init__.py
2025-11-01 12:21:18,794 - action_to_table - INFO - Processing file for function definitions: guided-workflow-backend\api\health\healthcheck.py
2025-11-01 12:21:18,796 - action_to_table - INFO - Processing file for function definitions: guided-workflow-backend\api\health\__init__.py
2025-11-01 12:21:18,797 - action_to_table - INFO - Processing file for function definitions: guided-workflow-backend\api\v2\__init__.py
2025-11-01 12:21:18,800 - action_to_table - INFO - Processing file for function definitions: guided-workflow-backend\api\v2\models\base.py
2025-11-01 12:21:18,804 - action_to_table - INFO - Processing file for function definitions: guided-workflow-backend\api\v2\models\cam_engagements.py
2025-11-01 12:21:18,806 - action_to_table - INFO - Processing file for function definitions: guided-workflow-backend\api\v2\models\contracts.py
2025-11-01 12:21:18,820 - action_to_table - INFO - Processing file for function definitions: guided-workflow-backend\api\v2\models\dc_types.py
2025-11-01 12:21:18,823 - action_to_table - INFO - Processing file for function definitions: guided-workflow-backend\api\v2\models\engagement.py
2025-11-01 12:21:18,826 - action_to_table - INFO - Processing file for function definitions: guided-workflow-backend\api\v2\models\enums.py
2025-11-01 12:21:18,831 - action_to_table - INFO - Processing file for function definitions: guided-workflow-backend\api\v2\models\file_management.py
2025-11-01 12:21:18,834 - action_to_table - INFO - Processing file for function definitions: guided-workflow-backend\api\v2\models\links.py
2025-11-01 12:21:18,838 - action_to_table - INFO - Processing file for function definitions: guided-workflow-backend\api\v2\models\metadata.py
2025-11-01 12:21:18,841 - action_to_table - INFO - Processing file for function definitions: guided-workflow-backend\api\v2\models\stakeholders.py
2025-11-01 12:21:18,844 - action_to_table - INFO - Processing file for function definitions: guided-workflow-backend\api\v2\models\static.py
2025-11-01 12:21:18,845 - action_to_table - INFO - Processing file for function definitions: guided-workflow-backend\api\v2\models\stored_proc.py
2025-11-01 12:21:18,853 - action_to_table - INFO - Processing file for function definitions: guided-workflow-backend\api\v2\models\tags.py
2025-11-01 12:21:18,855 - action_to_table - INFO - Processing file for function definitions: guided-workflow-backend\api\v2\models\thought_spot.py
2025-11-01 12:21:18,864 - action_to_table - INFO - Processing file for function definitions: guided-workflow-backend\api\v2\models\users.py
2025-11-01 12:21:18,866 - action_to_table - INFO - Processing file for function definitions: guided-workflow-backend\api\v2\models\user_defined_types.py
2025-11-01 12:21:18,869 - action_to_table - INFO - Processing file for function definitions: guided-workflow-backend\api\v2\models\utils.py
2025-11-01 12:21:18,873 - action_to_table - INFO - Processing file for function definitions: guided-workflow-backend\api\v2\models\validators.py
2025-11-01 12:21:18,878 - action_to_table - INFO - Processing file for function definitions: guided-workflow-backend\api\v2\models\virtual_bookings.py
2025-11-01 12:21:18,882 - action_to_table - INFO - Processing file for function definitions: guided-workflow-backend\api\v2\models\__init__.py
2025-11-01 12:21:18,885 - action_to_table - INFO - Processing file for function definitions: guided-workflow-backend\api\v2\models\admin\__init__.py
2025-11-01 12:21:18,888 - action_to_table - INFO - Processing file for function definitions: guided-workflow-backend\api\v2\models\admin\financial\contracts.py
2025-11-01 12:21:18,891 - action_to_table - INFO - Processing file for function definitions: guided-workflow-backend\api\v2\models\admin\financial\enums.py
2025-11-01 12:21:18,894 - action_to_table - INFO - Processing file for function definitions: guided-workflow-backend\api\v2\models\admin\financial\revenue.py
2025-11-01 12:21:18,903 - action_to_table - INFO - Processing file for function definitions: guided-workflow-backend\api\v2\models\admin\financial\unverified.py
2025-11-01 12:21:18,907 - action_to_table - INFO - Processing file for function definitions: guided-workflow-backend\api\v2\models\admin\financial\verified.py
2025-11-01 12:21:18,909 - action_to_table - INFO - Processing file for function definitions: guided-workflow-backend\api\v2\models\admin\financial\__init__.py
2025-11-01 12:21:18,912 - action_to_table - INFO - Processing file for function definitions: guided-workflow-backend\api\v2\models\admin\sdp\deliverables.py
2025-11-01 12:21:18,914 - action_to_table - INFO - Processing file for function definitions: guided-workflow-backend\api\v2\models\admin\sdp\lifecycle.py
2025-11-01 12:21:18,915 - action_to_table - INFO - Processing file for function definitions: guided-workflow-backend\api\v2\models\admin\sdp\sdp.py
2025-11-01 12:21:18,918 - action_to_table - INFO - Processing file for function definitions: guided-workflow-backend\api\v2\models\admin\sdp\subtasks.py
2025-11-01 12:21:18,922 - action_to_table - INFO - Processing file for function definitions: guided-workflow-backend\api\v2\models\admin\sdp\tasks.py
2025-11-01 12:21:18,925 - action_to_table - INFO - Processing file for function definitions: guided-workflow-backend\api\v2\models\admin\sdp\validators.py
2025-11-01 12:21:18,928 - action_to_table - INFO - Processing file for function definitions: guided-workflow-backend\api\v2\models\admin\sdp\__init__.py
2025-11-01 12:21:18,930 - action_to_table - INFO - Processing file for function definitions: guided-workflow-backend\api\v2\models\announcement\announcement.py
2025-11-01 12:21:18,934 - action_to_table - INFO - Processing file for function definitions: guided-workflow-backend\api\v2\models\announcement\enums.py
2025-11-01 12:21:18,937 - action_to_table - INFO - Processing file for function definitions: guided-workflow-backend\api\v2\models\announcement\__init__.py
2025-11-01 12:21:18,939 - action_to_table - INFO - Processing file for function definitions: guided-workflow-backend\api\v2\models\canvas\canvas.py
2025-11-01 12:21:18,944 - action_to_table - INFO - Processing file for function definitions: guided-workflow-backend\api\v2\models\canvas\next.py
2025-11-01 12:21:18,947 - action_to_table - INFO - Processing file for function definitions: guided-workflow-backend\api\v2\models\canvas\parameters.py
2025-11-01 12:21:18,951 - action_to_table - INFO - Processing file for function definitions: guided-workflow-backend\api\v2\models\canvas\__init__.py
2025-11-01 12:21:18,954 - action_to_table - INFO - Processing file for function definitions: guided-workflow-backend\api\v2\models\external\deployments.py
2025-11-01 12:21:18,956 - action_to_table - INFO - Processing file for function definitions: guided-workflow-backend\api\v2\models\external\events.py
2025-11-01 12:21:18,959 - action_to_table - INFO - Processing file for function definitions: guided-workflow-backend\api\v2\models\external\flows.py
2025-11-01 12:21:18,965 - action_to_table - INFO - Processing file for function definitions: guided-workflow-backend\api\v2\models\external\__init__.py
2025-11-01 12:21:18,969 - action_to_table - INFO - Processing file for function definitions: guided-workflow-backend\api\v2\models\manager\assignments.py
2025-11-01 12:21:18,971 - action_to_table - INFO - Processing file for function definitions: guided-workflow-backend\api\v2\models\manager\bookings.py
2025-11-01 12:21:18,979 - action_to_table - INFO - Processing file for function definitions: guided-workflow-backend\api\v2\models\manager\disengagement.py
2025-11-01 12:21:18,982 - action_to_table - INFO - Processing file for function definitions: guided-workflow-backend\api\v2\models\manager\sdp.py
2025-11-01 12:21:18,985 - action_to_table - INFO - Processing file for function definitions: guided-workflow-backend\api\v2\models\manager\super_customers.py
2025-11-01 12:21:18,988 - action_to_table - INFO - Processing file for function definitions: guided-workflow-backend\api\v2\models\manager\users.py
2025-11-01 12:21:18,990 - action_to_table - INFO - Processing file for function definitions: guided-workflow-backend\api\v2\models\manager\__init__.py
2025-11-01 12:21:18,994 - action_to_table - INFO - Processing file for function definitions: guided-workflow-backend\api\v2\models\notifications\enums.py
2025-11-01 12:21:18,996 - action_to_table - INFO - Processing file for function definitions: guided-workflow-backend\api\v2\models\notifications\notifications.py
2025-11-01 12:21:19,001 - action_to_table - INFO - Processing file for function definitions: guided-workflow-backend\api\v2\models\notifications\__init__.py
2025-11-01 12:21:19,004 - action_to_table - INFO - Processing file for function definitions: guided-workflow-backend\api\v2\models\notifications\messages\code.py
2025-11-01 12:21:19,006 - action_to_table - INFO - Processing file for function definitions: guided-workflow-backend\api\v2\models\notifications\messages\download.py
2025-11-01 12:21:19,008 - action_to_table - INFO - Processing file for function definitions: guided-workflow-backend\api\v2\models\notifications\messages\enums.py
2025-11-01 12:21:19,010 - action_to_table - INFO - Processing file for function definitions: guided-workflow-backend\api\v2\models\notifications\messages\parameters.py
2025-11-01 12:21:19,012 - action_to_table - INFO - Processing file for function definitions: guided-workflow-backend\api\v2\models\notifications\messages\table.py
2025-11-01 12:21:19,014 - action_to_table - INFO - Processing file for function definitions: guided-workflow-backend\api\v2\models\notifications\messages\text.py
2025-11-01 12:21:19,016 - action_to_table - INFO - Processing file for function definitions: guided-workflow-backend\api\v2\models\notifications\messages\__init__.py
2025-11-01 12:21:19,020 - action_to_table - INFO - Processing file for function definitions: guided-workflow-backend\api\v2\models\sdp\completions.py
2025-11-01 12:21:19,024 - action_to_table - INFO - Processing file for function definitions: guided-workflow-backend\api\v2\models\sdp\deliverables.py
2025-11-01 12:21:19,027 - action_to_table - INFO - Processing file for function definitions: guided-workflow-backend\api\v2\models\sdp\time_tracking.py
2025-11-01 12:21:19,035 - action_to_table - INFO - Processing file for function definitions: guided-workflow-backend\api\v2\models\sdp\__init__.py
2025-11-01 12:21:19,039 - action_to_table - INFO - Processing file for function definitions: guided-workflow-backend\api\v2\models\support\cases.py
2025-11-01 12:21:19,043 - action_to_table - INFO - Processing file for function definitions: guided-workflow-backend\api\v2\models\support\documentation.py
2025-11-01 12:21:19,048 - action_to_table - INFO - Processing file for function definitions: guided-workflow-backend\api\v2\models\support\__init__.py
2025-11-01 12:21:19,050 - action_to_table - INFO - Processing file for function definitions: guided-workflow-backend\api\v2\models\tagsets\reserved_words.py
2025-11-01 12:21:19,053 - action_to_table - INFO - Processing file for function definitions: guided-workflow-backend\api\v2\models\tagsets\tagsets.py
2025-11-01 12:21:19,057 - action_to_table - INFO - Processing file for function definitions: guided-workflow-backend\api\v2\models\tagsets\__init__.py
2025-11-01 12:21:19,062 - action_to_table - INFO - Processing file for function definitions: guided-workflow-backend\api\v2\models\workflows\actions.py
2025-11-01 12:21:19,064 - action_to_table - INFO - Processing file for function definitions: guided-workflow-backend\api\v2\models\workflows\collector_file.py
2025-11-01 12:21:19,066 - action_to_table - INFO - Processing file for function definitions: guided-workflow-backend\api\v2\models\workflows\customer_file.py
2025-11-01 12:21:19,070 - action_to_table - INFO - Processing file for function definitions: guided-workflow-backend\api\v2\models\workflows\downloads.py
2025-11-01 12:21:19,073 - action_to_table - INFO - Processing file for function definitions: guided-workflow-backend\api\v2\models\workflows\generic.py
2025-11-01 12:21:19,076 - action_to_table - INFO - Processing file for function definitions: guided-workflow-backend\api\v2\models\workflows\lookups.py
2025-11-01 12:21:19,081 - action_to_table - INFO - Processing file for function definitions: guided-workflow-backend\api\v2\models\workflows\sea_upload.py
2025-11-01 12:21:19,087 - action_to_table - INFO - Processing file for function definitions: guided-workflow-backend\api\v2\models\workflows\signoff.py
2025-11-01 12:21:19,091 - action_to_table - INFO - Processing file for function definitions: guided-workflow-backend\api\v2\models\workflows\workflow_tagging.py
2025-11-01 12:21:19,097 - action_to_table - INFO - Processing file for function definitions: guided-workflow-backend\api\v2\models\workflows\__init__.py
2025-11-01 12:21:19,102 - action_to_table - INFO - Processing file for function definitions: guided-workflow-backend\api\v2\models\workflows\macd\acat.py
2025-11-01 12:21:19,110 - action_to_table - INFO - Processing file for function definitions: guided-workflow-backend\api\v2\models\workflows\macd\amrr.py
2025-11-01 12:21:19,114 - action_to_table - INFO - Processing file for function definitions: guided-workflow-backend\api\v2\models\workflows\macd\audit.py
2025-11-01 12:21:19,117 - action_to_table - INFO - Processing file for function definitions: guided-workflow-backend\api\v2\models\workflows\macd\base.py
2025-11-01 12:21:19,122 - action_to_table - INFO - Processing file for function definitions: guided-workflow-backend\api\v2\models\workflows\macd\ccwr.py
2025-11-01 12:21:19,136 - action_to_table - INFO - Processing file for function definitions: guided-workflow-backend\api\v2\models\workflows\macd\payloads.py
2025-11-01 12:21:19,140 - action_to_table - INFO - Processing file for function definitions: guided-workflow-backend\api\v2\models\workflows\macd\registry.py
2025-11-01 12:21:19,150 - action_to_table - INFO - Processing file for function definitions: guided-workflow-backend\api\v2\models\workflows\macd\__init__.py
2025-11-01 12:21:19,153 - action_to_table - INFO - Processing file for function definitions: guided-workflow-backend\api\v2\orm\base.py
2025-11-01 12:21:19,159 - action_to_table - INFO - Processing file for function definitions: guided-workflow-backend\api\v2\orm\cam_engagements.py
2025-11-01 12:21:19,163 - action_to_table - INFO - Processing file for function definitions: guided-workflow-backend\api\v2\orm\canvas.py
2025-11-01 12:21:19,171 - action_to_table - INFO - Processing file for function definitions: guided-workflow-backend\api\v2\orm\contracts.py
2025-11-01 12:21:19,178 - action_to_table - INFO - Processing file for function definitions: guided-workflow-backend\api\v2\orm\data_source.py
2025-11-01 12:21:19,180 - action_to_table - INFO - Processing file for function definitions: guided-workflow-backend\api\v2\orm\engagements.py
2025-11-01 12:21:19,184 - action_to_table - INFO - Processing file for function definitions: guided-workflow-backend\api\v2\orm\file_management.py
2025-11-01 12:21:19,186 - action_to_table - INFO - Processing file for function definitions: guided-workflow-backend\api\v2\orm\json_varchar.py
2025-11-01 12:21:19,189 - action_to_table - INFO - Processing file for function definitions: guided-workflow-backend\api\v2\orm\links.py
2025-11-01 12:21:19,197 - action_to_table - INFO - Processing file for function definitions: guided-workflow-backend\api\v2\orm\orm_func.py
2025-11-01 12:21:19,199 - action_to_table - INFO - Processing file for function definitions: guided-workflow-backend\api\v2\orm\py_decimal.py
2025-11-01 12:21:19,202 - action_to_table - INFO - Processing file for function definitions: guided-workflow-backend\api\v2\orm\stakeholders.py
2025-11-01 12:21:19,205 - action_to_table - INFO - Processing file for function definitions: guided-workflow-backend\api\v2\orm\tags.py
2025-11-01 12:21:19,208 - action_to_table - INFO - Processing file for function definitions: guided-workflow-backend\api\v2\orm\tagsets.py
2025-11-01 12:21:19,212 - action_to_table - INFO - Processing file for function definitions: guided-workflow-backend\api\v2\orm\thought_spot.py
2025-11-01 12:21:19,217 - action_to_table - INFO - Processing file for function definitions: guided-workflow-backend\api\v2\orm\users.py
2025-11-01 12:21:19,221 - action_to_table - INFO - Processing file for function definitions: guided-workflow-backend\api\v2\orm\user_defined_types.py
2025-11-01 12:21:19,224 - action_to_table - INFO - Processing file for function definitions: guided-workflow-backend\api\v2\orm\__init__.py
2025-11-01 12:21:19,227 - action_to_table - INFO - Processing file for function definitions: guided-workflow-backend\api\v2\orm\admin\__init__.py
2025-11-01 12:21:19,229 - action_to_table - INFO - Processing file for function definitions: guided-workflow-backend\api\v2\orm\admin\financial\revenue.py
2025-11-01 12:21:19,232 - action_to_table - INFO - Processing file for function definitions: guided-workflow-backend\api\v2\orm\admin\financial\__init__.py
2025-11-01 12:21:19,234 - action_to_table - INFO - Processing file for function definitions: guided-workflow-backend\api\v2\orm\admin\sdp\anchor_date.py
2025-11-01 12:21:19,237 - action_to_table - INFO - Processing file for function definitions: guided-workflow-backend\api\v2\orm\admin\sdp\deliverable.py
2025-11-01 12:21:19,241 - action_to_table - INFO - Processing file for function definitions: guided-workflow-backend\api\v2\orm\admin\sdp\external.py
2025-11-01 12:21:19,247 - action_to_table - INFO - Processing file for function definitions: guided-workflow-backend\api\v2\orm\admin\sdp\lifecycle.py
2025-11-01 12:21:19,249 - action_to_table - INFO - Processing file for function definitions: guided-workflow-backend\api\v2\orm\admin\sdp\relations.py
2025-11-01 12:21:19,252 - action_to_table - INFO - Processing file for function definitions: guided-workflow-backend\api\v2\orm\admin\sdp\sdp_external.py
2025-11-01 12:21:19,254 - action_to_table - INFO - Processing file for function definitions: guided-workflow-backend\api\v2\orm\admin\sdp\subtask.py
2025-11-01 12:21:19,259 - action_to_table - INFO - Processing file for function definitions: guided-workflow-backend\api\v2\orm\admin\sdp\task.py
2025-11-01 12:21:19,264 - action_to_table - INFO - Processing file for function definitions: guided-workflow-backend\api\v2\orm\admin\sdp\trigger.py
2025-11-01 12:21:19,268 - action_to_table - INFO - Processing file for function definitions: guided-workflow-backend\api\v2\orm\admin\sdp\__init__.py
2025-11-01 12:21:19,270 - action_to_table - INFO - Processing file for function definitions: guided-workflow-backend\api\v2\orm\announcement\announcement.py
2025-11-01 12:21:19,273 - action_to_table - INFO - Processing file for function definitions: guided-workflow-backend\api\v2\orm\announcement\announcement_link.py
2025-11-01 12:21:19,276 - action_to_table - INFO - Processing file for function definitions: guided-workflow-backend\api\v2\orm\announcement\user_announcement.py
2025-11-01 12:21:19,279 - action_to_table - INFO - Processing file for function definitions: guided-workflow-backend\api\v2\orm\announcement\__init__.py
2025-11-01 12:21:19,280 - action_to_table - INFO - Processing file for function definitions: guided-workflow-backend\api\v2\orm\bookings\bookings.py
2025-11-01 12:21:19,291 - action_to_table - INFO - Processing file for function definitions: guided-workflow-backend\api\v2\orm\bookings\booking_override.py
2025-11-01 12:21:19,294 - action_to_table - INFO - Processing file for function definitions: guided-workflow-backend\api\v2\orm\bookings\extensions.py
2025-11-01 12:21:19,296 - action_to_table - INFO - Processing file for function definitions: guided-workflow-backend\api\v2\orm\bookings\lineage.py
2025-11-01 12:21:19,298 - action_to_table - INFO - Processing file for function definitions: guided-workflow-backend\api\v2\orm\bookings\sales_levels.py
2025-11-01 12:21:19,300 - action_to_table - INFO - Processing file for function definitions: guided-workflow-backend\api\v2\orm\bookings\users.py
2025-11-01 12:21:19,303 - action_to_table - INFO - Processing file for function definitions: guided-workflow-backend\api\v2\orm\bookings\__init__.py
2025-11-01 12:21:19,305 - action_to_table - INFO - Processing file for function definitions: guided-workflow-backend\api\v2\orm\manager\allocations.py
2025-11-01 12:21:19,308 - action_to_table - INFO - Processing file for function definitions: guided-workflow-backend\api\v2\orm\manager\super_customers.py
2025-11-01 12:21:19,311 - action_to_table - INFO - Processing file for function definitions: guided-workflow-backend\api\v2\orm\manager\__init__.py
2025-11-01 12:21:19,313 - action_to_table - INFO - Processing file for function definitions: guided-workflow-backend\api\v2\orm\sdp\completions.py
2025-11-01 12:21:19,317 - action_to_table - INFO - Processing file for function definitions: guided-workflow-backend\api\v2\orm\sdp\time_tracking.py
2025-11-01 12:21:19,320 - action_to_table - INFO - Processing file for function definitions: guided-workflow-backend\api\v2\orm\sdp\__init__.py
2025-11-01 12:21:19,322 - action_to_table - INFO - Processing file for function definitions: guided-workflow-backend\api\v2\orm\support\cases.py
2025-11-01 12:21:19,326 - action_to_table - INFO - Processing file for function definitions: guided-workflow-backend\api\v2\orm\support\documentation.py
2025-11-01 12:21:19,329 - action_to_table - INFO - Processing file for function definitions: guided-workflow-backend\api\v2\orm\support\__init__.py
2025-11-01 12:21:19,331 - action_to_table - INFO - Processing file for function definitions: guided-workflow-backend\api\v2\orm\workflows\actions.py
2025-11-01 12:21:19,334 - action_to_table - INFO - Processing file for function definitions: guided-workflow-backend\api\v2\orm\workflows\background_jobs.py
2025-11-01 12:21:19,338 - action_to_table - INFO - Processing file for function definitions: guided-workflow-backend\api\v2\orm\workflows\disengagement.py
2025-11-01 12:21:19,341 - action_to_table - INFO - Processing file for function definitions: guided-workflow-backend\api\v2\orm\workflows\evidence_uploads.py
2025-11-01 12:21:19,345 - action_to_table - INFO - Processing file for function definitions: guided-workflow-backend\api\v2\orm\workflows\macd.py
2025-11-01 12:21:19,350 - action_to_table - INFO - Processing file for function definitions: guided-workflow-backend\api\v2\orm\workflows\notifications.py
2025-11-01 12:21:19,355 - action_to_table - INFO - Processing file for function definitions: guided-workflow-backend\api\v2\orm\workflows\signoff.py
2025-11-01 12:21:19,361 - action_to_table - INFO - Processing file for function definitions: guided-workflow-backend\api\v2\orm\workflows\__init__.py
2025-11-01 12:21:19,363 - action_to_table - INFO - Processing file for function definitions: guided-workflow-backend\api\v2\queries\agent.py
2025-11-01 12:21:19,367 - action_to_table - INFO - Processing file for function definitions: guided-workflow-backend\api\v2\queries\announcement.py
2025-11-01 12:21:19,372 - action_to_table - INFO - Processing file for function definitions: guided-workflow-backend\api\v2\queries\canvas.py
2025-11-01 12:21:19,377 - action_to_table - INFO - Processing file for function definitions: guided-workflow-backend\api\v2\queries\contracts.py
2025-11-01 12:21:19,385 - action_to_table - INFO - Processing file for function definitions: guided-workflow-backend\api\v2\queries\data_source.py
2025-11-01 12:21:19,387 - action_to_table - INFO - Processing file for function definitions: guided-workflow-backend\api\v2\queries\documentation.py
2025-11-01 12:21:19,392 - action_to_table - INFO - Processing file for function definitions: guided-workflow-backend\api\v2\queries\engagements.py
2025-11-01 12:21:19,395 - action_to_table - INFO - Processing file for function definitions: guided-workflow-backend\api\v2\queries\evidence_uploads.py
2025-11-01 12:21:19,400 - action_to_table - INFO - Processing file for function definitions: guided-workflow-backend\api\v2\queries\information.py
2025-11-01 12:21:19,403 - action_to_table - INFO - Processing file for function definitions: guided-workflow-backend\api\v2\queries\links.py
2025-11-01 12:21:19,406 - action_to_table - INFO - Processing file for function definitions: guided-workflow-backend\api\v2\queries\notifications.py
2025-11-01 12:21:19,410 - action_to_table - INFO - Processing file for function definitions: guided-workflow-backend\api\v2\queries\parse_json_into_table.py
2025-11-01 12:21:19,414 - action_to_table - INFO - Processing file for function definitions: guided-workflow-backend\api\v2\queries\stored_proc.py
2025-11-01 12:21:19,422 - action_to_table - INFO - Processing file for function definitions: guided-workflow-backend\api\v2\queries\tagsets.py
2025-11-01 12:21:19,425 - action_to_table - INFO - Processing file for function definitions: guided-workflow-backend\api\v2\queries\thought_spot.py
2025-11-01 12:21:19,439 - action_to_table - INFO - Processing file for function definitions: guided-workflow-backend\api\v2\queries\users.py
2025-11-01 12:21:19,444 - action_to_table - INFO - Processing file for function definitions: guided-workflow-backend\api\v2\queries\utils.py
2025-11-01 12:21:19,456 - action_to_table - INFO - Processing file for function definitions: guided-workflow-backend\api\v2\queries\__init__.py
2025-11-01 12:21:19,459 - action_to_table - INFO - Processing file for function definitions: guided-workflow-backend\api\v2\queries\admin\sdp.py
2025-11-01 12:21:19,464 - action_to_table - INFO - Processing file for function definitions: guided-workflow-backend\api\v2\queries\admin\__init__.py
2025-11-01 12:21:19,467 - action_to_table - INFO - Processing file for function definitions: guided-workflow-backend\api\v2\queries\manager\bookings.py
2025-11-01 12:21:19,473 - action_to_table - INFO - Processing file for function definitions: guided-workflow-backend\api\v2\queries\manager\bookings_sales_level.py
2025-11-01 12:21:19,482 - action_to_table - INFO - Processing file for function definitions: guided-workflow-backend\api\v2\queries\manager\direct_reports.py
2025-11-01 12:21:19,489 - action_to_table - INFO - Processing file for function definitions: guided-workflow-backend\api\v2\queries\manager\sdp.py
2025-11-01 12:21:19,494 - action_to_table - INFO - Processing file for function definitions: guided-workflow-backend\api\v2\queries\manager\super_customers.py
2025-11-01 12:21:19,497 - action_to_table - INFO - Processing file for function definitions: guided-workflow-backend\api\v2\queries\manager\__init__.py
2025-11-01 12:21:19,500 - action_to_table - INFO - Processing file for function definitions: guided-workflow-backend\api\v2\queries\sdp\deliverables.py
2025-11-01 12:21:19,505 - action_to_table - INFO - Processing file for function definitions: guided-workflow-backend\api\v2\queries\sdp\time_tracking.py
2025-11-01 12:21:19,512 - action_to_table - INFO - Processing file for function definitions: guided-workflow-backend\api\v2\queries\sdp\__init__.py
2025-11-01 12:21:19,515 - action_to_table - INFO - Processing file for function definitions: guided-workflow-backend\api\v2\queries\workflows\macd.py
2025-11-01 12:21:19,519 - action_to_table - INFO - Processing file for function definitions: guided-workflow-backend\api\v2\queries\workflows\__init__.py
2025-11-01 12:21:19,522 - action_to_table - INFO - Processing file for function definitions: guided-workflow-backend\api\v2\routers\announcements.py
2025-11-01 12:21:19,529 - action_to_table - INFO - Processing file for function definitions: guided-workflow-backend\api\v2\routers\canvas.py
2025-11-01 12:21:19,551 - action_to_table - INFO - Processing file for function definitions: guided-workflow-backend\api\v2\routers\contracts.py
2025-11-01 12:21:19,574 - action_to_table - INFO - Processing file for function definitions: guided-workflow-backend\api\v2\routers\dc_types.py
2025-11-01 12:21:19,582 - action_to_table - INFO - Processing file for function definitions: guided-workflow-backend\api\v2\routers\engagements.py
2025-11-01 12:21:19,592 - action_to_table - INFO - Processing file for function definitions: guided-workflow-backend\api\v2\routers\file_management.py
2025-11-01 12:21:19,610 - action_to_table - INFO - Processing file for function definitions: guided-workflow-backend\api\v2\routers\links.py
2025-11-01 12:21:19,620 - action_to_table - INFO - Processing file for function definitions: guided-workflow-backend\api\v2\routers\stakeholders.py
2025-11-01 12:21:19,628 - action_to_table - INFO - Processing file for function definitions: guided-workflow-backend\api\v2\routers\static.py
2025-11-01 12:21:19,630 - action_to_table - INFO - Processing file for function definitions: guided-workflow-backend\api\v2\routers\tags.py
2025-11-01 12:21:19,640 - action_to_table - INFO - Processing file for function definitions: guided-workflow-backend\api\v2\routers\tagsets.py
2025-11-01 12:21:19,659 - action_to_table - INFO - Processing file for function definitions: guided-workflow-backend\api\v2\routers\thought_spot.py
2025-11-01 12:21:19,672 - action_to_table - INFO - Processing file for function definitions: guided-workflow-backend\api\v2\routers\thought_spot_tag.py
2025-11-01 12:21:19,676 - action_to_table - INFO - Processing file for function definitions: guided-workflow-backend\api\v2\routers\users.py
2025-11-01 12:21:19,678 - action_to_table - INFO - Processing file for function definitions: guided-workflow-backend\api\v2\routers\user_defined_types.py
2025-11-01 12:21:19,684 - action_to_table - INFO - Processing file for function definitions: guided-workflow-backend\api\v2\routers\__init__.py
2025-11-01 12:21:19,689 - action_to_table - INFO - Processing file for function definitions: guided-workflow-backend\api\v2\routers\admin\__init__.py
2025-11-01 12:21:19,692 - action_to_table - INFO - Processing file for function definitions: guided-workflow-backend\api\v2\routers\admin\financial\contracts.py
2025-11-01 12:21:19,694 - action_to_table - INFO - Processing file for function definitions: guided-workflow-backend\api\v2\routers\admin\financial\revenue.py
2025-11-01 12:21:19,703 - action_to_table - INFO - Processing file for function definitions: guided-workflow-backend\api\v2\routers\admin\financial\unverified.py
2025-11-01 12:21:19,707 - action_to_table - INFO - Processing file for function definitions: guided-workflow-backend\api\v2\routers\admin\financial\verified.py
2025-11-01 12:21:19,719 - action_to_table - INFO - Processing file for function definitions: guided-workflow-backend\api\v2\routers\admin\financial\__init__.py
2025-11-01 12:21:19,722 - action_to_table - INFO - Processing file for function definitions: guided-workflow-backend\api\v2\routers\admin\sdp\deliverables.py
2025-11-01 12:21:19,730 - action_to_table - INFO - Processing file for function definitions: guided-workflow-backend\api\v2\routers\admin\sdp\lifecycles.py
2025-11-01 12:21:19,736 - action_to_table - INFO - Processing file for function definitions: guided-workflow-backend\api\v2\routers\admin\sdp\sdp.py
2025-11-01 12:21:19,739 - action_to_table - INFO - Processing file for function definitions: guided-workflow-backend\api\v2\routers\admin\sdp\subtasks.py
2025-11-01 12:21:19,758 - action_to_table - INFO - Processing file for function definitions: guided-workflow-backend\api\v2\routers\admin\sdp\tasks.py
2025-11-01 12:21:19,786 - action_to_table - INFO - Processing file for function definitions: guided-workflow-backend\api\v2\routers\admin\sdp\__init__.py
2025-11-01 12:21:19,789 - action_to_table - INFO - Processing file for function definitions: guided-workflow-backend\api\v2\routers\documentation\documentation.py
2025-11-01 12:21:19,798 - action_to_table - INFO - Processing file for function definitions: guided-workflow-backend\api\v2\routers\documentation\__init__.py
2025-11-01 12:21:19,801 - action_to_table - INFO - Processing file for function definitions: guided-workflow-backend\api\v2\routers\manager\assignments.py
2025-11-01 12:21:19,807 - action_to_table - INFO - Processing file for function definitions: guided-workflow-backend\api\v2\routers\manager\bookings.py
2025-11-01 12:21:19,811 - action_to_table - INFO - Processing file for function definitions: guided-workflow-backend\api\v2\routers\manager\bookings_common.py
2025-11-01 12:21:19,816 - action_to_table - INFO - Processing file for function definitions: guided-workflow-backend\api\v2\routers\manager\bookings_manager.py
2025-11-01 12:21:19,826 - action_to_table - INFO - Processing file for function definitions: guided-workflow-backend\api\v2\routers\manager\pool_manager.py
2025-11-01 12:21:19,829 - action_to_table - INFO - Processing file for function definitions: guided-workflow-backend\api\v2\routers\manager\sdp.py
2025-11-01 12:21:19,834 - action_to_table - INFO - Processing file for function definitions: guided-workflow-backend\api\v2\routers\manager\super_customers.py
2025-11-01 12:21:19,839 - action_to_table - INFO - Processing file for function definitions: guided-workflow-backend\api\v2\routers\manager\users.py
2025-11-01 12:21:19,844 - action_to_table - INFO - Processing file for function definitions: guided-workflow-backend\api\v2\routers\manager\__init__.py
2025-11-01 12:21:19,847 - action_to_table - INFO - Processing file for function definitions: guided-workflow-backend\api\v2\routers\sdp\completions.py
2025-11-01 12:21:19,851 - action_to_table - INFO - Processing file for function definitions: guided-workflow-backend\api\v2\routers\sdp\deliverables.py
2025-11-01 12:21:19,856 - action_to_table - INFO - Processing file for function definitions: guided-workflow-backend\api\v2\routers\sdp\time_tracking.py
2025-11-01 12:21:19,860 - action_to_table - INFO - Processing file for function definitions: guided-workflow-backend\api\v2\routers\sdp\__init__.py
2025-11-01 12:21:19,862 - action_to_table - INFO - Processing file for function definitions: guided-workflow-backend\api\v2\routers\support\agent.py
2025-11-01 12:21:19,868 - action_to_table - INFO - Processing file for function definitions: guided-workflow-backend\api\v2\routers\support\user.py
2025-11-01 12:21:19,872 - action_to_table - INFO - Processing file for function definitions: guided-workflow-backend\api\v2\routers\support\__init__.py
2025-11-01 12:21:19,874 - action_to_table - INFO - Processing file for function definitions: guided-workflow-backend\api\v2\routers\workflows\actions.py
2025-11-01 12:21:19,878 - action_to_table - INFO - Processing file for function definitions: guided-workflow-backend\api\v2\routers\workflows\downloads.py
2025-11-01 12:21:19,881 - action_to_table - INFO - Processing file for function definitions: guided-workflow-backend\api\v2\routers\workflows\evidence_uploads.py
2025-11-01 12:21:19,885 - action_to_table - INFO - Processing file for function definitions: guided-workflow-backend\api\v2\routers\workflows\lookups.py
2025-11-01 12:21:19,895 - action_to_table - INFO - Processing file for function definitions: guided-workflow-backend\api\v2\routers\workflows\macd.py
2025-11-01 12:21:19,901 - action_to_table - INFO - Processing file for function definitions: guided-workflow-backend\api\v2\routers\workflows\notifications.py
2025-11-01 12:21:19,908 - action_to_table - INFO - Processing file for function definitions: guided-workflow-backend\api\v2\routers\workflows\sea_upload.py
2025-11-01 12:21:19,912 - action_to_table - INFO - Processing file for function definitions: guided-workflow-backend\api\v2\routers\workflows\signoff.py
2025-11-01 12:21:19,916 - action_to_table - INFO - Processing file for function definitions: guided-workflow-backend\api\v2\routers\workflows\workflow_tagging.py
2025-11-01 12:21:19,922 - action_to_table - INFO - Processing file for function definitions: guided-workflow-backend\api\v2\routers\workflows\__init__.py
2025-11-01 12:21:19,925 - action_to_table - INFO - Processing file for function definitions: guided-workflow-backend\api\v2\services\announcements.py
2025-11-01 12:21:19,936 - action_to_table - INFO - Processing file for function definitions: guided-workflow-backend\api\v2\services\db_mixin.py
2025-11-01 12:21:19,938 - action_to_table - INFO - Processing file for function definitions: guided-workflow-backend\api\v2\services\engagements.py
2025-11-01 12:21:19,946 - action_to_table - INFO - Processing file for function definitions: guided-workflow-backend\api\v2\services\exceptions.py
2025-11-01 12:21:19,949 - action_to_table - INFO - Processing file for function definitions: guided-workflow-backend\api\v2\services\manager_bookings.py
2025-11-01 12:21:19,994 - action_to_table - INFO - Processing file for function definitions: guided-workflow-backend\api\v2\services\msg_mixin.py
2025-11-01 12:21:20,000 - action_to_table - INFO - Processing file for function definitions: guided-workflow-backend\api\v2\services\s3_mixin.py
2025-11-01 12:21:20,002 - action_to_table - INFO - Processing file for function definitions: guided-workflow-backend\api\v2\services\sp_mixin.py
2025-11-01 12:21:20,008 - action_to_table - INFO - Processing file for function definitions: guided-workflow-backend\api\v2\services\upload_sp_service.py
2025-11-01 12:21:20,018 - action_to_table - INFO - Processing file for function definitions: guided-workflow-backend\api\v2\services\user_sdp.py
2025-11-01 12:21:20,024 - action_to_table - INFO - Processing file for function definitions: guided-workflow-backend\api\v2\services\__init__.py
2025-11-01 12:21:20,027 - action_to_table - INFO - Processing file for function definitions: guided-workflow-backend\api\v2\services\external\external_service_tracker.py
2025-11-01 12:21:20,037 - action_to_table - INFO - Processing file for function definitions: guided-workflow-backend\api\v2\services\external\prefect_api_service.py
2025-11-01 12:21:20,047 - action_to_table - INFO - Processing file for function definitions: guided-workflow-backend\api\v2\services\external\prefect_flow_service.py
2025-11-01 12:21:20,062 - action_to_table - INFO - Processing file for function definitions: guided-workflow-backend\api\v2\services\external\prefect_v3_flow_service.py
2025-11-01 12:21:20,126 - action_to_table - INFO - Processing file for function definitions: guided-workflow-backend\api\v2\services\external\__init__.py
2025-11-01 12:21:20,128 - action_to_table - INFO - Processing file for function definitions: guided-workflow-backend\api\v2\services\readability\canvas.py
2025-11-01 12:21:20,138 - action_to_table - INFO - Processing file for function definitions: guided-workflow-backend\api\v2\services\readability\__init__.py
2025-11-01 12:21:20,143 - action_to_table - INFO - Processing file for function definitions: guided-workflow-backend\scripts\generate_ddl.py
2025-11-01 12:21:20,148 - action_to_table - INFO - Processing file for function definitions: guided-workflow-backend\scripts\cognito\sync_cognito_group.py
2025-11-01 12:21:20,155 - action_to_table - INFO - Processing file for function definitions: guided-workflow-backend\scripts\prefect\prefect_query.py
2025-11-01 12:21:20,161 - action_to_table - INFO - Processing file for function definitions: guided-workflow-backend\tests\conftest.py
2025-11-01 12:21:20,166 - action_to_table - INFO - Processing file for function definitions: guided-workflow-backend\tests\test_canvas_readability.py
2025-11-01 12:21:20,172 - action_to_table - INFO - Processing file for function definitions: guided-workflow-backend\tests\test_completion_due_date_integration.py
2025-11-01 12:21:20,176 - action_to_table - INFO - Processing file for function definitions: guided-workflow-backend\tests\test_contracts_queries.py
2025-11-01 12:21:20,179 - action_to_table - INFO - Processing file for function definitions: guided-workflow-backend\tests\test_datetime_to_db_datetime.py
2025-11-01 12:21:20,183 - action_to_table - INFO - Processing file for function definitions: guided-workflow-backend\tests\test_dc_types.py
2025-11-01 12:21:20,186 - action_to_table - INFO - Processing file for function definitions: guided-workflow-backend\tests\test_ddl_action_parsing.py
2025-11-01 12:21:20,189 - action_to_table - INFO - Processing file for function definitions: guided-workflow-backend\tests\test_ea_entries_sdp.py
2025-11-01 12:21:20,191 - action_to_table - INFO - Processing file for function definitions: guided-workflow-backend\tests\test_engagements.py
2025-11-01 12:21:20,195 - action_to_table - INFO - Processing file for function definitions: guided-workflow-backend\tests\test_generic_links.py
2025-11-01 12:21:20,197 - action_to_table - INFO - Processing file for function definitions: guided-workflow-backend\tests\test_health_check.py
2025-11-01 12:21:20,202 - action_to_table - INFO - Processing file for function definitions: guided-workflow-backend\tests\test_json_settings.py
2025-11-01 12:21:20,206 - action_to_table - INFO - Processing file for function definitions: guided-workflow-backend\tests\test_parse_json_into_table.py
2025-11-01 12:21:20,209 - action_to_table - INFO - Processing file for function definitions: guided-workflow-backend\tests\test_prefect_v3_service.py
2025-11-01 12:21:20,219 - action_to_table - INFO - Processing file for function definitions: guided-workflow-backend\tests\test_queries.py
2025-11-01 12:21:20,222 - action_to_table - INFO - Processing file for function definitions: guided-workflow-backend\tests\test_routes.py
2025-11-01 12:21:20,224 - action_to_table - INFO - Processing file for function definitions: guided-workflow-backend\tests\test_sales_level_queries.py
2025-11-01 12:21:20,231 - action_to_table - INFO - Processing file for function definitions: guided-workflow-backend\tests\test_secrets_manager_source.py
2025-11-01 12:21:20,234 - action_to_table - INFO - Processing file for function definitions: guided-workflow-backend\tests\test_sql_scripts.py
2025-11-01 12:21:20,237 - action_to_table - INFO - Processing file for function definitions: guided-workflow-backend\tests\test_support_case.py
2025-11-01 12:21:20,241 - action_to_table - INFO - Processing file for function definitions: guided-workflow-backend\tests\test_ts_request_merge.py
2025-11-01 12:21:20,245 - action_to_table - INFO - Processing file for function definitions: guided-workflow-backend\tests\test_utils.py
2025-11-01 12:21:20,250 - action_to_table - INFO - Processing file for function definitions: guided-workflow-backend\tests\test_validators.py
2025-11-01 12:21:20,256 - action_to_table - INFO - Processing file for function definitions: guided-workflow-backend\tests\utils.py
2025-11-01 12:21:20,260 - action_to_table - INFO - Processing file for function definitions: guided-workflow-backend\tests\benchmarks\test_notification_benchmark.py
2025-11-01 12:21:20,267 - action_to_table - INFO - Processing file for function definitions: guided-workflow-backend\tests\canvas\conftest.py
2025-11-01 12:21:20,271 - action_to_table - INFO - Processing file for function definitions: guided-workflow-backend\tests\canvas\test_canvas_bg_parameters.py
2025-11-01 12:21:20,276 - action_to_table - INFO - Processing file for function definitions: guided-workflow-backend\tests\canvas\test_canvas_enable.py
2025-11-01 12:21:20,283 - action_to_table - INFO - Processing file for function definitions: guided-workflow-backend\tests\canvas\test_canvas_model.py
2025-11-01 12:21:20,286 - action_to_table - INFO - Processing file for function definitions: guided-workflow-backend\tests\canvas\test_snapshots.py
2025-11-01 12:21:20,290 - action_to_table - INFO - Processing file for function definitions: guided-workflow-backend\tests\test_bookings\test_booking_cxea_overrides.py
2025-11-01 12:21:20,305 - action_to_table - INFO - Processing file for function definitions: guided-workflow-backend\tests\test_bookings\test_booking_dc_types_shift.py
2025-11-01 12:21:20,309 - action_to_table - INFO - Processing file for function definitions: guided-workflow-backend\tests\test_bookings\test_claimed_bookings.py
2025-11-01 12:21:20,317 - action_to_table - INFO - Processing file for function definitions: guided-workflow-backend\tests\test_bookings\test_fetch_booking_types_dep.py
2025-11-01 12:21:20,319 - action_to_table - INFO - Processing file for function definitions: guided-workflow-backend\tests\test_bookings\test_permissions.py
2025-11-01 12:21:20,324 - action_to_table - INFO - Processing file for function definitions: guided-workflow-backend\tests\test_bookings\test_sdp_for_booking.py
2025-11-01 12:21:20,340 - action_to_table - INFO - Processing file for function definitions: guided-workflow-backend\tests\test_bookings\test_unclaimed_bookings.py
2025-11-01 12:21:20,345 - action_to_table - INFO - Processing file for function definitions: guided-workflow-backend\tests\test_macd_workflows\test_macd_data_parsing.py
2025-11-01 12:21:20,348 - action_to_table - INFO - Processing file for function definitions: guided-workflow-backend\tests\test_macd_workflows\test_macd_registry.py
2025-11-01 12:21:20,354 - action_to_table - INFO - Processing file for function definitions: guided-workflow-backend\tests\test_macd_workflows\test_model_registry.py
2025-11-01 12:21:20,361 - action_to_table - INFO - Processing file for function definitions: guided-workflow-backend\tests\test_manager\conftest.py
2025-11-01 12:21:20,365 - action_to_table - INFO - Processing file for function definitions: guided-workflow-backend\tests\test_manager\test_super_customer.py
2025-11-01 12:21:20,387 - action_to_table - INFO - Processing file for function definitions: guided-workflow-backend\tests\test_sdp\test_admin_sdp.py
2025-11-01 12:21:20,391 - action_to_table - INFO - Processing file for function definitions: guided-workflow-backend\tests\test_sdp\test_get_weekly_date_range.py
2025-11-01 12:21:20,395 - action_to_table - INFO - Processing file for function definitions: guided-workflow-backend\tests\test_sdp\test_sdp_due_date_integration.py
2025-11-01 12:21:20,455 - action_to_table - INFO - Processing file for function definitions: guided-workflow-backend\tests\test_sdp\test_user_sdp.py
2025-11-01 12:21:20,471 - action_to_table - INFO - Collected 1270 function definitions
2025-11-01 12:24:25,516 - __main__ - INFO - Generating Enhanced Table-Column Relationship CSV
2025-11-01 12:24:25,517 - __main__ - INFO - ============================================================
2025-11-01 12:24:25,517 - __main__ - INFO - Step 1: Extracting table-column information...
2025-11-01 12:24:25,518 - __main__ - INFO - Extracting detailed table-column information...
2025-11-01 12:24:25,922 - __main__ - INFO - Found 78 tables with column details
2025-11-01 12:24:25,923 - __main__ - INFO - Found 74 response models
2025-11-01 12:24:25,923 - __main__ - INFO - Step 2: Analyzing frontend...
2025-11-01 12:24:27,067 - __main__ - INFO - Found 175 frontend API calls
2025-11-01 12:24:27,069 - __main__ - INFO - Step 3: Analyzing backend...
2025-11-01 12:24:27,447 - action_to_table - INFO - Found 86 known tables
2025-11-01 12:24:28,819 - action_to_table - INFO - Collected 1270 function definitions
2025-11-01 12:24:28,821 - action_to_table - INFO - Parsing file: guided-workflow-backend\api\v2\routers\announcements.py
2025-11-01 12:25:35,514 - __main__ - INFO - Generating Enhanced Table-Column Relationship CSV
2025-11-01 12:25:35,516 - __main__ - INFO - ============================================================
2025-11-01 12:25:35,517 - __main__ - INFO - Step 1: Extracting table-column information...
2025-11-01 12:25:35,517 - __main__ - INFO - Extracting detailed table-column information...
2025-11-01 12:25:35,859 - __main__ - INFO - Found 78 tables with column details
2025-11-01 12:25:35,860 - __main__ - INFO - Found 74 response models
2025-11-01 12:25:35,861 - __main__ - INFO - Step 2: Analyzing frontend...
2025-11-01 12:25:36,814 - __main__ - INFO - Found 175 frontend API calls
2025-11-01 12:25:36,815 - __main__ - INFO - Step 3: Analyzing backend...
2025-11-01 12:25:36,981 - action_to_table - INFO - Found 86 known tables
2025-11-01 12:25:38,066 - action_to_table - INFO - Collected 1270 function definitions
2025-11-01 12:25:38,067 - action_to_table - INFO - Parsing file: announcements.py
2025-11-01 12:26:05,748 - action_to_table - INFO - Parsing file: canvas.py
2025-11-01 12:26:15,278 - action_to_table - INFO - Parsing file: contracts.py
2025-11-01 12:26:18,507 - action_to_table - INFO - Parsing file: dc_types.py
2025-11-01 12:26:20,549 - action_to_table - INFO - Parsing file: engagements.py
2025-11-01 12:26:26,259 - __main__ - INFO - Generating Enhanced Table-Column Relationship CSV
2025-11-01 12:26:26,260 - __main__ - INFO - ============================================================
2025-11-01 12:26:26,261 - __main__ - INFO - Step 1: Extracting table-column information...
2025-11-01 12:26:26,262 - __main__ - INFO - Extracting detailed table-column information...
2025-11-01 12:26:26,495 - __main__ - INFO - Found 78 tables with column details
2025-11-01 12:26:26,495 - __main__ - INFO - Found 74 response models
2025-11-01 12:26:26,496 - __main__ - INFO - Step 2: Analyzing frontend...
2025-11-01 12:26:27,071 - __main__ - INFO - Found 175 frontend API calls
2025-11-01 12:26:27,072 - __main__ - INFO - Step 3: Analyzing backend...
2025-11-01 12:26:27,186 - action_to_table - INFO - Found 86 known tables
2025-11-01 12:26:28,047 - action_to_table - INFO - Collected 1270 function definitions
2025-11-01 12:26:28,048 - action_to_table - INFO - Parsing file: guided-workflow-backend\api\v2\routers\announcements.py
2025-11-01 12:26:51,769 - action_to_table - INFO - Parsing file: guided-workflow-backend\api\v2\routers\canvas.py
2025-11-01 12:26:56,929 - action_to_table - INFO - Parsing file: guided-workflow-backend\api\v2\routers\contracts.py
2025-11-01 12:26:59,066 - action_to_table - INFO - Parsing file: guided-workflow-backend\api\v2\routers\dc_types.py
2025-11-01 12:27:00,346 - action_to_table - INFO - Parsing file: guided-workflow-backend\api\v2\routers\engagements.py
2025-11-01 12:32:27,066 - __main__ - INFO - Generating Enhanced Table-Column Relationship CSV
2025-11-01 12:32:27,067 - __main__ - INFO - ============================================================
2025-11-01 12:32:27,067 - __main__ - INFO - Step 1: Extracting table-column information...
2025-11-01 12:32:27,067 - __main__ - INFO - Extracting detailed table-column information...
2025-11-01 12:32:27,234 - __main__ - INFO - Found 78 tables with column details
2025-11-01 12:32:27,235 - __main__ - INFO - Found 74 response models
2025-11-01 12:32:27,235 - __main__ - INFO - Step 2: Analyzing frontend...
2025-11-01 12:32:27,674 - __main__ - INFO - Found 175 frontend API calls
2025-11-01 12:32:27,675 - __main__ - INFO - Step 3: Analyzing backend...
2025-11-01 12:32:27,745 - action_to_table - INFO - Found 86 known tables
2025-11-01 12:32:28,247 - action_to_table - INFO - Collected 1270 function definitions
2025-11-01 12:32:28,248 - action_to_table - INFO - Parsing file: guided-workflow-backend\api\v2\routers\announcements.py
2025-11-01 12:32:51,356 - action_to_table - INFO - Parsing file: guided-workflow-backend\api\v2\routers\canvas.py
2025-11-01 12:32:55,397 - action_to_table - INFO - Parsing file: guided-workflow-backend\api\v2\routers\contracts.py
2025-11-01 12:32:56,905 - action_to_table - INFO - Parsing file: guided-workflow-backend\api\v2\routers\dc_types.py
2025-11-01 12:32:58,080 - action_to_table - INFO - Parsing file: guided-workflow-backend\api\v2\routers\engagements.py
2025-11-01 12:33:00,573 - action_to_table - INFO - Parsing file: guided-workflow-backend\api\v2\routers\file_management.py
2025-11-01 12:33:02,265 - action_to_table - INFO - Parsing file: guided-workflow-backend\api\v2\routers\links.py
2025-11-01 12:33:04,604 - action_to_table - INFO - Parsing file: guided-workflow-backend\api\v2\routers\stakeholders.py
2025-11-01 12:33:06,744 - action_to_table - INFO - Parsing file: guided-workflow-backend\api\v2\routers\static.py
2025-11-01 12:33:07,753 - action_to_table - INFO - Parsing file: guided-workflow-backend\api\v2\routers\tags.py
2025-11-01 12:33:11,594 - action_to_table - INFO - Parsing file: guided-workflow-backend\api\v2\routers\tagsets.py
2025-11-01 12:33:17,691 - action_to_table - INFO - Parsing file: guided-workflow-backend\api\v2\routers\thought_spot.py
2025-11-01 12:33:25,488 - action_to_table - INFO - Parsing file: guided-workflow-backend\api\v2\routers\thought_spot_tag.py
2025-11-01 12:33:26,009 - action_to_table - INFO - Parsing file: guided-workflow-backend\api\v2\routers\users.py
2025-11-01 12:33:26,848 - action_to_table - INFO - Parsing file: guided-workflow-backend\api\v2\routers\user_defined_types.py
2025-11-01 12:33:32,306 - action_to_table - INFO - Parsing file: guided-workflow-backend\api\v2\routers\documentation\documentation.py
2025-11-01 12:33:35,983 - action_to_table - INFO - Parsing file: guided-workflow-backend\api\v2\routers\manager\assignments.py
2025-11-01 12:33:38,159 - action_to_table - INFO - Parsing file: guided-workflow-backend\api\v2\routers\manager\bookings.py
2025-11-01 12:33:38,640 - action_to_table - INFO - Parsing file: guided-workflow-backend\api\v2\routers\manager\bookings_common.py
2025-11-01 12:33:42,358 - action_to_table - INFO - Parsing file: guided-workflow-backend\api\v2\routers\manager\bookings_manager.py
2025-11-01 12:33:52,553 - action_to_table - INFO - Parsing file: guided-workflow-backend\api\v2\routers\manager\pool_manager.py
2025-11-01 12:33:53,202 - action_to_table - INFO - Parsing file: guided-workflow-backend\api\v2\routers\manager\sdp.py
2025-11-01 12:33:54,531 - action_to_table - INFO - Parsing file: guided-workflow-backend\api\v2\routers\manager\super_customers.py
2025-11-01 12:33:57,908 - action_to_table - INFO - Parsing file: guided-workflow-backend\api\v2\routers\manager\users.py
2025-11-01 12:34:04,104 - action_to_table - INFO - Parsing file: guided-workflow-backend\api\v2\routers\sdp\completions.py
2025-11-01 12:34:05,489 - action_to_table - INFO - Parsing file: guided-workflow-backend\api\v2\routers\sdp\deliverables.py
2025-11-01 12:34:08,990 - action_to_table - INFO - Parsing file: guided-workflow-backend\api\v2\routers\sdp\time_tracking.py
2025-11-01 12:34:10,601 - action_to_table - INFO - Parsing file: guided-workflow-backend\api\v2\routers\support\agent.py
2025-11-01 12:34:12,029 - action_to_table - INFO - Parsing file: guided-workflow-backend\api\v2\routers\support\user.py
2025-11-01 12:34:13,850 - action_to_table - INFO - Parsing file: guided-workflow-backend\api\v2\routers\workflows\actions.py
2025-11-01 12:34:15,595 - action_to_table - INFO - Parsing file: guided-workflow-backend\api\v2\routers\workflows\downloads.py
2025-11-01 12:34:16,569 - action_to_table - INFO - Parsing file: guided-workflow-backend\api\v2\routers\workflows\evidence_uploads.py
2025-11-01 12:34:18,288 - action_to_table - INFO - Parsing file: guided-workflow-backend\api\v2\routers\workflows\lookups.py
2025-11-01 12:34:30,453 - action_to_table - INFO - Parsing file: guided-workflow-backend\api\v2\routers\workflows\macd.py
2025-11-01 12:34:32,272 - action_to_table - INFO - Parsing file: guided-workflow-backend\api\v2\routers\workflows\notifications.py
2025-11-01 12:34:35,682 - action_to_table - INFO - Parsing file: guided-workflow-backend\api\v2\routers\workflows\sea_upload.py
2025-11-01 12:34:36,848 - action_to_table - INFO - Parsing file: guided-workflow-backend\api\v2\routers\workflows\signoff.py
2025-11-01 12:34:37,648 - action_to_table - INFO - Parsing file: guided-workflow-backend\api\v2\routers\workflows\workflow_tagging.py
2025-11-01 12:34:39,625 - action_to_table - INFO - Parsing file: guided-workflow-backend\api\v2\routers\admin\financial\contracts.py
2025-11-01 12:34:40,750 - action_to_table - INFO - Parsing file: guided-workflow-backend\api\v2\routers\admin\financial\revenue.py
2025-11-01 12:34:42,422 - action_to_table - INFO - Parsing file: guided-workflow-backend\api\v2\routers\admin\financial\unverified.py
2025-11-01 12:34:43,537 - action_to_table - INFO - Parsing file: guided-workflow-backend\api\v2\routers\admin\financial\verified.py
2025-11-01 12:34:49,053 - action_to_table - INFO - Parsing file: guided-workflow-backend\api\v2\routers\admin\sdp\deliverables.py
2025-11-01 12:34:51,291 - action_to_table - INFO - Parsing file: guided-workflow-backend\api\v2\routers\admin\sdp\lifecycles.py
2025-11-01 12:34:53,673 - action_to_table - INFO - Parsing file: guided-workflow-backend\api\v2\routers\admin\sdp\sdp.py
2025-11-01 12:34:54,348 - action_to_table - INFO - Parsing file: guided-workflow-backend\api\v2\routers\admin\sdp\subtasks.py
2025-11-01 12:34:56,418 - action_to_table - INFO - Parsing file: guided-workflow-backend\api\v2\routers\admin\sdp\tasks.py
2025-11-01 12:34:57,990 - __main__ - INFO - Found 187 backend routes
2025-11-01 12:34:57,990 - __main__ - INFO - Step 4: Creating API mappings...
2025-11-01 12:34:58,002 - __main__ - INFO - Created 175 mappings
2025-11-01 12:34:58,003 - __main__ - INFO - Step 5: Writing enhanced CSV: enhanced_table_column_mapping.csv
2025-11-01 12:34:58,011 - __main__ - INFO - Enhanced CSV Summary:
2025-11-01 12:34:58,012 - __main__ - INFO - Total API mappings: 175
2025-11-01 12:34:58,013 - __main__ - INFO - Matched endpoints: 175 (100.0%)
2025-11-01 12:34:58,013 - __main__ - INFO - With database tables: 164 (93.7%)
2025-11-01 12:34:58,014 - __main__ - INFO - With column details: 164 (93.7%)
2025-11-01 12:34:58,015 - __main__ - INFO - Total tables analyzed: 78
2025-11-01 12:34:58,015 - __main__ - INFO - Sample table-column mappings:
2025-11-01 12:34:58,016 - __main__ - INFO -   DC_CAM_TO_ENGAGEMENT: DC_ENGAGEMENT_ID, USER_ID
2025-11-01 12:34:58,016 - __main__ - INFO -   DC_CANVAS_HDR: CANVAS_DESC, CANVAS_ID, CANVAS_NAME, CANVAS_STATUS, CANVAS_TYPE (+9 more)
2025-11-01 12:34:58,017 - __main__ - INFO -   DC_DATA_SOURCES: DATE_SOURCED, DISPLAY_NAME, FILE_NAME, FILE_NUMBER, FILE_SOURCE (+7 more)
2025-11-01 12:34:58,017 - __main__ - INFO -   DC_SNAPSHOT_DATA: NAME, SNAPSHOT_DATE, SNAPSHOT_VERSION
2025-11-01 12:34:58,017 - __main__ - INFO -   DC_CONTRACT_ASSET_MGT_TYPES: AM_TYPE_ID, ASSET_MANAGEMENT_TYPE
2025-11-01 12:34:58,018 - __main__ - INFO - Enhanced CSV generated successfully: enhanced_table_column_mapping.csv
2025-11-01 13:29:02,247 - __main__ - INFO - Generating Enhanced Table-Column Relationship CSV
2025-11-01 13:29:02,247 - __main__ - INFO - ============================================================
2025-11-01 13:29:02,248 - __main__ - INFO - Step 1: Extracting table-column information...
2025-11-01 13:29:02,248 - __main__ - INFO - Extracting detailed table-column information...
2025-11-01 13:29:02,875 - __main__ - INFO - Found 78 tables with column details
2025-11-01 13:29:02,875 - __main__ - INFO - Found 74 response models
2025-11-01 13:29:02,876 - __main__ - INFO - Step 2: Analyzing frontend...
2025-11-01 13:29:03,195 - __main__ - INFO - Found 175 frontend API calls
2025-11-01 13:29:03,195 - __main__ - INFO - Step 3: Analyzing backend...
2025-11-01 13:29:03,269 - action_to_table - INFO - Found 86 known tables
2025-11-01 13:29:03,636 - action_to_table - INFO - Collected 1270 function definitions
2025-11-01 13:29:03,637 - action_to_table - INFO - Parsing file: guided-workflow-backend\api\v2\routers\announcements.py
2025-11-01 13:29:14,454 - action_to_table - INFO - Parsing file: guided-workflow-backend\api\v2\routers\canvas.py
2025-11-01 13:29:18,660 - action_to_table - INFO - Parsing file: guided-workflow-backend\api\v2\routers\contracts.py
2025-11-01 13:29:20,390 - action_to_table - INFO - Parsing file: guided-workflow-backend\api\v2\routers\dc_types.py
2025-11-01 13:29:21,520 - action_to_table - INFO - Parsing file: guided-workflow-backend\api\v2\routers\engagements.py
2025-11-01 13:29:23,727 - action_to_table - INFO - Parsing file: guided-workflow-backend\api\v2\routers\file_management.py
2025-11-01 13:29:25,494 - action_to_table - INFO - Parsing file: guided-workflow-backend\api\v2\routers\links.py
2025-11-01 13:29:30,319 - action_to_table - INFO - Parsing file: guided-workflow-backend\api\v2\routers\stakeholders.py
2025-11-01 13:29:36,142 - action_to_table - INFO - Parsing file: guided-workflow-backend\api\v2\routers\static.py
2025-11-01 13:29:38,041 - action_to_table - INFO - Parsing file: guided-workflow-backend\api\v2\routers\tags.py
2025-11-01 13:29:42,381 - action_to_table - INFO - Parsing file: guided-workflow-backend\api\v2\routers\tagsets.py
2025-11-01 13:29:47,689 - action_to_table - INFO - Parsing file: guided-workflow-backend\api\v2\routers\thought_spot.py
2025-11-01 13:29:55,608 - action_to_table - INFO - Parsing file: guided-workflow-backend\api\v2\routers\thought_spot_tag.py
2025-11-01 13:29:56,085 - action_to_table - INFO - Parsing file: guided-workflow-backend\api\v2\routers\users.py
2025-11-01 13:29:56,717 - action_to_table - INFO - Parsing file: guided-workflow-backend\api\v2\routers\user_defined_types.py
2025-11-01 13:30:01,933 - action_to_table - INFO - Parsing file: guided-workflow-backend\api\v2\routers\documentation\documentation.py
2025-11-01 13:30:05,295 - action_to_table - INFO - Parsing file: guided-workflow-backend\api\v2\routers\manager\assignments.py
2025-11-01 13:30:07,328 - action_to_table - INFO - Parsing file: guided-workflow-backend\api\v2\routers\manager\bookings.py
2025-11-01 13:30:08,076 - action_to_table - INFO - Parsing file: guided-workflow-backend\api\v2\routers\manager\bookings_common.py
2025-11-01 13:30:11,386 - action_to_table - INFO - Parsing file: guided-workflow-backend\api\v2\routers\manager\bookings_manager.py
2025-11-01 13:30:20,431 - action_to_table - INFO - Parsing file: guided-workflow-backend\api\v2\routers\manager\pool_manager.py
2025-11-01 13:30:21,913 - action_to_table - INFO - Parsing file: guided-workflow-backend\api\v2\routers\manager\sdp.py
2025-11-01 13:30:24,197 - action_to_table - INFO - Parsing file: guided-workflow-backend\api\v2\routers\manager\super_customers.py
2025-11-01 13:30:28,039 - action_to_table - INFO - Parsing file: guided-workflow-backend\api\v2\routers\manager\users.py
2025-11-01 13:30:34,269 - action_to_table - INFO - Parsing file: guided-workflow-backend\api\v2\routers\sdp\completions.py
2025-11-01 13:30:35,455 - action_to_table - INFO - Parsing file: guided-workflow-backend\api\v2\routers\sdp\deliverables.py
2025-11-01 13:30:38,459 - action_to_table - INFO - Parsing file: guided-workflow-backend\api\v2\routers\sdp\time_tracking.py
2025-11-01 13:30:39,544 - action_to_table - INFO - Parsing file: guided-workflow-backend\api\v2\routers\support\agent.py
2025-11-01 13:30:40,874 - action_to_table - INFO - Parsing file: guided-workflow-backend\api\v2\routers\support\user.py
2025-11-01 13:30:42,902 - action_to_table - INFO - Parsing file: guided-workflow-backend\api\v2\routers\workflows\actions.py
2025-11-01 13:30:45,075 - action_to_table - INFO - Parsing file: guided-workflow-backend\api\v2\routers\workflows\downloads.py
2025-11-01 13:30:45,906 - action_to_table - INFO - Parsing file: guided-workflow-backend\api\v2\routers\workflows\evidence_uploads.py
2025-11-01 13:30:47,790 - action_to_table - INFO - Parsing file: guided-workflow-backend\api\v2\routers\workflows\lookups.py
2025-11-01 13:31:00,051 - action_to_table - INFO - Parsing file: guided-workflow-backend\api\v2\routers\workflows\macd.py
2025-11-01 13:31:02,181 - action_to_table - INFO - Parsing file: guided-workflow-backend\api\v2\routers\workflows\notifications.py
2025-11-01 13:31:05,504 - action_to_table - INFO - Parsing file: guided-workflow-backend\api\v2\routers\workflows\sea_upload.py
2025-11-01 13:31:06,613 - action_to_table - INFO - Parsing file: guided-workflow-backend\api\v2\routers\workflows\signoff.py
2025-11-01 13:31:07,443 - action_to_table - INFO - Parsing file: guided-workflow-backend\api\v2\routers\workflows\workflow_tagging.py
2025-11-01 13:31:09,570 - action_to_table - INFO - Parsing file: guided-workflow-backend\api\v2\routers\admin\financial\contracts.py
2025-11-01 13:31:10,594 - action_to_table - INFO - Parsing file: guided-workflow-backend\api\v2\routers\admin\financial\revenue.py
2025-11-01 13:31:12,202 - action_to_table - INFO - Parsing file: guided-workflow-backend\api\v2\routers\admin\financial\unverified.py
2025-11-01 13:31:13,318 - action_to_table - INFO - Parsing file: guided-workflow-backend\api\v2\routers\admin\financial\verified.py
2025-11-01 13:31:19,553 - action_to_table - INFO - Parsing file: guided-workflow-backend\api\v2\routers\admin\sdp\deliverables.py
2025-11-01 13:31:22,218 - action_to_table - INFO - Parsing file: guided-workflow-backend\api\v2\routers\admin\sdp\lifecycles.py
2025-11-01 13:31:26,384 - action_to_table - INFO - Parsing file: guided-workflow-backend\api\v2\routers\admin\sdp\sdp.py
2025-11-01 13:31:27,480 - action_to_table - INFO - Parsing file: guided-workflow-backend\api\v2\routers\admin\sdp\subtasks.py
2025-11-01 13:31:29,978 - action_to_table - INFO - Parsing file: guided-workflow-backend\api\v2\routers\admin\sdp\tasks.py
2025-11-01 13:31:31,632 - __main__ - INFO - Found 187 backend routes
2025-11-01 13:31:31,633 - __main__ - INFO - Step 4: Creating API mappings...
2025-11-01 13:31:31,655 - __main__ - INFO - Created 175 mappings
2025-11-01 13:31:31,656 - __main__ - INFO - Step 5: Writing enhanced CSV: enhanced_table_column_mapping.csv
2025-11-01 13:31:31,783 - __main__ - INFO - Enhanced CSV Summary:
2025-11-01 13:31:31,783 - __main__ - INFO - Total API mappings: 175
2025-11-01 13:31:31,784 - __main__ - INFO - Matched endpoints: 175 (100.0%)
2025-11-01 13:31:31,784 - __main__ - INFO - With database tables: 164 (93.7%)
2025-11-01 13:31:31,784 - __main__ - INFO - With column details: 164 (93.7%)
2025-11-01 13:31:31,784 - __main__ - INFO - Total tables analyzed: 78
2025-11-01 13:31:31,785 - __main__ - INFO - Sample table-column mappings:
2025-11-01 13:31:31,785 - __main__ - INFO -   DC_CAM_TO_ENGAGEMENT: DC_ENGAGEMENT_ID, USER_ID
2025-11-01 13:31:31,785 - __main__ - INFO -   DC_CANVAS_HDR: CANVAS_DESC, CANVAS_ID, CANVAS_NAME, CANVAS_STATUS, CANVAS_TYPE (+9 more)
2025-11-01 13:31:31,786 - __main__ - INFO -   DC_DATA_SOURCES: DATE_SOURCED, DISPLAY_NAME, FILE_NAME, FILE_NUMBER, FILE_SOURCE (+7 more)
2025-11-01 13:31:31,786 - __main__ - INFO -   DC_SNAPSHOT_DATA: NAME, SNAPSHOT_DATE, SNAPSHOT_VERSION
2025-11-01 13:31:31,786 - __main__ - INFO -   DC_CONTRACT_ASSET_MGT_TYPES: AM_TYPE_ID, ASSET_MANAGEMENT_TYPE
2025-11-01 13:31:31,786 - __main__ - INFO - Enhanced CSV generated successfully: enhanced_table_column_mapping.csv
2025-11-01 14:11:39,543 - __main__ - INFO - Generating Enhanced Table-Column Relationship CSV
2025-11-01 14:11:39,544 - __main__ - INFO - ============================================================
2025-11-01 14:11:39,544 - __main__ - INFO - Step 1: Extracting table-column information...
2025-11-01 14:11:39,545 - __main__ - INFO - Extracting detailed table-column information...
2025-11-01 14:11:40,595 - __main__ - INFO - Found 78 tables with column details
2025-11-01 14:11:40,595 - __main__ - INFO - Found 98 response models
2025-11-01 14:11:40,596 - __main__ - INFO - Step 2: Analyzing frontend...
2025-11-01 14:11:41,172 - __main__ - INFO - Found 175 frontend API calls
2025-11-01 14:11:41,173 - __main__ - INFO - Step 3: Analyzing backend...
2025-11-01 14:11:41,280 - action_to_table - INFO - Found 86 known tables
2025-11-01 14:11:41,876 - action_to_table - INFO - Collected 1270 function definitions
2025-11-01 14:11:41,877 - action_to_table - INFO - Parsing file: guided-workflow-backend\api\v2\routers\announcements.py
2025-11-01 14:11:56,827 - action_to_table - INFO - Parsing file: guided-workflow-backend\api\v2\routers\canvas.py
2025-11-01 14:12:01,471 - action_to_table - INFO - Parsing file: guided-workflow-backend\api\v2\routers\contracts.py
2025-11-01 14:12:04,489 - action_to_table - INFO - Parsing file: guided-workflow-backend\api\v2\routers\dc_types.py
2025-11-01 14:12:05,718 - action_to_table - INFO - Parsing file: guided-workflow-backend\api\v2\routers\engagements.py
2025-11-01 14:12:08,352 - action_to_table - INFO - Parsing file: guided-workflow-backend\api\v2\routers\file_management.py
2025-11-01 14:12:10,515 - action_to_table - INFO - Parsing file: guided-workflow-backend\api\v2\routers\links.py
2025-11-01 14:12:13,057 - action_to_table - INFO - Parsing file: guided-workflow-backend\api\v2\routers\stakeholders.py
2025-11-01 14:12:15,231 - action_to_table - INFO - Parsing file: guided-workflow-backend\api\v2\routers\static.py
2025-11-01 14:12:16,173 - action_to_table - INFO - Parsing file: guided-workflow-backend\api\v2\routers\tags.py
2025-11-01 14:12:20,268 - action_to_table - INFO - Parsing file: guided-workflow-backend\api\v2\routers\tagsets.py
2025-11-01 14:12:25,539 - action_to_table - INFO - Parsing file: guided-workflow-backend\api\v2\routers\thought_spot.py
2025-11-01 14:12:33,076 - action_to_table - INFO - Parsing file: guided-workflow-backend\api\v2\routers\thought_spot_tag.py
2025-11-01 14:12:33,588 - action_to_table - INFO - Parsing file: guided-workflow-backend\api\v2\routers\users.py
2025-11-01 14:12:34,245 - action_to_table - INFO - Parsing file: guided-workflow-backend\api\v2\routers\user_defined_types.py
2025-11-01 14:12:39,423 - action_to_table - INFO - Parsing file: guided-workflow-backend\api\v2\routers\documentation\documentation.py
2025-11-01 14:12:43,223 - action_to_table - INFO - Parsing file: guided-workflow-backend\api\v2\routers\manager\assignments.py
2025-11-01 14:12:45,582 - action_to_table - INFO - Parsing file: guided-workflow-backend\api\v2\routers\manager\bookings.py
2025-11-01 14:12:46,257 - action_to_table - INFO - Parsing file: guided-workflow-backend\api\v2\routers\manager\bookings_common.py
2025-11-01 14:12:49,920 - action_to_table - INFO - Parsing file: guided-workflow-backend\api\v2\routers\manager\bookings_manager.py
2025-11-01 14:12:58,449 - action_to_table - INFO - Parsing file: guided-workflow-backend\api\v2\routers\manager\pool_manager.py
2025-11-01 14:12:58,928 - action_to_table - INFO - Parsing file: guided-workflow-backend\api\v2\routers\manager\sdp.py
2025-11-01 14:13:00,168 - action_to_table - INFO - Parsing file: guided-workflow-backend\api\v2\routers\manager\super_customers.py
2025-11-01 14:13:03,172 - action_to_table - INFO - Parsing file: guided-workflow-backend\api\v2\routers\manager\users.py
2025-11-01 14:13:09,359 - action_to_table - INFO - Parsing file: guided-workflow-backend\api\v2\routers\sdp\completions.py
2025-11-01 14:13:10,904 - action_to_table - INFO - Parsing file: guided-workflow-backend\api\v2\routers\sdp\deliverables.py
2025-11-01 14:13:13,870 - action_to_table - INFO - Parsing file: guided-workflow-backend\api\v2\routers\sdp\time_tracking.py
2025-11-01 14:13:15,183 - action_to_table - INFO - Parsing file: guided-workflow-backend\api\v2\routers\support\agent.py
2025-11-01 14:13:16,786 - action_to_table - INFO - Parsing file: guided-workflow-backend\api\v2\routers\support\user.py
2025-11-01 14:13:18,672 - action_to_table - INFO - Parsing file: guided-workflow-backend\api\v2\routers\workflows\actions.py
2025-11-01 14:13:20,711 - action_to_table - INFO - Parsing file: guided-workflow-backend\api\v2\routers\workflows\downloads.py
2025-11-01 14:13:21,624 - action_to_table - INFO - Parsing file: guided-workflow-backend\api\v2\routers\workflows\evidence_uploads.py
2025-11-01 14:13:23,295 - action_to_table - INFO - Parsing file: guided-workflow-backend\api\v2\routers\workflows\lookups.py
2025-11-01 14:13:35,147 - action_to_table - INFO - Parsing file: guided-workflow-backend\api\v2\routers\workflows\macd.py
2025-11-01 14:13:37,446 - action_to_table - INFO - Parsing file: guided-workflow-backend\api\v2\routers\workflows\notifications.py
2025-11-01 14:13:44,554 - action_to_table - INFO - Parsing file: guided-workflow-backend\api\v2\routers\workflows\sea_upload.py
2025-11-01 14:13:46,021 - action_to_table - INFO - Parsing file: guided-workflow-backend\api\v2\routers\workflows\signoff.py
2025-11-01 14:13:46,761 - action_to_table - INFO - Parsing file: guided-workflow-backend\api\v2\routers\workflows\workflow_tagging.py
2025-11-01 14:13:49,108 - action_to_table - INFO - Parsing file: guided-workflow-backend\api\v2\routers\admin\financial\contracts.py
2025-11-01 14:13:50,631 - action_to_table - INFO - Parsing file: guided-workflow-backend\api\v2\routers\admin\financial\revenue.py
2025-11-01 14:13:52,756 - action_to_table - INFO - Parsing file: guided-workflow-backend\api\v2\routers\admin\financial\unverified.py
2025-11-01 14:13:54,519 - action_to_table - INFO - Parsing file: guided-workflow-backend\api\v2\routers\admin\financial\verified.py
2025-11-01 14:14:03,253 - action_to_table - INFO - Parsing file: guided-workflow-backend\api\v2\routers\admin\sdp\deliverables.py
2025-11-01 14:14:06,415 - action_to_table - INFO - Parsing file: guided-workflow-backend\api\v2\routers\admin\sdp\lifecycles.py
2025-11-01 14:14:09,043 - action_to_table - INFO - Parsing file: guided-workflow-backend\api\v2\routers\admin\sdp\sdp.py
2025-11-01 14:14:10,151 - action_to_table - INFO - Parsing file: guided-workflow-backend\api\v2\routers\admin\sdp\subtasks.py
2025-11-01 14:14:13,697 - action_to_table - INFO - Parsing file: guided-workflow-backend\api\v2\routers\admin\sdp\tasks.py
2025-11-01 14:14:16,173 - __main__ - INFO - Found 187 backend routes
2025-11-01 14:14:16,173 - __main__ - INFO - Step 4: Creating API mappings...
2025-11-01 14:14:16,182 - __main__ - INFO - Created 175 mappings
2025-11-01 14:14:16,182 - __main__ - INFO - Step 5: Writing enhanced CSV: enhanced_table_column_mapping.csv
2025-11-01 14:14:16,311 - __main__ - INFO - Enhanced CSV Summary:
2025-11-01 14:14:16,312 - __main__ - INFO - Total API mappings: 175
2025-11-01 14:14:16,312 - __main__ - INFO - Matched endpoints: 175 (100.0%)
2025-11-01 14:14:16,313 - __main__ - INFO - With database tables: 164 (93.7%)
2025-11-01 14:14:16,313 - __main__ - INFO - With column details: 164 (93.7%)
2025-11-01 14:14:16,314 - __main__ - INFO - Total tables analyzed: 78
2025-11-01 14:14:16,314 - __main__ - INFO - Sample table-column mappings:
2025-11-01 14:14:16,315 - __main__ - INFO -   DC_CAM_TO_ENGAGEMENT: DC_ENGAGEMENT_ID, USER_ID
2025-11-01 14:14:16,315 - __main__ - INFO -   DC_CANVAS_HDR: CANVAS_DESC, CANVAS_ID, CANVAS_NAME, CANVAS_STATUS, CANVAS_TYPE (+9 more)
2025-11-01 14:14:16,315 - __main__ - INFO -   DC_DATA_SOURCES: DATE_SOURCED, DISPLAY_NAME, FILE_NAME, FILE_NUMBER, FILE_SOURCE (+7 more)
2025-11-01 14:14:16,316 - __main__ - INFO -   DC_SNAPSHOT_DATA: NAME, SNAPSHOT_DATE, SNAPSHOT_VERSION
2025-11-01 14:14:16,316 - __main__ - INFO -   DC_CONTRACT_ASSET_MGT_TYPES: AM_TYPE_ID, ASSET_MANAGEMENT_TYPE
2025-11-01 14:14:16,317 - __main__ - INFO - Enhanced CSV generated successfully: enhanced_table_column_mapping.csv
2025-11-02 09:31:15,282 - __main__ - INFO - Generating Enhanced Table-Column Relationship CSV
2025-11-02 09:31:15,282 - __main__ - INFO - ============================================================
2025-11-02 09:31:15,282 - __main__ - INFO - Step 1: Extracting table-column information...
2025-11-02 09:31:15,283 - __main__ - INFO - Extracting detailed table-column information...
2025-11-02 09:31:15,435 - __main__ - INFO - Found 78 tables with column details
2025-11-02 09:31:15,435 - __main__ - INFO - Found 74 response models
2025-11-02 09:31:15,435 - __main__ - INFO - Step 2: Analyzing frontend...
2025-11-02 09:31:15,747 - __main__ - INFO - Found 175 frontend API calls
2025-11-02 09:31:15,748 - __main__ - INFO - Step 3: Analyzing backend...
2025-11-02 09:31:15,798 - action_to_table - INFO - Found 86 known tables
2025-11-02 09:31:16,156 - action_to_table - INFO - Collected 1270 function definitions
2025-11-02 09:31:16,157 - action_to_table - INFO - Parsing file: guided-workflow-backend\api\v2\routers\announcements.py
2025-11-02 09:31:26,644 - action_to_table - INFO - Parsing file: guided-workflow-backend\api\v2\routers\canvas.py
2025-11-02 09:31:31,762 - action_to_table - INFO - Parsing file: guided-workflow-backend\api\v2\routers\contracts.py
2025-11-02 09:31:33,856 - action_to_table - INFO - Parsing file: guided-workflow-backend\api\v2\routers\dc_types.py
2025-11-02 09:31:35,461 - action_to_table - INFO - Parsing file: guided-workflow-backend\api\v2\routers\engagements.py
2025-11-02 09:31:38,368 - action_to_table - INFO - Parsing file: guided-workflow-backend\api\v2\routers\file_management.py
2025-11-02 09:31:40,253 - action_to_table - INFO - Parsing file: guided-workflow-backend\api\v2\routers\links.py
2025-11-02 09:31:44,590 - action_to_table - INFO - Parsing file: guided-workflow-backend\api\v2\routers\stakeholders.py
2025-11-02 09:31:47,278 - action_to_table - INFO - Parsing file: guided-workflow-backend\api\v2\routers\static.py
2025-11-02 09:31:48,421 - action_to_table - INFO - Parsing file: guided-workflow-backend\api\v2\routers\tags.py
2025-11-02 09:31:52,845 - action_to_table - INFO - Parsing file: guided-workflow-backend\api\v2\routers\tagsets.py
2025-11-02 09:31:59,216 - action_to_table - INFO - Parsing file: guided-workflow-backend\api\v2\routers\thought_spot.py
2025-11-02 09:32:09,691 - action_to_table - INFO - Parsing file: guided-workflow-backend\api\v2\routers\thought_spot_tag.py
2025-11-02 09:32:10,391 - action_to_table - INFO - Parsing file: guided-workflow-backend\api\v2\routers\users.py
2025-11-02 09:32:11,485 - action_to_table - INFO - Parsing file: guided-workflow-backend\api\v2\routers\user_defined_types.py
2025-11-02 09:32:21,844 - action_to_table - INFO - Parsing file: guided-workflow-backend\api\v2\routers\documentation\documentation.py
2025-11-02 09:32:29,426 - action_to_table - INFO - Parsing file: guided-workflow-backend\api\v2\routers\manager\assignments.py
2025-11-02 09:32:33,256 - action_to_table - INFO - Parsing file: guided-workflow-backend\api\v2\routers\manager\bookings.py
2025-11-02 09:32:34,256 - action_to_table - INFO - Parsing file: guided-workflow-backend\api\v2\routers\manager\bookings_common.py
2025-11-02 09:32:38,639 - action_to_table - INFO - Parsing file: guided-workflow-backend\api\v2\routers\manager\bookings_manager.py
2025-11-02 09:32:49,099 - action_to_table - INFO - Parsing file: guided-workflow-backend\api\v2\routers\manager\pool_manager.py
2025-11-02 09:32:49,666 - action_to_table - INFO - Parsing file: guided-workflow-backend\api\v2\routers\manager\sdp.py
2025-11-02 09:32:51,021 - action_to_table - INFO - Parsing file: guided-workflow-backend\api\v2\routers\manager\super_customers.py
2025-11-02 09:32:54,792 - action_to_table - INFO - Parsing file: guided-workflow-backend\api\v2\routers\manager\users.py
2025-11-02 09:33:01,546 - action_to_table - INFO - Parsing file: guided-workflow-backend\api\v2\routers\sdp\completions.py
2025-11-02 09:33:03,154 - action_to_table - INFO - Parsing file: guided-workflow-backend\api\v2\routers\sdp\deliverables.py
2025-11-02 09:33:06,305 - action_to_table - INFO - Parsing file: guided-workflow-backend\api\v2\routers\sdp\time_tracking.py
2025-11-02 09:33:08,089 - action_to_table - INFO - Parsing file: guided-workflow-backend\api\v2\routers\support\agent.py
2025-11-02 09:33:09,693 - action_to_table - INFO - Parsing file: guided-workflow-backend\api\v2\routers\support\user.py
2025-11-02 09:33:11,939 - action_to_table - INFO - Parsing file: guided-workflow-backend\api\v2\routers\workflows\actions.py
2025-11-02 09:33:14,090 - action_to_table - INFO - Parsing file: guided-workflow-backend\api\v2\routers\workflows\downloads.py
2025-11-02 09:33:15,185 - action_to_table - INFO - Parsing file: guided-workflow-backend\api\v2\routers\workflows\evidence_uploads.py
2025-11-02 09:33:17,001 - action_to_table - INFO - Parsing file: guided-workflow-backend\api\v2\routers\workflows\lookups.py
2025-11-02 09:33:31,506 - action_to_table - INFO - Parsing file: guided-workflow-backend\api\v2\routers\workflows\macd.py
2025-11-02 09:33:33,371 - action_to_table - INFO - Parsing file: guided-workflow-backend\api\v2\routers\workflows\notifications.py
2025-11-02 09:33:37,034 - action_to_table - INFO - Parsing file: guided-workflow-backend\api\v2\routers\workflows\sea_upload.py
2025-11-02 09:33:38,334 - action_to_table - INFO - Parsing file: guided-workflow-backend\api\v2\routers\workflows\signoff.py
2025-11-02 09:33:39,114 - action_to_table - INFO - Parsing file: guided-workflow-backend\api\v2\routers\workflows\workflow_tagging.py
2025-11-02 09:33:41,306 - action_to_table - INFO - Parsing file: guided-workflow-backend\api\v2\routers\admin\financial\contracts.py
2025-11-02 09:33:42,756 - action_to_table - INFO - Parsing file: guided-workflow-backend\api\v2\routers\admin\financial\revenue.py
2025-11-02 09:33:44,578 - action_to_table - INFO - Parsing file: guided-workflow-backend\api\v2\routers\admin\financial\unverified.py
2025-11-02 09:33:45,961 - action_to_table - INFO - Parsing file: guided-workflow-backend\api\v2\routers\admin\financial\verified.py
2025-11-02 09:33:51,720 - action_to_table - INFO - Parsing file: guided-workflow-backend\api\v2\routers\admin\sdp\deliverables.py
2025-11-02 09:33:54,370 - action_to_table - INFO - Parsing file: guided-workflow-backend\api\v2\routers\admin\sdp\lifecycles.py
2025-11-02 09:33:56,965 - action_to_table - INFO - Parsing file: guided-workflow-backend\api\v2\routers\admin\sdp\sdp.py
2025-11-02 09:33:57,776 - action_to_table - INFO - Parsing file: guided-workflow-backend\api\v2\routers\admin\sdp\subtasks.py
2025-11-02 09:34:00,182 - action_to_table - INFO - Parsing file: guided-workflow-backend\api\v2\routers\admin\sdp\tasks.py
2025-11-02 09:34:01,834 - __main__ - INFO - Found 187 backend routes
2025-11-02 09:34:01,834 - __main__ - INFO - Step 4: Creating API mappings...
2025-11-02 09:34:01,846 - __main__ - INFO - Created 175 mappings
2025-11-02 09:34:01,847 - __main__ - INFO - Step 5: Writing enhanced CSV: enhanced_table_column_mapping.csv
2025-11-02 09:34:01,856 - __main__ - INFO - Enhanced CSV Summary:
2025-11-02 09:34:01,857 - __main__ - INFO - Total API mappings: 175
2025-11-02 09:34:01,857 - __main__ - INFO - Matched endpoints: 175 (100.0%)
2025-11-02 09:34:01,857 - __main__ - INFO - With database tables: 164 (93.7%)
2025-11-02 09:34:01,858 - __main__ - INFO - With column details: 164 (93.7%)
2025-11-02 09:34:01,858 - __main__ - INFO - Total tables analyzed: 78
2025-11-02 09:34:01,858 - __main__ - INFO - Sample table-column mappings:
2025-11-02 09:34:01,859 - __main__ - INFO -   DC_CAM_TO_ENGAGEMENT: DC_ENGAGEMENT_ID, USER_ID
2025-11-02 09:34:01,859 - __main__ - INFO -   DC_CANVAS_HDR: CANVAS_DESC, CANVAS_ID, CANVAS_NAME, CANVAS_STATUS, CANVAS_TYPE (+9 more)
2025-11-02 09:34:01,859 - __main__ - INFO -   DC_DATA_SOURCES: DATE_SOURCED, DISPLAY_NAME, FILE_NAME, FILE_NUMBER, FILE_SOURCE (+7 more)
2025-11-02 09:34:01,859 - __main__ - INFO -   DC_SNAPSHOT_DATA: NAME, SNAPSHOT_DATE, SNAPSHOT_VERSION
2025-11-02 09:34:01,860 - __main__ - INFO -   DC_CONTRACT_ASSET_MGT_TYPES: AM_TYPE_ID, ASSET_MANAGEMENT_TYPE
2025-11-02 09:34:01,861 - __main__ - INFO - Enhanced CSV generated successfully: enhanced_table_column_mapping.csv
2025-11-02 11:40:50,959 - __main__ - INFO - Generating Comprehensive Table-Column Relationship CSV
2025-11-02 11:40:50,960 - __main__ - INFO - ======================================================================
2025-11-02 11:40:50,960 - __main__ - INFO - Step 1: Extracting comprehensive table-column information...
2025-11-02 11:40:50,961 - __main__ - INFO - Starting comprehensive table-column extraction...
2025-11-02 11:40:50,961 - __main__ - INFO - Extracting ORM information...
2025-11-02 11:40:51,018 - __main__ - INFO - Extracting information from SQL files...
2025-11-02 11:40:51,105 - __main__ - INFO - Extracting raw SQL from Python files...
2025-11-02 11:40:51,269 - __main__ - INFO - Extracting response model fields...
2025-11-02 11:40:51,346 - __main__ - INFO - Consolidating table information...
2025-11-02 11:40:51,347 - __main__ - INFO - Found 233 tables with column details
2025-11-02 11:40:51,347 - __main__ - INFO - Found 74 response models
2025-11-02 11:40:51,348 - __main__ - INFO - Step 2: Analyzing frontend...
2025-11-02 11:40:51,686 - __main__ - INFO - Found 175 frontend API calls
2025-11-02 11:40:51,687 - __main__ - INFO - Step 3: Analyzing backend...
2025-11-02 11:40:51,762 - action_to_table - INFO - Found 86 known tables
2025-11-02 11:40:52,187 - action_to_table - INFO - Collected 1270 function definitions
2025-11-02 11:40:52,188 - action_to_table - INFO - Parsing file: guided-workflow-backend\api\v2\routers\announcements.py
2025-11-02 11:41:07,264 - action_to_table - INFO - Parsing file: guided-workflow-backend\api\v2\routers\canvas.py
2025-11-02 11:41:13,532 - action_to_table - INFO - Parsing file: guided-workflow-backend\api\v2\routers\contracts.py
2025-11-02 11:41:16,037 - action_to_table - INFO - Parsing file: guided-workflow-backend\api\v2\routers\dc_types.py
2025-11-02 11:41:17,635 - action_to_table - INFO - Parsing file: guided-workflow-backend\api\v2\routers\engagements.py
2025-11-02 11:41:21,503 - action_to_table - INFO - Parsing file: guided-workflow-backend\api\v2\routers\file_management.py
2025-11-02 11:41:24,590 - action_to_table - INFO - Parsing file: guided-workflow-backend\api\v2\routers\links.py
2025-11-02 11:41:28,416 - action_to_table - INFO - Parsing file: guided-workflow-backend\api\v2\routers\stakeholders.py
2025-11-02 11:41:31,780 - action_to_table - INFO - Parsing file: guided-workflow-backend\api\v2\routers\static.py
2025-11-02 11:41:33,036 - action_to_table - INFO - Parsing file: guided-workflow-backend\api\v2\routers\tags.py
2025-11-02 11:41:38,724 - action_to_table - INFO - Parsing file: guided-workflow-backend\api\v2\routers\tagsets.py
2025-11-02 11:41:47,272 - action_to_table - INFO - Parsing file: guided-workflow-backend\api\v2\routers\thought_spot.py
2025-11-02 11:42:00,117 - action_to_table - INFO - Parsing file: guided-workflow-backend\api\v2\routers\thought_spot_tag.py
2025-11-02 11:42:00,872 - action_to_table - INFO - Parsing file: guided-workflow-backend\api\v2\routers\users.py
2025-11-02 11:42:01,765 - action_to_table - INFO - Parsing file: guided-workflow-backend\api\v2\routers\user_defined_types.py
2025-11-02 11:42:10,443 - action_to_table - INFO - Parsing file: guided-workflow-backend\api\v2\routers\admin\financial\contracts.py
2025-11-02 11:42:11,940 - action_to_table - INFO - Parsing file: guided-workflow-backend\api\v2\routers\admin\financial\revenue.py
2025-11-02 11:42:14,445 - action_to_table - INFO - Parsing file: guided-workflow-backend\api\v2\routers\admin\financial\unverified.py
2025-11-02 11:42:15,918 - action_to_table - INFO - Parsing file: guided-workflow-backend\api\v2\routers\admin\financial\verified.py
2025-11-02 11:42:24,307 - action_to_table - INFO - Parsing file: guided-workflow-backend\api\v2\routers\admin\sdp\deliverables.py
2025-11-02 11:42:26,879 - action_to_table - INFO - Parsing file: guided-workflow-backend\api\v2\routers\admin\sdp\lifecycles.py
2025-11-02 11:42:29,987 - action_to_table - INFO - Parsing file: guided-workflow-backend\api\v2\routers\admin\sdp\sdp.py
2025-11-02 11:42:30,929 - action_to_table - INFO - Parsing file: guided-workflow-backend\api\v2\routers\admin\sdp\subtasks.py
2025-11-02 11:42:33,801 - action_to_table - INFO - Parsing file: guided-workflow-backend\api\v2\routers\admin\sdp\tasks.py
2025-11-02 11:42:35,941 - action_to_table - INFO - Parsing file: guided-workflow-backend\api\v2\routers\documentation\documentation.py
2025-11-02 11:42:41,283 - action_to_table - INFO - Parsing file: guided-workflow-backend\api\v2\routers\manager\assignments.py
2025-11-02 11:42:44,285 - action_to_table - INFO - Parsing file: guided-workflow-backend\api\v2\routers\manager\bookings.py
2025-11-02 11:42:44,830 - action_to_table - INFO - Parsing file: guided-workflow-backend\api\v2\routers\manager\bookings_common.py
2025-11-02 11:42:50,214 - action_to_table - INFO - Parsing file: guided-workflow-backend\api\v2\routers\manager\bookings_manager.py
2025-11-02 11:43:02,951 - action_to_table - INFO - Parsing file: guided-workflow-backend\api\v2\routers\manager\pool_manager.py
2025-11-02 11:43:03,537 - action_to_table - INFO - Parsing file: guided-workflow-backend\api\v2\routers\manager\sdp.py
2025-11-02 11:43:05,216 - action_to_table - INFO - Parsing file: guided-workflow-backend\api\v2\routers\manager\super_customers.py
2025-11-02 11:43:09,837 - action_to_table - INFO - Parsing file: guided-workflow-backend\api\v2\routers\manager\users.py
2025-11-02 11:43:19,804 - action_to_table - INFO - Parsing file: guided-workflow-backend\api\v2\routers\sdp\completions.py
2025-11-02 11:43:21,784 - action_to_table - INFO - Parsing file: guided-workflow-backend\api\v2\routers\sdp\deliverables.py
2025-11-02 11:43:26,838 - action_to_table - INFO - Parsing file: guided-workflow-backend\api\v2\routers\sdp\time_tracking.py
2025-11-02 11:43:28,676 - action_to_table - INFO - Parsing file: guided-workflow-backend\api\v2\routers\support\agent.py
2025-11-02 11:43:30,879 - action_to_table - INFO - Parsing file: guided-workflow-backend\api\v2\routers\support\user.py
2025-11-02 11:43:33,601 - action_to_table - INFO - Parsing file: guided-workflow-backend\api\v2\routers\workflows\actions.py
2025-11-02 11:43:36,459 - action_to_table - INFO - Parsing file: guided-workflow-backend\api\v2\routers\workflows\downloads.py
2025-11-02 11:43:37,731 - action_to_table - INFO - Parsing file: guided-workflow-backend\api\v2\routers\workflows\evidence_uploads.py
2025-11-02 11:43:40,222 - action_to_table - INFO - Parsing file: guided-workflow-backend\api\v2\routers\workflows\lookups.py
2025-11-02 11:44:00,363 - action_to_table - INFO - Parsing file: guided-workflow-backend\api\v2\routers\workflows\macd.py
2025-11-02 11:44:03,138 - action_to_table - INFO - Parsing file: guided-workflow-backend\api\v2\routers\workflows\notifications.py
2025-11-02 11:44:07,961 - action_to_table - INFO - Parsing file: guided-workflow-backend\api\v2\routers\workflows\sea_upload.py
2025-11-02 11:44:09,480 - action_to_table - INFO - Parsing file: guided-workflow-backend\api\v2\routers\workflows\signoff.py
2025-11-02 11:44:10,505 - action_to_table - INFO - Parsing file: guided-workflow-backend\api\v2\routers\workflows\workflow_tagging.py
2025-11-02 11:44:13,629 - __main__ - INFO - Found 187 backend routes
2025-11-02 11:44:13,630 - __main__ - INFO - Step 4: Creating API mappings...
2025-11-02 11:44:13,642 - __main__ - INFO - Created 175 mappings
2025-11-02 11:44:13,643 - __main__ - INFO - Step 5: Writing enhanced CSV: comprehensive_table_column_mapping.csv
2025-11-02 11:44:13,655 - __main__ - INFO - Comprehensive CSV Summary:
2025-11-02 11:44:13,656 - __main__ - INFO - Total API mappings: 175
2025-11-02 11:44:13,656 - __main__ - INFO - Matched endpoints: 175 (100.0%)
2025-11-02 11:44:13,656 - __main__ - INFO - With database tables: 164 (93.7%)
2025-11-02 11:44:13,656 - __main__ - INFO - With column details: 115 (65.7%)
2025-11-02 11:44:13,656 - __main__ - INFO - Total tables analyzed: 233
2025-11-02 11:44:13,659 - __main__ - INFO - Table information sources:
2025-11-02 11:44:13,659 - __main__ - INFO -   orm: 78 tables
2025-11-02 11:44:13,660 - __main__ - INFO -   sql_file: 6 tables
2025-11-02 11:44:13,662 - __main__ - INFO -   sql_file_reference: 116 tables
2025-11-02 11:44:13,663 - __main__ - INFO -   raw_sql_reference: 33 tables
2025-11-02 11:44:13,663 - __main__ - INFO - Sample table-column mappings:
2025-11-02 11:44:13,664 - __main__ - INFO -   DC_CAM_TO_ENGAGEMENT (orm, 0.90): CREATED_BY, CREATE_DTM, DC_ENGAGEMENT_ID, IS_DELETED, UPDATED_BY (+2 more)
2025-11-02 11:44:13,665 - __main__ - INFO -   DC_CANVAS_HDR (orm, 1.00): CANVAS_DESC, CANVAS_ID, CANVAS_NAME, CANVAS_STATUS, CANVAS_TYPE (+9 more)
2025-11-02 11:44:13,666 - __main__ - INFO -   DC_DATA_SOURCES (orm, 1.00): DATE_SOURCED, DISPLAY_NAME, FILE_NAME, FILE_NUMBER, FILE_SOURCE (+7 more)
2025-11-02 11:44:13,667 - __main__ - INFO -   DC_SNAPSHOT_DATA (orm, 0.90): CREATED_BY, CREATE_DTM, IS_DELETED, NAME, SNAPSHOT_DATE (+3 more)
2025-11-02 11:44:13,667 - __main__ - INFO -   DC_CONTRACT_ASSET_MGT_TYPES (orm, 0.90): AM_TYPE_ID, ASSET_MANAGEMENT_TYPE, CREATED_BY, CREATE_DTM, IS_DELETED (+2 more)
2025-11-02 11:44:13,667 - __main__ - INFO - Comprehensive CSV generated successfully: comprehensive_table_column_mapping.csv
2025-11-03 12:31:34,325 - __main__ - INFO - Generating Enhanced Table-Column Relationship CSV
2025-11-03 12:31:34,330 - __main__ - INFO - ============================================================
2025-11-03 12:31:34,330 - __main__ - INFO - Step 1: Extracting table-column information...
2025-11-03 12:31:34,330 - __main__ - INFO - Extracting detailed table-column information...
2025-11-03 12:31:34,488 - __main__ - INFO - Found 78 tables with column details
2025-11-03 12:31:34,489 - __main__ - INFO - Found 74 response models
2025-11-03 12:31:34,489 - __main__ - INFO - Step 2: Analyzing frontend...
2025-11-03 12:31:34,767 - __main__ - INFO - Found 175 frontend API calls
2025-11-03 12:31:34,767 - __main__ - INFO - Step 3: Analyzing backend...
2025-11-03 12:31:34,815 - action_to_table - INFO - Found 86 known tables
2025-11-03 12:31:35,259 - action_to_table - INFO - Collected 1270 function definitions
2025-11-03 12:31:35,259 - action_to_table - INFO - Parsing file: guided-workflow-backend\api\v2\routers\announcements.py
2025-11-03 12:31:55,307 - action_to_table - INFO - Parsing file: guided-workflow-backend\api\v2\routers\canvas.py
2025-11-03 12:32:05,148 - action_to_table - INFO - Parsing file: guided-workflow-backend\api\v2\routers\contracts.py
2025-11-03 12:32:08,628 - action_to_table - INFO - Parsing file: guided-workflow-backend\api\v2\routers\dc_types.py
2025-11-03 12:32:10,597 - action_to_table - INFO - Parsing file: guided-workflow-backend\api\v2\routers\engagements.py
2025-11-03 12:32:15,083 - action_to_table - INFO - Parsing file: guided-workflow-backend\api\v2\routers\file_management.py
2025-11-03 12:32:18,860 - action_to_table - INFO - Parsing file: guided-workflow-backend\api\v2\routers\links.py
2025-11-03 12:32:23,303 - action_to_table - INFO - Parsing file: guided-workflow-backend\api\v2\routers\stakeholders.py
2025-11-03 12:32:26,971 - action_to_table - INFO - Parsing file: guided-workflow-backend\api\v2\routers\static.py
2025-11-03 12:32:29,063 - action_to_table - INFO - Parsing file: guided-workflow-backend\api\v2\routers\tags.py
2025-11-03 12:32:35,845 - action_to_table - INFO - Parsing file: guided-workflow-backend\api\v2\routers\tagsets.py
2025-11-03 12:32:45,241 - action_to_table - INFO - Parsing file: guided-workflow-backend\api\v2\routers\thought_spot.py
2025-11-03 12:32:58,746 - action_to_table - INFO - Parsing file: guided-workflow-backend\api\v2\routers\thought_spot_tag.py
2025-11-03 12:32:59,545 - action_to_table - INFO - Parsing file: guided-workflow-backend\api\v2\routers\users.py
2025-11-03 12:33:00,745 - action_to_table - INFO - Parsing file: guided-workflow-backend\api\v2\routers\user_defined_types.py
2025-11-03 12:33:10,624 - action_to_table - INFO - Parsing file: guided-workflow-backend\api\v2\routers\documentation\documentation.py
2025-11-03 12:33:16,746 - action_to_table - INFO - Parsing file: guided-workflow-backend\api\v2\routers\manager\assignments.py
2025-11-03 12:33:20,197 - action_to_table - INFO - Parsing file: guided-workflow-backend\api\v2\routers\manager\bookings.py
2025-11-03 12:33:21,002 - action_to_table - INFO - Parsing file: guided-workflow-backend\api\v2\routers\manager\bookings_common.py
2025-11-03 12:33:27,404 - action_to_table - INFO - Parsing file: guided-workflow-backend\api\v2\routers\manager\bookings_manager.py
2025-11-03 12:33:50,585 - action_to_table - INFO - Parsing file: guided-workflow-backend\api\v2\routers\manager\pool_manager.py
2025-11-03 12:33:52,990 - action_to_table - INFO - Parsing file: guided-workflow-backend\api\v2\routers\manager\sdp.py
2025-11-03 12:33:58,860 - action_to_table - INFO - Parsing file: guided-workflow-backend\api\v2\routers\manager\super_customers.py
2025-11-03 12:34:15,795 - action_to_table - INFO - Parsing file: guided-workflow-backend\api\v2\routers\manager\users.py
2025-11-03 12:34:54,637 - action_to_table - INFO - Parsing file: guided-workflow-backend\api\v2\routers\sdp\completions.py
2025-11-03 12:35:02,106 - action_to_table - INFO - Parsing file: guided-workflow-backend\api\v2\routers\sdp\deliverables.py
2025-11-03 12:35:18,546 - action_to_table - INFO - Parsing file: guided-workflow-backend\api\v2\routers\sdp\time_tracking.py
2025-11-03 12:35:26,763 - action_to_table - INFO - Parsing file: guided-workflow-backend\api\v2\routers\support\agent.py
2025-11-03 12:35:34,487 - action_to_table - INFO - Parsing file: guided-workflow-backend\api\v2\routers\support\user.py
2025-11-03 12:35:45,424 - action_to_table - INFO - Parsing file: guided-workflow-backend\api\v2\routers\workflows\actions.py
2025-11-03 12:35:55,403 - action_to_table - INFO - Parsing file: guided-workflow-backend\api\v2\routers\workflows\downloads.py
2025-11-03 12:36:00,295 - action_to_table - INFO - Parsing file: guided-workflow-backend\api\v2\routers\workflows\evidence_uploads.py
2025-11-03 12:36:08,245 - action_to_table - INFO - Parsing file: guided-workflow-backend\api\v2\routers\workflows\lookups.py
2025-11-03 12:37:20,984 - action_to_table - INFO - Parsing file: guided-workflow-backend\api\v2\routers\workflows\macd.py
2025-11-03 12:37:29,472 - action_to_table - INFO - Parsing file: guided-workflow-backend\api\v2\routers\workflows\notifications.py
2025-11-03 12:37:49,366 - action_to_table - INFO - Parsing file: guided-workflow-backend\api\v2\routers\workflows\sea_upload.py
2025-11-03 12:37:55,723 - action_to_table - INFO - Parsing file: guided-workflow-backend\api\v2\routers\workflows\signoff.py
2025-11-03 12:37:59,898 - action_to_table - INFO - Parsing file: guided-workflow-backend\api\v2\routers\workflows\workflow_tagging.py
2025-11-03 12:38:10,061 - action_to_table - INFO - Parsing file: guided-workflow-backend\api\v2\routers\admin\financial\contracts.py
2025-11-03 12:38:15,289 - action_to_table - INFO - Parsing file: guided-workflow-backend\api\v2\routers\admin\financial\revenue.py
2025-11-03 12:38:23,854 - action_to_table - INFO - Parsing file: guided-workflow-backend\api\v2\routers\admin\financial\unverified.py
2025-11-03 12:38:29,145 - action_to_table - INFO - Parsing file: guided-workflow-backend\api\v2\routers\admin\financial\verified.py
2025-11-03 12:39:00,647 - action_to_table - INFO - Parsing file: guided-workflow-backend\api\v2\routers\admin\sdp\deliverables.py
2025-11-03 12:39:12,539 - action_to_table - INFO - Parsing file: guided-workflow-backend\api\v2\routers\admin\sdp\lifecycles.py
2025-11-03 12:39:24,386 - action_to_table - INFO - Parsing file: guided-workflow-backend\api\v2\routers\admin\sdp\sdp.py
2025-11-03 12:39:27,781 - action_to_table - INFO - Parsing file: guided-workflow-backend\api\v2\routers\admin\sdp\subtasks.py
2025-11-03 12:39:39,368 - action_to_table - INFO - Parsing file: guided-workflow-backend\api\v2\routers\admin\sdp\tasks.py
2025-11-03 12:39:47,924 - __main__ - INFO - Found 187 backend routes
2025-11-03 12:39:47,924 - __main__ - INFO - Step 4: Creating API mappings...
2025-11-03 12:39:47,962 - __main__ - INFO - Created 175 mappings
2025-11-03 12:39:47,963 - __main__ - INFO - Step 5: Writing enhanced CSV: test_output.csv
2025-11-03 12:39:47,992 - __main__ - INFO - Enhanced CSV Summary:
2025-11-03 12:39:47,992 - __main__ - INFO - Total API mappings: 175
2025-11-03 12:39:47,993 - __main__ - INFO - Matched endpoints: 175 (100.0%)
2025-11-03 12:39:47,994 - __main__ - INFO - With database tables: 164 (93.7%)
2025-11-03 12:39:47,994 - __main__ - INFO - With stored procedures: 0 (0.0%)
2025-11-03 12:39:47,995 - __main__ - INFO - With flow calls: 15 (8.6%)
2025-11-03 12:39:47,995 - __main__ - INFO - With column details: 164 (93.7%)
2025-11-03 12:39:47,995 - __main__ - INFO - Total tables analyzed: 78
2025-11-03 12:39:47,995 - __main__ - INFO - Sample table-column mappings:
2025-11-03 12:39:47,996 - __main__ - INFO -   DC_CAM_TO_ENGAGEMENT: DC_ENGAGEMENT_ID, USER_ID
2025-11-03 12:39:47,996 - __main__ - INFO -   DC_CANVAS_HDR: CANVAS_DESC, CANVAS_ID, CANVAS_NAME, CANVAS_STATUS, CANVAS_TYPE (+9 more)
2025-11-03 12:39:47,997 - __main__ - INFO -   DC_DATA_SOURCES: DATE_SOURCED, DISPLAY_NAME, FILE_NAME, FILE_NUMBER, FILE_SOURCE (+7 more)
2025-11-03 12:39:47,998 - __main__ - INFO -   DC_SNAPSHOT_DATA: NAME, SNAPSHOT_DATE, SNAPSHOT_VERSION
2025-11-03 12:39:47,998 - __main__ - INFO -   DC_CONTRACT_ASSET_MGT_TYPES: AM_TYPE_ID, ASSET_MANAGEMENT_TYPE
2025-11-03 12:39:48,000 - __main__ - INFO - Enhanced CSV generated successfully: test_output.csv
2025-11-03 12:55:27,851 - __main__ - INFO - Generating Enhanced Table-Column Relationship CSV
2025-11-03 12:55:27,851 - __main__ - INFO - ============================================================
2025-11-03 12:55:27,851 - __main__ - INFO - Step 1: Extracting table-column information...
2025-11-03 12:55:27,851 - __main__ - INFO - Extracting detailed table-column information...
2025-11-03 12:55:28,012 - __main__ - INFO - Found 78 tables with column details
2025-11-03 12:55:28,012 - __main__ - INFO - Found 74 response models
2025-11-03 12:55:28,012 - __main__ - INFO - Step 2: Analyzing frontend...
2025-11-03 12:55:28,646 - __main__ - INFO - Found 175 frontend API calls
2025-11-03 12:55:28,646 - __main__ - INFO - Step 3: Analyzing backend...
2025-11-03 12:55:28,854 - action_to_table - INFO - Found 86 known tables
2025-11-03 12:55:29,708 - action_to_table - INFO - Collected 1270 function definitions
2025-11-03 12:55:29,709 - action_to_table - INFO - Parsing file: guided-workflow-backend\api\v2\routers\announcements.py
2025-11-03 12:55:52,613 - action_to_table - INFO - Parsing file: guided-workflow-backend\api\v2\routers\canvas.py
2025-11-03 12:56:00,687 - action_to_table - INFO - Parsing file: guided-workflow-backend\api\v2\routers\contracts.py
2025-11-03 12:56:03,466 - action_to_table - INFO - Parsing file: guided-workflow-backend\api\v2\routers\dc_types.py
2025-11-03 12:56:05,383 - action_to_table - INFO - Parsing file: guided-workflow-backend\api\v2\routers\engagements.py
2025-11-03 12:56:09,870 - action_to_table - INFO - Parsing file: guided-workflow-backend\api\v2\routers\file_management.py
2025-11-03 12:56:12,923 - action_to_table - INFO - Parsing file: guided-workflow-backend\api\v2\routers\links.py
2025-11-03 12:56:17,050 - action_to_table - INFO - Parsing file: guided-workflow-backend\api\v2\routers\stakeholders.py
2025-11-03 12:56:20,632 - action_to_table - INFO - Parsing file: guided-workflow-backend\api\v2\routers\static.py
2025-11-03 12:56:22,225 - action_to_table - INFO - Parsing file: guided-workflow-backend\api\v2\routers\tags.py
2025-11-03 12:56:28,179 - action_to_table - INFO - Parsing file: guided-workflow-backend\api\v2\routers\tagsets.py
2025-11-03 12:56:38,928 - action_to_table - INFO - Parsing file: guided-workflow-backend\api\v2\routers\thought_spot.py
2025-11-03 12:56:53,103 - action_to_table - INFO - Parsing file: guided-workflow-backend\api\v2\routers\thought_spot_tag.py
2025-11-03 12:56:53,965 - action_to_table - INFO - Parsing file: guided-workflow-backend\api\v2\routers\users.py
2025-11-03 12:56:55,343 - action_to_table - INFO - Parsing file: guided-workflow-backend\api\v2\routers\user_defined_types.py
2025-11-03 12:57:04,929 - action_to_table - INFO - Parsing file: guided-workflow-backend\api\v2\routers\documentation\documentation.py
2025-11-03 12:57:11,176 - action_to_table - INFO - Parsing file: guided-workflow-backend\api\v2\routers\manager\assignments.py
2025-11-03 12:57:14,842 - action_to_table - INFO - Parsing file: guided-workflow-backend\api\v2\routers\manager\bookings.py
2025-11-03 12:57:15,652 - action_to_table - INFO - Parsing file: guided-workflow-backend\api\v2\routers\manager\bookings_common.py
2025-11-03 12:57:22,730 - action_to_table - INFO - Parsing file: guided-workflow-backend\api\v2\routers\manager\bookings_manager.py
2025-11-03 12:57:38,947 - action_to_table - INFO - Parsing file: guided-workflow-backend\api\v2\routers\manager\pool_manager.py
2025-11-03 12:57:39,842 - action_to_table - INFO - Parsing file: guided-workflow-backend\api\v2\routers\manager\sdp.py
2025-11-03 12:57:42,383 - action_to_table - INFO - Parsing file: guided-workflow-backend\api\v2\routers\manager\super_customers.py
2025-11-03 12:57:47,206 - action_to_table - INFO - Parsing file: guided-workflow-backend\api\v2\routers\manager\users.py
2025-11-03 12:57:57,676 - action_to_table - INFO - Parsing file: guided-workflow-backend\api\v2\routers\sdp\completions.py
2025-11-03 12:57:59,866 - action_to_table - INFO - Parsing file: guided-workflow-backend\api\v2\routers\sdp\deliverables.py
2025-11-03 12:58:05,280 - action_to_table - INFO - Parsing file: guided-workflow-backend\api\v2\routers\sdp\time_tracking.py
2025-11-03 12:58:07,630 - action_to_table - INFO - Parsing file: guided-workflow-backend\api\v2\routers\support\agent.py
2025-11-03 12:58:10,204 - action_to_table - INFO - Parsing file: guided-workflow-backend\api\v2\routers\support\user.py
2025-11-03 12:58:13,601 - action_to_table - INFO - Parsing file: guided-workflow-backend\api\v2\routers\workflows\actions.py
2025-11-03 12:58:16,887 - action_to_table - INFO - Parsing file: guided-workflow-backend\api\v2\routers\workflows\downloads.py
2025-11-03 12:58:18,427 - action_to_table - INFO - Parsing file: guided-workflow-backend\api\v2\routers\workflows\evidence_uploads.py
2025-11-03 12:58:21,444 - action_to_table - INFO - Parsing file: guided-workflow-backend\api\v2\routers\workflows\lookups.py
2025-11-03 12:58:41,784 - action_to_table - INFO - Parsing file: guided-workflow-backend\api\v2\routers\workflows\macd.py
2025-11-03 12:58:44,926 - action_to_table - INFO - Parsing file: guided-workflow-backend\api\v2\routers\workflows\notifications.py
2025-11-03 12:58:50,930 - action_to_table - INFO - Parsing file: guided-workflow-backend\api\v2\routers\workflows\sea_upload.py
2025-11-03 12:58:52,674 - action_to_table - INFO - Parsing file: guided-workflow-backend\api\v2\routers\workflows\signoff.py
2025-11-03 12:58:54,042 - action_to_table - INFO - Parsing file: guided-workflow-backend\api\v2\routers\workflows\workflow_tagging.py
2025-11-03 12:58:57,939 - action_to_table - INFO - Parsing file: guided-workflow-backend\api\v2\routers\admin\financial\contracts.py
2025-11-03 12:59:00,138 - action_to_table - INFO - Parsing file: guided-workflow-backend\api\v2\routers\admin\financial\revenue.py
2025-11-03 12:59:03,189 - action_to_table - INFO - Parsing file: guided-workflow-backend\api\v2\routers\admin\financial\unverified.py
2025-11-03 12:59:05,567 - action_to_table - INFO - Parsing file: guided-workflow-backend\api\v2\routers\admin\financial\verified.py
2025-11-03 12:59:15,905 - action_to_table - INFO - Parsing file: guided-workflow-backend\api\v2\routers\admin\sdp\deliverables.py
2025-11-03 12:59:19,918 - action_to_table - INFO - Parsing file: guided-workflow-backend\api\v2\routers\admin\sdp\lifecycles.py
2025-11-03 12:59:23,812 - action_to_table - INFO - Parsing file: guided-workflow-backend\api\v2\routers\admin\sdp\sdp.py
2025-11-03 12:59:25,471 - action_to_table - INFO - Parsing file: guided-workflow-backend\api\v2\routers\admin\sdp\subtasks.py
2025-11-03 12:59:29,236 - action_to_table - INFO - Parsing file: guided-workflow-backend\api\v2\routers\admin\sdp\tasks.py
2025-11-03 12:59:32,018 - __main__ - INFO - Found 187 backend routes
2025-11-03 12:59:32,018 - __main__ - INFO - Step 4: Creating API mappings...
2025-11-03 12:59:32,030 - __main__ - INFO - Created 175 mappings
2025-11-03 12:59:32,031 - __main__ - INFO - Step 5: Writing enhanced CSV: test_output_v2.csv
2025-11-03 12:59:32,038 - __main__ - INFO - Enhanced CSV Summary:
2025-11-03 12:59:32,039 - __main__ - INFO - Total API mappings: 175
2025-11-03 12:59:32,039 - __main__ - INFO - Matched endpoints: 175 (100.0%)
2025-11-03 12:59:32,039 - __main__ - INFO - With database tables: 164 (93.7%)
2025-11-03 12:59:32,039 - __main__ - INFO - With stored procedures: 0 (0.0%)
2025-11-03 12:59:32,039 - __main__ - INFO - With flow calls: 15 (8.6%)
2025-11-03 12:59:32,039 - __main__ - INFO - With column details: 164 (93.7%)
2025-11-03 12:59:32,039 - __main__ - INFO - Total tables analyzed: 78
2025-11-03 12:59:32,039 - __main__ - INFO - Sample table-column mappings:
2025-11-03 12:59:32,039 - __main__ - INFO -   DC_CAM_TO_ENGAGEMENT: DC_ENGAGEMENT_ID, USER_ID
2025-11-03 12:59:32,039 - __main__ - INFO -   DC_CANVAS_HDR: CANVAS_DESC, CANVAS_ID, CANVAS_NAME, CANVAS_STATUS, CANVAS_TYPE (+9 more)
2025-11-03 12:59:32,039 - __main__ - INFO -   DC_DATA_SOURCES: DATE_SOURCED, DISPLAY_NAME, FILE_NAME, FILE_NUMBER, FILE_SOURCE (+7 more)
2025-11-03 12:59:32,039 - __main__ - INFO -   DC_SNAPSHOT_DATA: NAME, SNAPSHOT_DATE, SNAPSHOT_VERSION
2025-11-03 12:59:32,039 - __main__ - INFO -   DC_CONTRACT_ASSET_MGT_TYPES: AM_TYPE_ID, ASSET_MANAGEMENT_TYPE
2025-11-03 12:59:32,040 - __main__ - INFO - Enhanced CSV generated successfully: test_output_v2.csv
2025-11-03 13:44:28,626 - __main__ - INFO - Generating Enhanced Table-Column Relationship CSV
2025-11-03 13:44:28,627 - __main__ - INFO - ============================================================
2025-11-03 13:44:28,627 - __main__ - INFO - Step 1: Extracting table-column information...
2025-11-03 13:44:28,627 - __main__ - INFO - Extracting detailed table-column information...
2025-11-03 13:44:28,779 - __main__ - INFO - Found 78 tables with column details
2025-11-03 13:44:28,779 - __main__ - INFO - Found 74 response models
2025-11-03 13:44:28,779 - __main__ - INFO - Step 2: Analyzing frontend...
2025-11-03 13:44:29,181 - __main__ - INFO - Found 175 frontend API calls
2025-11-03 13:44:29,181 - __main__ - INFO - Step 3: Analyzing backend...
2025-11-03 13:44:29,269 - action_to_table - INFO - Found 86 known tables
2025-11-03 13:44:29,850 - action_to_table - INFO - Collected 1270 function definitions
2025-11-03 13:44:29,851 - action_to_table - INFO - Parsing file: guided-workflow-backend\api\v2\routers\announcements.py
2025-11-03 13:44:55,943 - action_to_table - INFO - Parsing file: guided-workflow-backend\api\v2\routers\canvas.py
2025-11-03 13:45:05,154 - action_to_table - INFO - Parsing file: guided-workflow-backend\api\v2\routers\contracts.py
2025-11-03 13:45:09,237 - action_to_table - INFO - Parsing file: guided-workflow-backend\api\v2\routers\dc_types.py
2025-11-03 13:45:12,208 - action_to_table - INFO - Parsing file: guided-workflow-backend\api\v2\routers\engagements.py
2025-11-03 13:45:18,143 - action_to_table - INFO - Parsing file: guided-workflow-backend\api\v2\routers\file_management.py
2025-11-03 13:45:22,734 - action_to_table - INFO - Parsing file: guided-workflow-backend\api\v2\routers\links.py
2025-11-03 13:45:27,839 - action_to_table - INFO - Parsing file: guided-workflow-backend\api\v2\routers\stakeholders.py
2025-11-03 13:45:31,548 - action_to_table - INFO - Parsing file: guided-workflow-backend\api\v2\routers\static.py
2025-11-03 13:45:33,249 - action_to_table - INFO - Parsing file: guided-workflow-backend\api\v2\routers\tags.py
2025-11-03 13:45:38,853 - action_to_table - INFO - Parsing file: guided-workflow-backend\api\v2\routers\tagsets.py
2025-11-03 13:45:47,506 - action_to_table - INFO - Parsing file: guided-workflow-backend\api\v2\routers\thought_spot.py
2025-11-03 13:45:59,493 - action_to_table - INFO - Parsing file: guided-workflow-backend\api\v2\routers\thought_spot_tag.py
2025-11-03 13:46:00,367 - action_to_table - INFO - Parsing file: guided-workflow-backend\api\v2\routers\users.py
2025-11-03 13:46:01,969 - action_to_table - INFO - Parsing file: guided-workflow-backend\api\v2\routers\user_defined_types.py
2025-11-03 13:46:11,379 - action_to_table - INFO - Parsing file: guided-workflow-backend\api\v2\routers\documentation\documentation.py
2025-11-03 13:46:16,797 - action_to_table - INFO - Parsing file: guided-workflow-backend\api\v2\routers\manager\assignments.py
2025-11-03 13:46:20,226 - action_to_table - INFO - Parsing file: guided-workflow-backend\api\v2\routers\manager\bookings.py
2025-11-03 13:46:20,932 - action_to_table - INFO - Parsing file: guided-workflow-backend\api\v2\routers\manager\bookings_common.py
2025-11-03 13:46:27,584 - action_to_table - INFO - Parsing file: guided-workflow-backend\api\v2\routers\manager\bookings_manager.py
2025-11-03 13:46:41,391 - action_to_table - INFO - Parsing file: guided-workflow-backend\api\v2\routers\manager\pool_manager.py
2025-11-03 13:46:42,171 - action_to_table - INFO - Parsing file: guided-workflow-backend\api\v2\routers\manager\sdp.py
2025-11-03 13:46:44,635 - action_to_table - INFO - Parsing file: guided-workflow-backend\api\v2\routers\manager\super_customers.py
2025-11-03 13:46:50,238 - action_to_table - INFO - Parsing file: guided-workflow-backend\api\v2\routers\manager\users.py
2025-11-03 13:47:00,435 - action_to_table - INFO - Parsing file: guided-workflow-backend\api\v2\routers\sdp\completions.py
2025-11-03 13:47:02,812 - action_to_table - INFO - Parsing file: guided-workflow-backend\api\v2\routers\sdp\deliverables.py
2025-11-03 13:47:07,918 - action_to_table - INFO - Parsing file: guided-workflow-backend\api\v2\routers\sdp\time_tracking.py
2025-11-03 13:47:10,724 - action_to_table - INFO - Parsing file: guided-workflow-backend\api\v2\routers\support\agent.py
2025-11-03 13:47:13,689 - action_to_table - INFO - Parsing file: guided-workflow-backend\api\v2\routers\support\user.py
2025-11-03 13:47:17,411 - action_to_table - INFO - Parsing file: guided-workflow-backend\api\v2\routers\workflows\actions.py
2025-11-03 13:47:21,318 - action_to_table - INFO - Parsing file: guided-workflow-backend\api\v2\routers\workflows\downloads.py
2025-11-03 13:47:23,109 - action_to_table - INFO - Parsing file: guided-workflow-backend\api\v2\routers\workflows\evidence_uploads.py
2025-11-03 13:47:26,795 - action_to_table - INFO - Parsing file: guided-workflow-backend\api\v2\routers\workflows\lookups.py
2025-11-03 13:47:40,793 - action_to_table - INFO - Parsing file: guided-workflow-backend\api\v2\routers\workflows\macd.py
2025-11-03 13:47:46,999 - action_to_table - INFO - Parsing file: guided-workflow-backend\api\v2\routers\workflows\notifications.py
2025-11-03 13:47:50,609 - action_to_table - INFO - Parsing file: guided-workflow-backend\api\v2\routers\workflows\sea_upload.py
2025-11-03 13:47:53,652 - action_to_table - INFO - Parsing file: guided-workflow-backend\api\v2\routers\workflows\signoff.py
2025-11-03 13:47:54,443 - action_to_table - INFO - Parsing file: guided-workflow-backend\api\v2\routers\workflows\workflow_tagging.py
2025-11-03 13:47:56,380 - action_to_table - INFO - Parsing file: guided-workflow-backend\api\v2\routers\admin\financial\contracts.py
2025-11-03 13:47:57,605 - action_to_table - INFO - Parsing file: guided-workflow-backend\api\v2\routers\admin\financial\revenue.py
2025-11-03 13:48:00,253 - action_to_table - INFO - Parsing file: guided-workflow-backend\api\v2\routers\admin\financial\unverified.py
2025-11-03 13:48:01,475 - action_to_table - INFO - Parsing file: guided-workflow-backend\api\v2\routers\admin\financial\verified.py
2025-11-03 13:48:08,420 - action_to_table - INFO - Parsing file: guided-workflow-backend\api\v2\routers\admin\sdp\deliverables.py
2025-11-03 13:48:13,493 - action_to_table - INFO - Parsing file: guided-workflow-backend\api\v2\routers\admin\sdp\lifecycles.py
2025-11-03 13:48:17,989 - action_to_table - INFO - Parsing file: guided-workflow-backend\api\v2\routers\admin\sdp\sdp.py
2025-11-03 13:48:18,755 - action_to_table - INFO - Parsing file: guided-workflow-backend\api\v2\routers\admin\sdp\subtasks.py
2025-11-03 13:48:21,333 - action_to_table - INFO - Parsing file: guided-workflow-backend\api\v2\routers\admin\sdp\tasks.py
2025-11-03 13:48:24,953 - __main__ - INFO - Found 187 backend routes
2025-11-03 13:48:24,953 - __main__ - INFO - Step 4: Creating API mappings...
2025-11-03 13:48:24,974 - __main__ - INFO - Created 175 mappings
2025-11-03 13:48:24,975 - __main__ - INFO - Step 5: Writing enhanced CSV: test_output_v3.csv
2025-11-03 13:48:24,993 - __main__ - INFO - Enhanced CSV Summary:
2025-11-03 13:48:24,994 - __main__ - INFO - Total API mappings: 175
2025-11-03 13:48:24,994 - __main__ - INFO - Matched endpoints: 175 (100.0%)
2025-11-03 13:48:24,994 - __main__ - INFO - With database tables: 167 (95.4%)
2025-11-03 13:48:24,994 - __main__ - INFO - With stored procedures: 3 (1.7%)
2025-11-03 13:48:24,994 - __main__ - INFO - With flow calls: 15 (8.6%)
2025-11-03 13:48:24,995 - __main__ - INFO - With column details: 167 (95.4%)
2025-11-03 13:48:24,995 - __main__ - INFO - Total tables analyzed: 78
2025-11-03 13:48:24,995 - __main__ - INFO - Sample table-column mappings:
2025-11-03 13:48:24,995 - __main__ - INFO -   DC_CAM_TO_ENGAGEMENT: DC_ENGAGEMENT_ID, USER_ID
2025-11-03 13:48:24,996 - __main__ - INFO -   DC_CANVAS_HDR: CANVAS_DESC, CANVAS_ID, CANVAS_NAME, CANVAS_STATUS, CANVAS_TYPE (+9 more)
2025-11-03 13:48:24,996 - __main__ - INFO -   DC_DATA_SOURCES: DATE_SOURCED, DISPLAY_NAME, FILE_NAME, FILE_NUMBER, FILE_SOURCE (+7 more)
2025-11-03 13:48:24,996 - __main__ - INFO -   DC_SNAPSHOT_DATA: NAME, SNAPSHOT_DATE, SNAPSHOT_VERSION
2025-11-03 13:48:24,996 - __main__ - INFO -   DC_CONTRACT_ASSET_MGT_TYPES: AM_TYPE_ID, ASSET_MANAGEMENT_TYPE
2025-11-03 13:48:24,997 - __main__ - INFO - Enhanced CSV generated successfully: test_output_v3.csv
2025-11-03 14:10:31,964 - __main__ - INFO - Generating Enhanced Table-Column Relationship CSV
2025-11-03 14:10:31,964 - __main__ - INFO - ============================================================
2025-11-03 14:10:31,964 - __main__ - INFO - Step 1: Extracting table-column information...
2025-11-03 14:10:31,964 - __main__ - INFO - Extracting detailed table-column information...
2025-11-03 14:10:32,066 - __main__ - INFO - Found 78 tables with column details
2025-11-03 14:10:32,066 - __main__ - INFO - Found 74 response models
2025-11-03 14:10:32,066 - __main__ - INFO - Step 2: Analyzing frontend...
2025-11-03 14:10:32,362 - __main__ - INFO - Found 175 frontend API calls
2025-11-03 14:10:32,362 - __main__ - INFO - Step 3: Analyzing backend...
2025-11-03 14:10:32,414 - action_to_table - INFO - Found 86 known tables
2025-11-03 14:10:32,815 - action_to_table - INFO - Collected 1270 function definitions
2025-11-03 14:10:32,816 - action_to_table - INFO - Parsing file: guided-workflow-backend\api\v2\routers\announcements.py
2025-11-03 14:11:04,239 - action_to_table - INFO - Parsing file: guided-workflow-backend\api\v2\routers\canvas.py
2025-11-03 14:11:29,314 - action_to_table - INFO - Parsing file: guided-workflow-backend\api\v2\routers\contracts.py
2025-11-03 14:11:37,460 - action_to_table - INFO - Parsing file: guided-workflow-backend\api\v2\routers\dc_types.py
2025-11-03 14:11:42,927 - action_to_table - INFO - Parsing file: guided-workflow-backend\api\v2\routers\engagements.py
2025-11-03 14:11:54,065 - action_to_table - INFO - Parsing file: guided-workflow-backend\api\v2\routers\file_management.py
2025-11-03 14:12:04,182 - action_to_table - INFO - Parsing file: guided-workflow-backend\api\v2\routers\links.py
2025-11-03 14:12:14,458 - action_to_table - INFO - Parsing file: guided-workflow-backend\api\v2\routers\stakeholders.py
2025-11-03 14:12:23,261 - action_to_table - INFO - Parsing file: guided-workflow-backend\api\v2\routers\static.py
2025-11-03 14:12:27,004 - action_to_table - INFO - Parsing file: guided-workflow-backend\api\v2\routers\tags.py
2025-11-03 14:12:44,653 - action_to_table - INFO - Parsing file: guided-workflow-backend\api\v2\routers\tagsets.py
2025-11-03 14:13:11,707 - action_to_table - INFO - Parsing file: guided-workflow-backend\api\v2\routers\thought_spot.py
2025-11-03 14:13:18,531 - action_to_table - INFO - Parsing file: guided-workflow-backend\api\v2\routers\thought_spot_tag.py
2025-11-03 14:13:19,591 - action_to_table - INFO - Parsing file: guided-workflow-backend\api\v2\routers\users.py
2025-11-03 14:13:21,057 - action_to_table - INFO - Parsing file: guided-workflow-backend\api\v2\routers\user_defined_types.py
2025-11-03 14:13:31,469 - action_to_table - INFO - Parsing file: guided-workflow-backend\api\v2\routers\documentation\documentation.py
2025-11-03 14:13:37,636 - action_to_table - INFO - Parsing file: guided-workflow-backend\api\v2\routers\manager\assignments.py
2025-11-03 14:13:41,930 - action_to_table - INFO - Parsing file: guided-workflow-backend\api\v2\routers\manager\bookings.py
2025-11-03 14:13:42,904 - action_to_table - INFO - Parsing file: guided-workflow-backend\api\v2\routers\manager\bookings_common.py
2025-11-03 14:13:52,667 - action_to_table - INFO - Parsing file: guided-workflow-backend\api\v2\routers\manager\bookings_manager.py
2025-11-03 14:14:08,960 - action_to_table - INFO - Parsing file: guided-workflow-backend\api\v2\routers\manager\pool_manager.py
2025-11-03 14:14:10,024 - action_to_table - INFO - Parsing file: guided-workflow-backend\api\v2\routers\manager\sdp.py
2025-11-03 14:14:12,667 - action_to_table - INFO - Parsing file: guided-workflow-backend\api\v2\routers\manager\super_customers.py
2025-11-03 14:14:19,215 - action_to_table - INFO - Parsing file: guided-workflow-backend\api\v2\routers\manager\users.py
2025-11-03 14:14:31,468 - action_to_table - INFO - Parsing file: guided-workflow-backend\api\v2\routers\sdp\completions.py
2025-11-03 14:14:34,175 - action_to_table - INFO - Parsing file: guided-workflow-backend\api\v2\routers\sdp\deliverables.py
2025-11-03 14:14:40,030 - action_to_table - INFO - Parsing file: guided-workflow-backend\api\v2\routers\sdp\time_tracking.py
2025-11-03 14:14:42,606 - action_to_table - INFO - Parsing file: guided-workflow-backend\api\v2\routers\support\agent.py
2025-11-03 14:14:45,575 - action_to_table - INFO - Parsing file: guided-workflow-backend\api\v2\routers\support\user.py
2025-11-03 14:14:49,257 - action_to_table - INFO - Parsing file: guided-workflow-backend\api\v2\routers\workflows\actions.py
2025-11-03 14:14:53,377 - action_to_table - INFO - Parsing file: guided-workflow-backend\api\v2\routers\workflows\downloads.py
2025-11-03 14:14:56,956 - action_to_table - INFO - Parsing file: guided-workflow-backend\api\v2\routers\workflows\evidence_uploads.py
2025-11-03 14:15:00,129 - action_to_table - INFO - Parsing file: guided-workflow-backend\api\v2\routers\workflows\lookups.py
2025-11-03 14:15:10,756 - action_to_table - INFO - Parsing file: guided-workflow-backend\api\v2\routers\workflows\macd.py
2025-11-03 14:15:13,305 - action_to_table - INFO - Parsing file: guided-workflow-backend\api\v2\routers\workflows\notifications.py
2025-11-03 14:15:18,046 - action_to_table - INFO - Parsing file: guided-workflow-backend\api\v2\routers\workflows\sea_upload.py
2025-11-03 14:15:20,050 - action_to_table - INFO - Parsing file: guided-workflow-backend\api\v2\routers\workflows\signoff.py
2025-11-03 14:15:21,249 - action_to_table - INFO - Parsing file: guided-workflow-backend\api\v2\routers\workflows\workflow_tagging.py
2025-11-03 14:15:28,142 - action_to_table - INFO - Parsing file: guided-workflow-backend\api\v2\routers\admin\financial\contracts.py
2025-11-03 14:15:32,392 - action_to_table - INFO - Parsing file: guided-workflow-backend\api\v2\routers\admin\financial\revenue.py
2025-11-03 14:15:43,907 - action_to_table - INFO - Parsing file: guided-workflow-backend\api\v2\routers\admin\financial\unverified.py
2025-11-03 14:15:48,451 - action_to_table - INFO - Parsing file: guided-workflow-backend\api\v2\routers\admin\financial\verified.py
2025-11-03 14:16:03,562 - action_to_table - INFO - Parsing file: guided-workflow-backend\api\v2\routers\admin\sdp\deliverables.py
2025-11-03 14:16:06,309 - action_to_table - INFO - Parsing file: guided-workflow-backend\api\v2\routers\admin\sdp\lifecycles.py
2025-11-03 14:16:09,007 - action_to_table - INFO - Parsing file: guided-workflow-backend\api\v2\routers\admin\sdp\sdp.py
2025-11-03 14:16:10,064 - action_to_table - INFO - Parsing file: guided-workflow-backend\api\v2\routers\admin\sdp\subtasks.py
2025-11-03 14:16:12,644 - action_to_table - INFO - Parsing file: guided-workflow-backend\api\v2\routers\admin\sdp\tasks.py
2025-11-03 14:16:14,564 - __main__ - INFO - Found 187 backend routes
2025-11-03 14:16:14,565 - __main__ - INFO - Step 4: Creating API mappings...
2025-11-03 14:16:14,579 - __main__ - INFO - Created 175 mappings
2025-11-03 14:16:14,579 - __main__ - INFO - Step 5: Writing enhanced CSV: test_output_final.csv
2025-11-03 14:16:14,588 - __main__ - INFO - Enhanced CSV Summary:
2025-11-03 14:16:14,588 - __main__ - INFO - Total API mappings: 175
2025-11-03 14:16:14,588 - __main__ - INFO - Matched endpoints: 175 (100.0%)
2025-11-03 14:16:14,588 - __main__ - INFO - With database tables: 165 (94.3%)
2025-11-03 14:16:14,588 - __main__ - INFO - With stored procedures: 11 (6.3%)
2025-11-03 14:16:14,589 - __main__ - INFO - With flow calls: 15 (8.6%)
2025-11-03 14:16:14,589 - __main__ - INFO - With column details: 165 (94.3%)
2025-11-03 14:16:14,589 - __main__ - INFO - Total tables analyzed: 78
2025-11-03 14:16:14,589 - __main__ - INFO - Sample table-column mappings:
2025-11-03 14:16:14,589 - __main__ - INFO -   DC_CAM_TO_ENGAGEMENT: DC_ENGAGEMENT_ID, USER_ID
2025-11-03 14:16:14,589 - __main__ - INFO -   DC_CANVAS_HDR: CANVAS_DESC, CANVAS_ID, CANVAS_NAME, CANVAS_STATUS, CANVAS_TYPE (+9 more)
2025-11-03 14:16:14,589 - __main__ - INFO -   DC_DATA_SOURCES: DATE_SOURCED, DISPLAY_NAME, FILE_NAME, FILE_NUMBER, FILE_SOURCE (+7 more)
2025-11-03 14:16:14,589 - __main__ - INFO -   DC_SNAPSHOT_DATA: NAME, SNAPSHOT_DATE, SNAPSHOT_VERSION
2025-11-03 14:16:14,589 - __main__ - INFO -   DC_CONTRACT_ASSET_MGT_TYPES: AM_TYPE_ID, ASSET_MANAGEMENT_TYPE
2025-11-03 14:16:14,589 - __main__ - INFO - Enhanced CSV generated successfully: test_output_final.csv
2025-11-03 15:05:29,812 - __main__ - INFO - Generating Enhanced Table-Column Relationship CSV
2025-11-03 15:05:29,814 - __main__ - INFO - ============================================================
2025-11-03 15:05:29,814 - __main__ - INFO - Step 1: Extracting table-column information...
2025-11-03 15:05:29,814 - __main__ - INFO - Extracting detailed table-column information...
2025-11-03 15:05:30,023 - __main__ - INFO - Found 78 tables with column details
2025-11-03 15:05:30,023 - __main__ - INFO - Found 74 response models
2025-11-03 15:05:30,023 - __main__ - INFO - Step 2: Analyzing frontend...
2025-11-03 15:05:30,572 - __main__ - INFO - Found 175 frontend API calls
2025-11-03 15:05:30,572 - __main__ - INFO - Step 3: Analyzing backend...
2025-11-03 15:05:30,731 - action_to_table - INFO - Found 86 known tables
2025-11-03 15:05:31,591 - action_to_table - INFO - Collected 1270 function definitions
2025-11-03 15:05:31,593 - action_to_table - INFO - Parsing file: guided-workflow-backend\api\v2\routers\announcements.py
2025-11-03 15:05:44,644 - action_to_table - INFO - Parsing file: guided-workflow-backend\api\v2\routers\canvas.py
2025-11-03 15:05:48,683 - action_to_table - INFO - Parsing file: guided-workflow-backend\api\v2\routers\contracts.py
2025-11-03 15:05:52,021 - action_to_table - INFO - Parsing file: guided-workflow-backend\api\v2\routers\dc_types.py
2025-11-03 15:05:53,324 - action_to_table - INFO - Parsing file: guided-workflow-backend\api\v2\routers\engagements.py
2025-11-03 15:05:55,375 - action_to_table - INFO - Parsing file: guided-workflow-backend\api\v2\routers\file_management.py
2025-11-03 15:05:56,690 - action_to_table - INFO - Parsing file: guided-workflow-backend\api\v2\routers\links.py
2025-11-03 15:06:00,092 - action_to_table - INFO - Parsing file: guided-workflow-backend\api\v2\routers\stakeholders.py
2025-11-03 15:06:02,573 - action_to_table - INFO - Parsing file: guided-workflow-backend\api\v2\routers\static.py
2025-11-03 15:06:03,998 - action_to_table - INFO - Parsing file: guided-workflow-backend\api\v2\routers\tags.py
2025-11-03 15:06:08,129 - action_to_table - INFO - Parsing file: guided-workflow-backend\api\v2\routers\tagsets.py
2025-11-03 15:06:12,848 - action_to_table - INFO - Parsing file: guided-workflow-backend\api\v2\routers\thought_spot.py
2025-11-03 15:06:16,895 - action_to_table - INFO - Parsing file: guided-workflow-backend\api\v2\routers\thought_spot_tag.py
2025-11-03 15:06:18,037 - action_to_table - INFO - Parsing file: guided-workflow-backend\api\v2\routers\users.py
2025-11-03 15:06:19,476 - action_to_table - INFO - Parsing file: guided-workflow-backend\api\v2\routers\user_defined_types.py
2025-11-03 15:06:23,102 - action_to_table - INFO - Parsing file: guided-workflow-backend\api\v2\routers\documentation\documentation.py
2025-11-03 15:06:25,455 - action_to_table - INFO - Parsing file: guided-workflow-backend\api\v2\routers\manager\assignments.py
2025-11-03 15:06:28,719 - action_to_table - INFO - Parsing file: guided-workflow-backend\api\v2\routers\manager\bookings.py
2025-11-03 15:06:29,979 - action_to_table - INFO - Parsing file: guided-workflow-backend\api\v2\routers\manager\bookings_common.py
2025-11-03 15:06:33,958 - action_to_table - INFO - Parsing file: guided-workflow-backend\api\v2\routers\manager\bookings_manager.py
2025-11-03 15:06:43,134 - action_to_table - INFO - Parsing file: guided-workflow-backend\api\v2\routers\manager\pool_manager.py
2025-11-03 15:06:44,473 - action_to_table - INFO - Parsing file: guided-workflow-backend\api\v2\routers\manager\sdp.py
2025-11-03 15:06:45,916 - action_to_table - INFO - Parsing file: guided-workflow-backend\api\v2\routers\manager\super_customers.py
2025-11-03 15:06:47,668 - action_to_table - INFO - Parsing file: guided-workflow-backend\api\v2\routers\manager\users.py
2025-11-03 15:06:50,888 - action_to_table - INFO - Parsing file: guided-workflow-backend\api\v2\routers\sdp\completions.py
2025-11-03 15:06:54,746 - action_to_table - INFO - Parsing file: guided-workflow-backend\api\v2\routers\sdp\deliverables.py
2025-11-03 15:06:57,173 - action_to_table - INFO - Parsing file: guided-workflow-backend\api\v2\routers\sdp\time_tracking.py
2025-11-03 15:07:01,733 - action_to_table - INFO - Parsing file: guided-workflow-backend\api\v2\routers\support\agent.py
2025-11-03 15:07:04,023 - action_to_table - INFO - Parsing file: guided-workflow-backend\api\v2\routers\support\user.py
2025-11-03 15:07:09,028 - action_to_table - INFO - Parsing file: guided-workflow-backend\api\v2\routers\workflows\actions.py
2025-11-03 15:07:12,676 - action_to_table - INFO - Parsing file: guided-workflow-backend\api\v2\routers\workflows\downloads.py
2025-11-03 15:07:14,753 - action_to_table - INFO - Parsing file: guided-workflow-backend\api\v2\routers\workflows\evidence_uploads.py
2025-11-03 15:07:16,994 - action_to_table - INFO - Parsing file: guided-workflow-backend\api\v2\routers\workflows\lookups.py
2025-11-03 15:07:19,272 - action_to_table - INFO - Parsing file: guided-workflow-backend\api\v2\routers\workflows\macd.py
2025-11-03 15:07:22,183 - action_to_table - INFO - Parsing file: guided-workflow-backend\api\v2\routers\workflows\notifications.py
2025-11-03 15:07:29,679 - action_to_table - INFO - Parsing file: guided-workflow-backend\api\v2\routers\workflows\sea_upload.py
2025-11-03 15:07:31,991 - action_to_table - INFO - Parsing file: guided-workflow-backend\api\v2\routers\workflows\signoff.py
2025-11-03 15:07:33,923 - action_to_table - INFO - Parsing file: guided-workflow-backend\api\v2\routers\workflows\workflow_tagging.py
2025-11-03 15:07:36,433 - action_to_table - INFO - Parsing file: guided-workflow-backend\api\v2\routers\admin\financial\contracts.py
2025-11-03 15:07:38,617 - action_to_table - INFO - Parsing file: guided-workflow-backend\api\v2\routers\admin\financial\revenue.py
2025-11-03 15:07:43,819 - action_to_table - INFO - Parsing file: guided-workflow-backend\api\v2\routers\admin\financial\unverified.py
2025-11-03 15:07:46,020 - action_to_table - INFO - Parsing file: guided-workflow-backend\api\v2\routers\admin\financial\verified.py
2025-11-03 15:07:49,774 - action_to_table - INFO - Parsing file: guided-workflow-backend\api\v2\routers\admin\sdp\deliverables.py
2025-11-03 15:07:54,656 - action_to_table - INFO - Parsing file: guided-workflow-backend\api\v2\routers\admin\sdp\lifecycles.py
2025-11-03 15:08:00,219 - action_to_table - INFO - Parsing file: guided-workflow-backend\api\v2\routers\admin\sdp\sdp.py
2025-11-03 15:08:02,698 - action_to_table - INFO - Parsing file: guided-workflow-backend\api\v2\routers\admin\sdp\subtasks.py
2025-11-03 15:08:07,898 - action_to_table - INFO - Parsing file: guided-workflow-backend\api\v2\routers\admin\sdp\tasks.py
2025-11-03 15:08:11,028 - __main__ - INFO - Found 187 backend routes
2025-11-03 15:08:11,028 - __main__ - INFO - Step 4: Creating API mappings...
2025-11-03 15:08:11,065 - __main__ - INFO - Created 175 mappings
2025-11-03 15:08:11,066 - __main__ - INFO - Step 5: Writing enhanced CSV: enhanced_test_mapping.csv
2025-11-03 15:08:11,089 - __main__ - INFO - Enhanced CSV Summary:
2025-11-03 15:08:11,089 - __main__ - INFO - Total API mappings: 175
2025-11-03 15:08:11,090 - __main__ - INFO - Matched endpoints: 175 (100.0%)
2025-11-03 15:08:11,090 - __main__ - INFO - With database tables: 148 (84.6%)
2025-11-03 15:08:11,090 - __main__ - INFO - With stored procedures: 14 (8.0%)
2025-11-03 15:08:11,090 - __main__ - INFO - With flow calls: 15 (8.6%)
2025-11-03 15:08:11,090 - __main__ - INFO - With column details: 148 (84.6%)
2025-11-03 15:08:11,091 - __main__ - INFO - Total tables analyzed: 78
2025-11-03 15:08:11,091 - __main__ - INFO - Sample table-column mappings:
2025-11-03 15:08:11,091 - __main__ - INFO -   DC_CAM_TO_ENGAGEMENT: DC_ENGAGEMENT_ID, USER_ID
2025-11-03 15:08:11,091 - __main__ - INFO -   DC_CANVAS_HDR: CANVAS_DESC, CANVAS_ID, CANVAS_NAME, CANVAS_STATUS, CANVAS_TYPE (+9 more)
2025-11-03 15:08:11,092 - __main__ - INFO -   DC_DATA_SOURCES: DATE_SOURCED, DISPLAY_NAME, FILE_NAME, FILE_NUMBER, FILE_SOURCE (+7 more)
2025-11-03 15:08:11,092 - __main__ - INFO -   DC_SNAPSHOT_DATA: NAME, SNAPSHOT_DATE, SNAPSHOT_VERSION
2025-11-03 15:08:11,092 - __main__ - INFO -   DC_CONTRACT_ASSET_MGT_TYPES: AM_TYPE_ID, ASSET_MANAGEMENT_TYPE
2025-11-03 15:08:11,093 - __main__ - INFO - Enhanced CSV generated successfully: enhanced_test_mapping.csv
2025-11-03 15:20:38,094 - __main__ - INFO - Generating Enhanced Table-Column Relationship CSV
2025-11-03 15:20:38,095 - __main__ - INFO - ============================================================
2025-11-03 15:20:38,095 - __main__ - INFO - Step 1: Extracting table-column information...
2025-11-03 15:20:38,095 - __main__ - INFO - Extracting detailed table-column information...
2025-11-03 15:20:38,205 - __main__ - INFO - Found 78 tables with column details
2025-11-03 15:20:38,205 - __main__ - INFO - Found 74 response models
2025-11-03 15:20:38,205 - __main__ - INFO - Step 2: Analyzing frontend...
2025-11-03 15:20:38,498 - __main__ - INFO - Found 175 frontend API calls
2025-11-03 15:20:38,498 - __main__ - INFO - Step 3: Analyzing backend...
2025-11-03 15:20:38,551 - action_to_table - INFO - Found 86 known tables
2025-11-03 15:20:38,953 - action_to_table - INFO - Collected 1270 function definitions
2025-11-03 15:20:38,953 - action_to_table - INFO - Parsing file: guided-workflow-backend\api\v2\routers\announcements.py
2025-11-03 15:20:51,801 - action_to_table - INFO - Parsing file: guided-workflow-backend\api\v2\routers\canvas.py
2025-11-03 15:20:58,738 - action_to_table - INFO - Parsing file: guided-workflow-backend\api\v2\routers\contracts.py
2025-11-03 15:21:02,542 - action_to_table - INFO - Parsing file: guided-workflow-backend\api\v2\routers\dc_types.py
2025-11-03 15:21:04,100 - action_to_table - INFO - Parsing file: guided-workflow-backend\api\v2\routers\engagements.py
2025-11-03 15:21:06,080 - action_to_table - INFO - Parsing file: guided-workflow-backend\api\v2\routers\file_management.py
2025-11-03 15:21:07,034 - action_to_table - INFO - Parsing file: guided-workflow-backend\api\v2\routers\links.py
2025-11-03 15:21:09,883 - action_to_table - INFO - Parsing file: guided-workflow-backend\api\v2\routers\stakeholders.py
2025-11-03 15:21:11,939 - action_to_table - INFO - Parsing file: guided-workflow-backend\api\v2\routers\static.py
2025-11-03 15:21:12,921 - action_to_table - INFO - Parsing file: guided-workflow-backend\api\v2\routers\tags.py
2025-11-03 15:21:16,526 - action_to_table - INFO - Parsing file: guided-workflow-backend\api\v2\routers\tagsets.py
2025-11-03 15:21:20,126 - action_to_table - INFO - Parsing file: guided-workflow-backend\api\v2\routers\thought_spot.py
2025-11-03 15:21:23,930 - action_to_table - INFO - Parsing file: guided-workflow-backend\api\v2\routers\thought_spot_tag.py
2025-11-03 15:21:24,742 - action_to_table - INFO - Parsing file: guided-workflow-backend\api\v2\routers\users.py
2025-11-03 15:21:26,328 - action_to_table - INFO - Parsing file: guided-workflow-backend\api\v2\routers\user_defined_types.py
2025-11-03 15:21:30,757 - action_to_table - INFO - Parsing file: guided-workflow-backend\api\v2\routers\documentation\documentation.py
2025-11-03 15:21:32,100 - action_to_table - INFO - Parsing file: guided-workflow-backend\api\v2\routers\manager\assignments.py
2025-11-03 15:21:34,907 - action_to_table - INFO - Parsing file: guided-workflow-backend\api\v2\routers\manager\bookings.py
2025-11-03 15:21:36,036 - action_to_table - INFO - Parsing file: guided-workflow-backend\api\v2\routers\manager\bookings_common.py
2025-11-03 15:21:43,353 - action_to_table - INFO - Parsing file: guided-workflow-backend\api\v2\routers\manager\bookings_manager.py
2025-11-03 15:22:02,415 - action_to_table - INFO - Parsing file: guided-workflow-backend\api\v2\routers\manager\pool_manager.py
2025-11-03 15:22:02,899 - action_to_table - INFO - Parsing file: guided-workflow-backend\api\v2\routers\manager\sdp.py
2025-11-03 15:22:03,486 - action_to_table - INFO - Parsing file: guided-workflow-backend\api\v2\routers\manager\super_customers.py
2025-11-03 15:22:04,901 - action_to_table - INFO - Parsing file: guided-workflow-backend\api\v2\routers\manager\users.py
2025-11-03 15:22:06,916 - action_to_table - INFO - Parsing file: guided-workflow-backend\api\v2\routers\sdp\completions.py
2025-11-03 15:22:11,435 - action_to_table - INFO - Parsing file: guided-workflow-backend\api\v2\routers\sdp\deliverables.py
2025-11-03 15:22:14,652 - action_to_table - INFO - Parsing file: guided-workflow-backend\api\v2\routers\sdp\time_tracking.py
2025-11-03 15:22:20,250 - action_to_table - INFO - Parsing file: guided-workflow-backend\api\v2\routers\support\agent.py
2025-11-03 15:22:23,574 - action_to_table - INFO - Parsing file: guided-workflow-backend\api\v2\routers\support\user.py
2025-11-03 15:22:29,899 - action_to_table - INFO - Parsing file: guided-workflow-backend\api\v2\routers\workflows\actions.py
2025-11-03 15:22:33,990 - action_to_table - INFO - Parsing file: guided-workflow-backend\api\v2\routers\workflows\downloads.py
2025-11-03 15:22:36,209 - action_to_table - INFO - Parsing file: guided-workflow-backend\api\v2\routers\workflows\evidence_uploads.py
2025-11-03 15:22:38,863 - action_to_table - INFO - Parsing file: guided-workflow-backend\api\v2\routers\workflows\lookups.py
2025-11-03 15:22:41,885 - action_to_table - INFO - Parsing file: guided-workflow-backend\api\v2\routers\workflows\macd.py
2025-11-03 15:22:45,442 - action_to_table - INFO - Parsing file: guided-workflow-backend\api\v2\routers\workflows\notifications.py
2025-11-03 15:22:55,795 - action_to_table - INFO - Parsing file: guided-workflow-backend\api\v2\routers\workflows\sea_upload.py
2025-11-03 15:22:58,129 - action_to_table - INFO - Parsing file: guided-workflow-backend\api\v2\routers\workflows\signoff.py
2025-11-03 15:23:00,405 - action_to_table - INFO - Parsing file: guided-workflow-backend\api\v2\routers\workflows\workflow_tagging.py
2025-11-03 15:23:03,081 - action_to_table - INFO - Parsing file: guided-workflow-backend\api\v2\routers\admin\financial\contracts.py
2025-11-03 15:23:05,298 - action_to_table - INFO - Parsing file: guided-workflow-backend\api\v2\routers\admin\financial\revenue.py
2025-11-03 15:23:11,444 - action_to_table - INFO - Parsing file: guided-workflow-backend\api\v2\routers\admin\financial\unverified.py
2025-11-03 15:23:14,072 - action_to_table - INFO - Parsing file: guided-workflow-backend\api\v2\routers\admin\financial\verified.py
2025-11-03 15:23:18,870 - action_to_table - INFO - Parsing file: guided-workflow-backend\api\v2\routers\admin\sdp\deliverables.py
2025-11-03 15:23:24,935 - action_to_table - INFO - Parsing file: guided-workflow-backend\api\v2\routers\admin\sdp\lifecycles.py
2025-11-03 15:23:31,634 - action_to_table - INFO - Parsing file: guided-workflow-backend\api\v2\routers\admin\sdp\sdp.py
2025-11-03 15:23:34,016 - action_to_table - INFO - Parsing file: guided-workflow-backend\api\v2\routers\admin\sdp\subtasks.py
2025-11-03 15:23:39,682 - action_to_table - INFO - Parsing file: guided-workflow-backend\api\v2\routers\admin\sdp\tasks.py
2025-11-03 15:23:43,815 - __main__ - INFO - Found 187 backend routes
2025-11-03 15:23:43,815 - __main__ - INFO - Step 4: Creating API mappings...
2025-11-03 15:23:43,850 - __main__ - INFO - Created 175 mappings
2025-11-03 15:23:43,851 - __main__ - INFO - Step 5: Writing enhanced CSV: final_enhanced_mapping.csv
2025-11-03 15:23:43,884 - __main__ - INFO - Enhanced CSV Summary:
2025-11-03 15:23:43,885 - __main__ - INFO - Total API mappings: 175
2025-11-03 15:23:43,886 - __main__ - INFO - Matched endpoints: 175 (100.0%)
2025-11-03 15:23:43,887 - __main__ - INFO - With database tables: 148 (84.6%)
2025-11-03 15:23:43,887 - __main__ - INFO - With stored procedures: 14 (8.0%)
2025-11-03 15:23:43,889 - __main__ - INFO - With flow calls: 15 (8.6%)
2025-11-03 15:23:43,890 - __main__ - INFO - With column details: 148 (84.6%)
2025-11-03 15:23:43,891 - __main__ - INFO - Total tables analyzed: 78
2025-11-03 15:23:43,891 - __main__ - INFO - Sample table-column mappings:
2025-11-03 15:23:43,891 - __main__ - INFO -   DC_CAM_TO_ENGAGEMENT: DC_ENGAGEMENT_ID, USER_ID
2025-11-03 15:23:43,892 - __main__ - INFO -   DC_CANVAS_HDR: CANVAS_DESC, CANVAS_ID, CANVAS_NAME, CANVAS_STATUS, CANVAS_TYPE (+9 more)
2025-11-03 15:23:43,893 - __main__ - INFO -   DC_DATA_SOURCES: DATE_SOURCED, DISPLAY_NAME, FILE_NAME, FILE_NUMBER, FILE_SOURCE (+7 more)
2025-11-03 15:23:43,894 - __main__ - INFO -   DC_SNAPSHOT_DATA: NAME, SNAPSHOT_DATE, SNAPSHOT_VERSION
2025-11-03 15:23:43,896 - __main__ - INFO -   DC_CONTRACT_ASSET_MGT_TYPES: AM_TYPE_ID, ASSET_MANAGEMENT_TYPE
2025-11-03 15:23:43,897 - __main__ - INFO - Enhanced CSV generated successfully: final_enhanced_mapping.csv
2025-11-03 15:33:22,509 - __main__ - INFO - Generating Enhanced Table-Column Relationship CSV
2025-11-03 15:33:22,510 - __main__ - INFO - ============================================================
2025-11-03 15:33:22,510 - __main__ - INFO - Step 1: Extracting table-column information...
2025-11-03 15:33:22,510 - __main__ - INFO - Extracting detailed table-column information...
2025-11-03 15:33:23,254 - __main__ - INFO - Found 78 tables with column details
2025-11-03 15:33:23,254 - __main__ - INFO - Found 74 response models
2025-11-03 15:33:23,255 - __main__ - INFO - Step 2: Analyzing frontend...
2025-11-03 15:33:24,821 - __main__ - INFO - Found 175 frontend API calls
2025-11-03 15:33:24,822 - __main__ - INFO - Step 3: Analyzing backend...
2025-11-03 15:33:25,351 - action_to_table - INFO - Found 86 known tables
2025-11-03 15:33:27,721 - action_to_table - INFO - Collected 1270 function definitions
2025-11-03 15:33:27,727 - action_to_table - INFO - Parsing file: guided-workflow-backend\api\v2\routers\announcements.py
2025-11-03 15:33:51,815 - action_to_table - INFO - Parsing file: guided-workflow-backend\api\v2\routers\canvas.py
2025-11-03 15:33:57,615 - action_to_table - INFO - Parsing file: guided-workflow-backend\api\v2\routers\contracts.py
2025-11-03 15:34:00,507 - action_to_table - INFO - Parsing file: guided-workflow-backend\api\v2\routers\dc_types.py
2025-11-03 15:34:01,656 - action_to_table - INFO - Parsing file: guided-workflow-backend\api\v2\routers\engagements.py
2025-11-03 15:34:03,775 - action_to_table - INFO - Parsing file: guided-workflow-backend\api\v2\routers\file_management.py
2025-11-03 15:34:05,302 - action_to_table - INFO - Parsing file: guided-workflow-backend\api\v2\routers\links.py
2025-11-03 15:34:08,916 - action_to_table - INFO - Parsing file: guided-workflow-backend\api\v2\routers\stakeholders.py
2025-11-03 15:34:10,708 - action_to_table - INFO - Parsing file: guided-workflow-backend\api\v2\routers\static.py
2025-11-03 15:34:11,807 - action_to_table - INFO - Parsing file: guided-workflow-backend\api\v2\routers\tags.py
2025-11-03 15:34:15,321 - action_to_table - INFO - Parsing file: guided-workflow-backend\api\v2\routers\tagsets.py
2025-11-03 15:34:19,254 - action_to_table - INFO - Parsing file: guided-workflow-backend\api\v2\routers\thought_spot.py
2025-11-03 15:34:22,480 - action_to_table - INFO - Parsing file: guided-workflow-backend\api\v2\routers\thought_spot_tag.py
2025-11-03 15:34:23,330 - action_to_table - INFO - Parsing file: guided-workflow-backend\api\v2\routers\users.py
2025-11-03 15:34:24,616 - action_to_table - INFO - Parsing file: guided-workflow-backend\api\v2\routers\user_defined_types.py
2025-11-03 15:34:28,709 - action_to_table - INFO - Parsing file: guided-workflow-backend\api\v2\routers\documentation\documentation.py
2025-11-03 15:34:30,314 - action_to_table - INFO - Parsing file: guided-workflow-backend\api\v2\routers\manager\assignments.py
2025-11-03 15:34:33,135 - action_to_table - INFO - Parsing file: guided-workflow-backend\api\v2\routers\manager\bookings.py
2025-11-03 15:34:34,044 - action_to_table - INFO - Parsing file: guided-workflow-backend\api\v2\routers\manager\bookings_common.py
2025-11-03 15:34:38,318 - action_to_table - INFO - Parsing file: guided-workflow-backend\api\v2\routers\manager\bookings_manager.py
2025-11-03 15:34:45,690 - action_to_table - INFO - Parsing file: guided-workflow-backend\api\v2\routers\manager\pool_manager.py
2025-11-03 15:34:46,810 - action_to_table - INFO - Parsing file: guided-workflow-backend\api\v2\routers\manager\sdp.py
2025-11-03 15:34:48,412 - action_to_table - INFO - Parsing file: guided-workflow-backend\api\v2\routers\manager\super_customers.py
2025-11-03 15:34:50,593 - action_to_table - INFO - Parsing file: guided-workflow-backend\api\v2\routers\manager\users.py
2025-11-03 15:34:54,511 - action_to_table - INFO - Parsing file: guided-workflow-backend\api\v2\routers\sdp\completions.py
2025-11-03 15:34:56,661 - action_to_table - INFO - Parsing file: guided-workflow-backend\api\v2\routers\sdp\deliverables.py
2025-11-03 15:34:58,116 - action_to_table - INFO - Parsing file: guided-workflow-backend\api\v2\routers\sdp\time_tracking.py
2025-11-03 15:35:00,524 - action_to_table - INFO - Parsing file: guided-workflow-backend\api\v2\routers\support\agent.py
2025-11-03 15:35:01,987 - action_to_table - INFO - Parsing file: guided-workflow-backend\api\v2\routers\support\user.py
2025-11-03 15:35:04,451 - action_to_table - INFO - Parsing file: guided-workflow-backend\api\v2\routers\workflows\actions.py
2025-11-03 15:35:05,925 - action_to_table - INFO - Parsing file: guided-workflow-backend\api\v2\routers\workflows\downloads.py
2025-11-03 15:35:07,166 - action_to_table - INFO - Parsing file: guided-workflow-backend\api\v2\routers\workflows\evidence_uploads.py
2025-11-03 15:35:08,590 - action_to_table - INFO - Parsing file: guided-workflow-backend\api\v2\routers\workflows\lookups.py
2025-11-03 15:35:10,128 - action_to_table - INFO - Parsing file: guided-workflow-backend\api\v2\routers\workflows\macd.py
2025-11-03 15:35:11,825 - action_to_table - INFO - Parsing file: guided-workflow-backend\api\v2\routers\workflows\notifications.py
2025-11-03 15:35:15,323 - action_to_table - INFO - Parsing file: guided-workflow-backend\api\v2\routers\workflows\sea_upload.py
2025-11-03 15:35:16,453 - action_to_table - INFO - Parsing file: guided-workflow-backend\api\v2\routers\workflows\signoff.py
2025-11-03 15:35:17,622 - action_to_table - INFO - Parsing file: guided-workflow-backend\api\v2\routers\workflows\workflow_tagging.py
2025-11-03 15:35:19,101 - action_to_table - INFO - Parsing file: guided-workflow-backend\api\v2\routers\admin\financial\contracts.py
2025-11-03 15:35:20,459 - action_to_table - INFO - Parsing file: guided-workflow-backend\api\v2\routers\admin\financial\revenue.py
2025-11-03 15:35:23,221 - action_to_table - INFO - Parsing file: guided-workflow-backend\api\v2\routers\admin\financial\unverified.py
2025-11-03 15:35:24,331 - action_to_table - INFO - Parsing file: guided-workflow-backend\api\v2\routers\admin\financial\verified.py
2025-11-03 15:35:26,350 - action_to_table - INFO - Parsing file: guided-workflow-backend\api\v2\routers\admin\sdp\deliverables.py
2025-11-03 15:35:28,829 - action_to_table - INFO - Parsing file: guided-workflow-backend\api\v2\routers\admin\sdp\lifecycles.py
2025-11-03 15:35:30,896 - action_to_table - INFO - Parsing file: guided-workflow-backend\api\v2\routers\admin\sdp\sdp.py
2025-11-03 15:35:32,144 - action_to_table - INFO - Parsing file: guided-workflow-backend\api\v2\routers\admin\sdp\subtasks.py
2025-11-03 15:35:34,834 - action_to_table - INFO - Parsing file: guided-workflow-backend\api\v2\routers\admin\sdp\tasks.py
2025-11-03 15:35:36,182 - __main__ - INFO - Found 187 backend routes
2025-11-03 15:35:36,183 - __main__ - INFO - Step 4: Creating API mappings...
2025-11-03 15:35:36,207 - __main__ - INFO - Created 175 mappings
2025-11-03 15:35:36,207 - __main__ - INFO - Step 5: Writing enhanced CSV: final_fixed_mapping.csv
2025-11-03 15:35:36,222 - __main__ - INFO - Enhanced CSV Summary:
2025-11-03 15:35:36,222 - __main__ - INFO - Total API mappings: 175
2025-11-03 15:35:36,222 - __main__ - INFO - Matched endpoints: 175 (100.0%)
2025-11-03 15:35:36,222 - __main__ - INFO - With database tables: 148 (84.6%)
2025-11-03 15:35:36,222 - __main__ - INFO - With stored procedures: 14 (8.0%)
2025-11-03 15:35:36,222 - __main__ - INFO - With flow calls: 15 (8.6%)
2025-11-03 15:35:36,223 - __main__ - INFO - With column details: 148 (84.6%)
2025-11-03 15:35:36,223 - __main__ - INFO - Total tables analyzed: 78
2025-11-03 15:35:36,223 - __main__ - INFO - Sample table-column mappings:
2025-11-03 15:35:36,223 - __main__ - INFO -   DC_CAM_TO_ENGAGEMENT: DC_ENGAGEMENT_ID, USER_ID
2025-11-03 15:35:36,223 - __main__ - INFO -   DC_CANVAS_HDR: CANVAS_DESC, CANVAS_ID, CANVAS_NAME, CANVAS_STATUS, CANVAS_TYPE (+9 more)
2025-11-03 15:35:36,223 - __main__ - INFO -   DC_DATA_SOURCES: DATE_SOURCED, DISPLAY_NAME, FILE_NAME, FILE_NUMBER, FILE_SOURCE (+7 more)
2025-11-03 15:35:36,224 - __main__ - INFO -   DC_SNAPSHOT_DATA: NAME, SNAPSHOT_DATE, SNAPSHOT_VERSION
2025-11-03 15:35:36,224 - __main__ - INFO -   DC_CONTRACT_ASSET_MGT_TYPES: AM_TYPE_ID, ASSET_MANAGEMENT_TYPE
2025-11-03 15:35:36,224 - __main__ - INFO - Enhanced CSV generated successfully: final_fixed_mapping.csv
2025-11-03 15:38:14,250 - action_to_table - INFO - Found 86 known tables
2025-11-03 15:38:14,607 - action_to_table - INFO - Collected 1270 function definitions
2025-11-03 15:38:14,608 - action_to_table - INFO - Parsing file: guided-workflow-backend\api\v2\routers\announcements.py
2025-11-03 15:38:34,089 - action_to_table - INFO - Parsing file: guided-workflow-backend\api\v2\routers\canvas.py
2025-11-03 15:38:39,599 - action_to_table - INFO - Parsing file: guided-workflow-backend\api\v2\routers\contracts.py
2025-11-03 15:38:42,687 - action_to_table - INFO - Parsing file: guided-workflow-backend\api\v2\routers\dc_types.py
2025-11-03 15:38:43,959 - action_to_table - INFO - Parsing file: guided-workflow-backend\api\v2\routers\engagements.py
2025-11-03 15:38:46,475 - action_to_table - INFO - Parsing file: guided-workflow-backend\api\v2\routers\file_management.py
2025-11-03 15:38:47,649 - action_to_table - INFO - Parsing file: guided-workflow-backend\api\v2\routers\links.py
2025-11-03 15:38:50,819 - action_to_table - INFO - Parsing file: guided-workflow-backend\api\v2\routers\stakeholders.py
2025-11-03 15:38:52,477 - action_to_table - INFO - Parsing file: guided-workflow-backend\api\v2\routers\static.py
2025-11-03 15:38:53,380 - action_to_table - INFO - Parsing file: guided-workflow-backend\api\v2\routers\tags.py
2025-11-03 15:38:56,357 - action_to_table - INFO - Parsing file: guided-workflow-backend\api\v2\routers\tagsets.py
2025-11-03 15:39:00,606 - action_to_table - INFO - Parsing file: guided-workflow-backend\api\v2\routers\thought_spot.py
2025-11-03 15:39:04,564 - action_to_table - INFO - Parsing file: guided-workflow-backend\api\v2\routers\thought_spot_tag.py
2025-11-03 15:39:05,532 - action_to_table - INFO - Parsing file: guided-workflow-backend\api\v2\routers\users.py
2025-11-03 15:39:06,987 - action_to_table - INFO - Parsing file: guided-workflow-backend\api\v2\routers\user_defined_types.py
2025-11-03 15:39:10,449 - action_to_table - INFO - Parsing file: guided-workflow-backend\api\v2\routers\documentation\documentation.py
2025-11-03 15:39:11,971 - action_to_table - INFO - Parsing file: guided-workflow-backend\api\v2\routers\manager\assignments.py
2025-11-03 15:39:14,711 - action_to_table - INFO - Parsing file: guided-workflow-backend\api\v2\routers\manager\bookings.py
2025-11-03 15:39:15,624 - action_to_table - INFO - Parsing file: guided-workflow-backend\api\v2\routers\manager\bookings_common.py
2025-11-03 15:39:20,139 - action_to_table - INFO - Parsing file: guided-workflow-backend\api\v2\routers\manager\bookings_manager.py
2025-11-03 15:39:26,722 - action_to_table - INFO - Parsing file: guided-workflow-backend\api\v2\routers\manager\pool_manager.py
2025-11-03 15:39:27,714 - action_to_table - INFO - Parsing file: guided-workflow-backend\api\v2\routers\manager\sdp.py
2025-11-03 15:39:28,961 - action_to_table - INFO - Parsing file: guided-workflow-backend\api\v2\routers\manager\super_customers.py
2025-11-03 15:39:31,133 - action_to_table - INFO - Parsing file: guided-workflow-backend\api\v2\routers\manager\users.py
2025-11-03 15:39:34,743 - action_to_table - INFO - Parsing file: guided-workflow-backend\api\v2\routers\sdp\completions.py
2025-11-03 15:39:36,814 - action_to_table - INFO - Parsing file: guided-workflow-backend\api\v2\routers\sdp\deliverables.py
2025-11-03 15:39:38,519 - action_to_table - INFO - Parsing file: guided-workflow-backend\api\v2\routers\sdp\time_tracking.py
2025-11-03 15:39:41,079 - action_to_table - INFO - Parsing file: guided-workflow-backend\api\v2\routers\support\agent.py
2025-11-03 15:39:42,399 - action_to_table - INFO - Parsing file: guided-workflow-backend\api\v2\routers\support\user.py
2025-11-03 15:39:45,274 - action_to_table - INFO - Parsing file: guided-workflow-backend\api\v2\routers\workflows\actions.py
2025-11-03 15:39:46,872 - action_to_table - INFO - Parsing file: guided-workflow-backend\api\v2\routers\workflows\downloads.py
2025-11-03 15:39:48,243 - action_to_table - INFO - Parsing file: guided-workflow-backend\api\v2\routers\workflows\evidence_uploads.py
2025-11-03 15:39:49,714 - action_to_table - INFO - Parsing file: guided-workflow-backend\api\v2\routers\workflows\lookups.py
2025-11-03 15:39:51,374 - action_to_table - INFO - Parsing file: guided-workflow-backend\api\v2\routers\workflows\macd.py
2025-11-03 15:39:52,933 - action_to_table - INFO - Parsing file: guided-workflow-backend\api\v2\routers\workflows\notifications.py
2025-11-03 15:39:57,526 - action_to_table - INFO - Parsing file: guided-workflow-backend\api\v2\routers\workflows\sea_upload.py
2025-11-03 15:39:58,627 - action_to_table - INFO - Parsing file: guided-workflow-backend\api\v2\routers\workflows\signoff.py
2025-11-03 15:40:00,006 - action_to_table - INFO - Parsing file: guided-workflow-backend\api\v2\routers\workflows\workflow_tagging.py
2025-11-03 15:40:01,512 - action_to_table - INFO - Parsing file: guided-workflow-backend\api\v2\routers\admin\financial\contracts.py
2025-11-03 15:40:02,878 - action_to_table - INFO - Parsing file: guided-workflow-backend\api\v2\routers\admin\financial\revenue.py
2025-11-03 15:40:05,435 - action_to_table - INFO - Parsing file: guided-workflow-backend\api\v2\routers\admin\financial\unverified.py
2025-11-03 15:40:06,545 - action_to_table - INFO - Parsing file: guided-workflow-backend\api\v2\routers\admin\financial\verified.py
2025-11-03 15:40:08,168 - action_to_table - INFO - Parsing file: guided-workflow-backend\api\v2\routers\admin\sdp\deliverables.py
2025-11-03 15:40:11,577 - action_to_table - INFO - Parsing file: guided-workflow-backend\api\v2\routers\admin\sdp\lifecycles.py
2025-11-03 15:40:14,062 - action_to_table - INFO - Parsing file: guided-workflow-backend\api\v2\routers\admin\sdp\sdp.py
2025-11-03 15:40:15,219 - action_to_table - INFO - Parsing file: guided-workflow-backend\api\v2\routers\admin\sdp\subtasks.py
2025-11-03 15:40:17,959 - action_to_table - INFO - Parsing file: guided-workflow-backend\api\v2\routers\admin\sdp\tasks.py
2025-11-03 16:07:04,989 - __main__ - INFO - Generating Enhanced Table-Column Relationship CSV
2025-11-03 16:07:04,989 - __main__ - INFO - ============================================================
2025-11-03 16:07:04,989 - __main__ - INFO - Step 1: Extracting table-column information...
2025-11-03 16:07:04,989 - __main__ - INFO - Extracting detailed table-column information...
2025-11-03 16:07:05,089 - __main__ - INFO - Found 78 tables with column details
2025-11-03 16:07:05,089 - __main__ - INFO - Found 74 response models
2025-11-03 16:07:05,089 - __main__ - INFO - Step 2: Analyzing frontend...
2025-11-03 16:07:05,380 - __main__ - INFO - Found 169 frontend API calls
2025-11-03 16:07:05,380 - __main__ - INFO - Step 3: Analyzing backend...
2025-11-03 16:07:05,443 - action_to_table - INFO - Found 86 known tables
2025-11-03 16:07:05,823 - action_to_table - INFO - Collected 1270 function definitions
2025-11-03 16:07:05,823 - action_to_table - INFO - Parsing file: guided-workflow-backend\api\v2\routers\announcements.py
2025-11-03 16:07:19,644 - action_to_table - INFO - Parsing file: guided-workflow-backend\api\v2\routers\canvas.py
2025-11-03 16:07:25,849 - action_to_table - INFO - Parsing file: guided-workflow-backend\api\v2\routers\contracts.py
2025-11-03 16:07:29,697 - action_to_table - INFO - Parsing file: guided-workflow-backend\api\v2\routers\dc_types.py
2025-11-03 16:07:31,199 - action_to_table - INFO - Parsing file: guided-workflow-backend\api\v2\routers\engagements.py
2025-11-03 16:07:33,685 - action_to_table - INFO - Parsing file: guided-workflow-backend\api\v2\routers\file_management.py
2025-11-03 16:07:35,168 - action_to_table - INFO - Parsing file: guided-workflow-backend\api\v2\routers\links.py
2025-11-03 16:07:39,323 - action_to_table - INFO - Parsing file: guided-workflow-backend\api\v2\routers\stakeholders.py
2025-11-03 16:07:41,811 - action_to_table - INFO - Parsing file: guided-workflow-backend\api\v2\routers\static.py
2025-11-03 16:07:43,189 - action_to_table - INFO - Parsing file: guided-workflow-backend\api\v2\routers\tags.py
2025-11-03 16:07:47,073 - action_to_table - INFO - Parsing file: guided-workflow-backend\api\v2\routers\tagsets.py
2025-11-03 16:07:52,299 - action_to_table - INFO - Parsing file: guided-workflow-backend\api\v2\routers\thought_spot.py
2025-11-03 16:07:57,095 - action_to_table - INFO - Parsing file: guided-workflow-backend\api\v2\routers\thought_spot_tag.py
2025-11-03 16:07:58,504 - action_to_table - INFO - Parsing file: guided-workflow-backend\api\v2\routers\users.py
2025-11-03 16:08:00,397 - action_to_table - INFO - Parsing file: guided-workflow-backend\api\v2\routers\user_defined_types.py
2025-11-03 16:08:05,130 - action_to_table - INFO - Parsing file: guided-workflow-backend\api\v2\routers\documentation\documentation.py
2025-11-03 16:08:07,492 - action_to_table - INFO - Parsing file: guided-workflow-backend\api\v2\routers\manager\assignments.py
2025-11-03 16:08:11,690 - action_to_table - INFO - Parsing file: guided-workflow-backend\api\v2\routers\manager\bookings.py
2025-11-03 16:08:13,012 - action_to_table - INFO - Parsing file: guided-workflow-backend\api\v2\routers\manager\bookings_common.py
2025-11-03 16:08:17,690 - action_to_table - INFO - Parsing file: guided-workflow-backend\api\v2\routers\manager\bookings_manager.py
2025-11-03 16:08:25,097 - action_to_table - INFO - Parsing file: guided-workflow-backend\api\v2\routers\manager\pool_manager.py
2025-11-03 16:08:25,864 - action_to_table - INFO - Parsing file: guided-workflow-backend\api\v2\routers\manager\sdp.py
2025-11-03 16:08:27,016 - action_to_table - INFO - Parsing file: guided-workflow-backend\api\v2\routers\manager\super_customers.py
2025-11-03 16:08:29,168 - action_to_table - INFO - Parsing file: guided-workflow-backend\api\v2\routers\manager\users.py
2025-11-03 16:08:32,929 - action_to_table - INFO - Parsing file: guided-workflow-backend\api\v2\routers\sdp\completions.py
2025-11-03 16:08:35,350 - action_to_table - INFO - Parsing file: guided-workflow-backend\api\v2\routers\sdp\deliverables.py
2025-11-03 16:08:36,891 - action_to_table - INFO - Parsing file: guided-workflow-backend\api\v2\routers\sdp\time_tracking.py
2025-11-03 16:08:39,567 - action_to_table - INFO - Parsing file: guided-workflow-backend\api\v2\routers\support\agent.py
2025-11-03 16:08:41,119 - action_to_table - INFO - Parsing file: guided-workflow-backend\api\v2\routers\support\user.py
2025-11-03 16:08:43,884 - action_to_table - INFO - Parsing file: guided-workflow-backend\api\v2\routers\workflows\actions.py
2025-11-03 16:08:45,954 - action_to_table - INFO - Parsing file: guided-workflow-backend\api\v2\routers\workflows\downloads.py
2025-11-03 16:08:47,143 - action_to_table - INFO - Parsing file: guided-workflow-backend\api\v2\routers\workflows\evidence_uploads.py
2025-11-03 16:08:48,638 - action_to_table - INFO - Parsing file: guided-workflow-backend\api\v2\routers\workflows\lookups.py
2025-11-03 16:08:50,401 - action_to_table - INFO - Parsing file: guided-workflow-backend\api\v2\routers\workflows\macd.py
2025-11-03 16:08:52,097 - action_to_table - INFO - Parsing file: guided-workflow-backend\api\v2\routers\workflows\notifications.py
2025-11-03 16:08:56,725 - action_to_table - INFO - Parsing file: guided-workflow-backend\api\v2\routers\workflows\sea_upload.py
2025-11-03 16:08:57,823 - action_to_table - INFO - Parsing file: guided-workflow-backend\api\v2\routers\workflows\signoff.py
2025-11-03 16:08:59,192 - action_to_table - INFO - Parsing file: guided-workflow-backend\api\v2\routers\workflows\workflow_tagging.py
2025-11-03 16:09:00,595 - action_to_table - INFO - Parsing file: guided-workflow-backend\api\v2\routers\admin\financial\contracts.py
2025-11-03 16:09:02,240 - action_to_table - INFO - Parsing file: guided-workflow-backend\api\v2\routers\admin\financial\revenue.py
2025-11-03 16:09:05,532 - action_to_table - INFO - Parsing file: guided-workflow-backend\api\v2\routers\admin\financial\unverified.py
2025-11-03 16:09:07,494 - action_to_table - INFO - Parsing file: guided-workflow-backend\api\v2\routers\admin\financial\verified.py
2025-11-03 16:09:09,916 - action_to_table - INFO - Parsing file: guided-workflow-backend\api\v2\routers\admin\sdp\deliverables.py
2025-11-03 16:09:12,730 - action_to_table - INFO - Parsing file: guided-workflow-backend\api\v2\routers\admin\sdp\lifecycles.py
2025-11-03 16:09:15,942 - action_to_table - INFO - Parsing file: guided-workflow-backend\api\v2\routers\admin\sdp\sdp.py
2025-11-03 16:09:17,580 - action_to_table - INFO - Parsing file: guided-workflow-backend\api\v2\routers\admin\sdp\subtasks.py
2025-11-03 16:09:20,499 - action_to_table - INFO - Parsing file: guided-workflow-backend\api\v2\routers\admin\sdp\tasks.py
2025-11-03 16:09:22,429 - __main__ - INFO - Found 187 backend routes
2025-11-03 16:09:22,429 - __main__ - INFO - Step 4: Creating API mappings...
2025-11-03 16:09:22,452 - __main__ - INFO - Created 169 mappings
2025-11-03 16:09:22,452 - __main__ - INFO - Step 5: Writing enhanced CSV: debug_test_mapping.csv
2025-11-03 16:09:22,469 - __main__ - INFO - Enhanced CSV Summary:
2025-11-03 16:09:22,470 - __main__ - INFO - Total API mappings: 169
2025-11-03 16:09:22,470 - __main__ - INFO - Matched endpoints: 169 (100.0%)
2025-11-03 16:09:22,470 - __main__ - INFO - With database tables: 144 (85.2%)
2025-11-03 16:09:22,470 - __main__ - INFO - With stored procedures: 13 (7.7%)
2025-11-03 16:09:22,470 - __main__ - INFO - With flow calls: 12 (7.1%)
2025-11-03 16:09:22,471 - __main__ - INFO - With column details: 144 (85.2%)
2025-11-03 16:09:22,471 - __main__ - INFO - Total tables analyzed: 78
2025-11-03 16:09:22,471 - __main__ - INFO - Sample table-column mappings:
2025-11-03 16:09:22,471 - __main__ - INFO -   DC_CAM_TO_ENGAGEMENT: DC_ENGAGEMENT_ID, USER_ID
2025-11-03 16:09:22,471 - __main__ - INFO -   DC_CANVAS_HDR: CANVAS_DESC, CANVAS_ID, CANVAS_NAME, CANVAS_STATUS, CANVAS_TYPE (+9 more)
2025-11-03 16:09:22,471 - __main__ - INFO -   DC_DATA_SOURCES: DATE_SOURCED, DISPLAY_NAME, FILE_NAME, FILE_NUMBER, FILE_SOURCE (+7 more)
2025-11-03 16:09:22,471 - __main__ - INFO -   DC_SNAPSHOT_DATA: NAME, SNAPSHOT_DATE, SNAPSHOT_VERSION
2025-11-03 16:09:22,471 - __main__ - INFO -   DC_CONTRACT_ASSET_MGT_TYPES: AM_TYPE_ID, ASSET_MANAGEMENT_TYPE
2025-11-03 16:09:22,472 - __main__ - INFO - Enhanced CSV generated successfully: debug_test_mapping.csv
2025-11-03 16:36:26,533 - __main__ - INFO - Generating Enhanced Table-Column Relationship CSV
2025-11-03 16:36:26,533 - __main__ - INFO - ============================================================
2025-11-03 16:36:26,533 - __main__ - INFO - Step 1: Extracting table-column information...
2025-11-03 16:36:26,533 - __main__ - INFO - Extracting detailed table-column information...
2025-11-03 16:36:26,744 - __main__ - INFO - Found 78 tables with column details
2025-11-03 16:36:26,745 - __main__ - INFO - Found 74 response models
2025-11-03 16:36:26,745 - __main__ - INFO - Step 2: Analyzing frontend...
2025-11-03 16:36:27,085 - __main__ - INFO - Found 174 frontend API calls
2025-11-03 16:36:27,085 - __main__ - INFO - Step 3: Analyzing backend...
2025-11-03 16:36:27,166 - action_to_table - INFO - Found 86 known tables
2025-11-03 16:36:27,504 - action_to_table - INFO - Collected 1270 function definitions
2025-11-03 16:36:27,504 - action_to_table - INFO - Parsing file: guided-workflow-backend\api\v2\routers\announcements.py
2025-11-03 16:36:40,132 - action_to_table - INFO - Parsing file: guided-workflow-backend\api\v2\routers\canvas.py
2025-11-03 16:36:44,062 - action_to_table - INFO - Parsing file: guided-workflow-backend\api\v2\routers\contracts.py
2025-11-03 16:36:46,485 - action_to_table - INFO - Parsing file: guided-workflow-backend\api\v2\routers\dc_types.py
2025-11-03 16:36:47,403 - action_to_table - INFO - Parsing file: guided-workflow-backend\api\v2\routers\engagements.py
2025-11-03 16:36:48,982 - action_to_table - INFO - Parsing file: guided-workflow-backend\api\v2\routers\file_management.py
2025-11-03 16:36:50,003 - action_to_table - INFO - Parsing file: guided-workflow-backend\api\v2\routers\links.py
2025-11-03 16:36:52,685 - action_to_table - INFO - Parsing file: guided-workflow-backend\api\v2\routers\stakeholders.py
2025-11-03 16:36:54,322 - action_to_table - INFO - Parsing file: guided-workflow-backend\api\v2\routers\static.py
2025-11-03 16:36:55,476 - action_to_table - INFO - Parsing file: guided-workflow-backend\api\v2\routers\tags.py
2025-11-03 16:36:58,361 - action_to_table - INFO - Parsing file: guided-workflow-backend\api\v2\routers\tagsets.py
2025-11-03 16:37:01,618 - action_to_table - INFO - Parsing file: guided-workflow-backend\api\v2\routers\thought_spot.py
2025-11-03 16:37:04,618 - action_to_table - INFO - Parsing file: guided-workflow-backend\api\v2\routers\thought_spot_tag.py
2025-11-03 16:37:05,558 - action_to_table - INFO - Parsing file: guided-workflow-backend\api\v2\routers\users.py
2025-11-03 16:37:06,634 - action_to_table - INFO - Parsing file: guided-workflow-backend\api\v2\routers\user_defined_types.py
2025-11-03 16:37:09,805 - action_to_table - INFO - Parsing file: guided-workflow-backend\api\v2\routers\admin\financial\contracts.py
2025-11-03 16:37:10,591 - action_to_table - INFO - Parsing file: guided-workflow-backend\api\v2\routers\admin\financial\revenue.py
2025-11-03 16:37:12,641 - action_to_table - INFO - Parsing file: guided-workflow-backend\api\v2\routers\admin\financial\unverified.py
2025-11-03 16:37:13,492 - action_to_table - INFO - Parsing file: guided-workflow-backend\api\v2\routers\admin\financial\verified.py
2025-11-03 16:37:14,692 - action_to_table - INFO - Parsing file: guided-workflow-backend\api\v2\routers\admin\sdp\deliverables.py
2025-11-03 16:37:16,831 - action_to_table - INFO - Parsing file: guided-workflow-backend\api\v2\routers\admin\sdp\lifecycles.py
2025-11-03 16:37:18,989 - action_to_table - INFO - Parsing file: guided-workflow-backend\api\v2\routers\admin\sdp\sdp.py
2025-11-03 16:37:19,989 - action_to_table - INFO - Parsing file: guided-workflow-backend\api\v2\routers\admin\sdp\subtasks.py
2025-11-03 16:37:21,798 - action_to_table - INFO - Parsing file: guided-workflow-backend\api\v2\routers\admin\sdp\tasks.py
2025-11-03 16:37:23,319 - action_to_table - INFO - Parsing file: guided-workflow-backend\api\v2\routers\documentation\documentation.py
2025-11-03 16:37:25,125 - action_to_table - INFO - Parsing file: guided-workflow-backend\api\v2\routers\manager\assignments.py
2025-11-03 16:37:27,692 - action_to_table - INFO - Parsing file: guided-workflow-backend\api\v2\routers\manager\bookings.py
2025-11-03 16:37:28,871 - action_to_table - INFO - Parsing file: guided-workflow-backend\api\v2\routers\manager\bookings_common.py
2025-11-03 16:37:32,112 - action_to_table - INFO - Parsing file: guided-workflow-backend\api\v2\routers\manager\bookings_manager.py
2025-11-03 16:37:38,424 - action_to_table - INFO - Parsing file: guided-workflow-backend\api\v2\routers\manager\pool_manager.py
2025-11-03 16:37:39,520 - action_to_table - INFO - Parsing file: guided-workflow-backend\api\v2\routers\manager\sdp.py
2025-11-03 16:37:40,387 - action_to_table - INFO - Parsing file: guided-workflow-backend\api\v2\routers\manager\super_customers.py
2025-11-03 16:37:42,075 - action_to_table - INFO - Parsing file: guided-workflow-backend\api\v2\routers\manager\users.py
2025-11-03 16:37:44,961 - action_to_table - INFO - Parsing file: guided-workflow-backend\api\v2\routers\sdp\completions.py
2025-11-03 16:37:46,665 - action_to_table - INFO - Parsing file: guided-workflow-backend\api\v2\routers\sdp\deliverables.py
2025-11-03 16:37:47,996 - action_to_table - INFO - Parsing file: guided-workflow-backend\api\v2\routers\sdp\time_tracking.py
2025-11-03 16:37:49,685 - action_to_table - INFO - Parsing file: guided-workflow-backend\api\v2\routers\support\agent.py
2025-11-03 16:37:51,140 - action_to_table - INFO - Parsing file: guided-workflow-backend\api\v2\routers\support\user.py
2025-11-03 16:37:53,112 - action_to_table - INFO - Parsing file: guided-workflow-backend\api\v2\routers\workflows\actions.py
2025-11-03 16:37:54,743 - action_to_table - INFO - Parsing file: guided-workflow-backend\api\v2\routers\workflows\downloads.py
2025-11-03 16:37:56,204 - action_to_table - INFO - Parsing file: guided-workflow-backend\api\v2\routers\workflows\evidence_uploads.py
2025-11-03 16:37:57,005 - action_to_table - INFO - Parsing file: guided-workflow-backend\api\v2\routers\workflows\lookups.py
2025-11-03 16:37:57,983 - action_to_table - INFO - Parsing file: guided-workflow-backend\api\v2\routers\workflows\macd.py
2025-11-03 16:37:59,429 - action_to_table - INFO - Parsing file: guided-workflow-backend\api\v2\routers\workflows\notifications.py
2025-11-03 16:38:02,536 - action_to_table - INFO - Parsing file: guided-workflow-backend\api\v2\routers\workflows\sea_upload.py
2025-11-03 16:38:03,416 - action_to_table - INFO - Parsing file: guided-workflow-backend\api\v2\routers\workflows\signoff.py
2025-11-03 16:38:04,201 - action_to_table - INFO - Parsing file: guided-workflow-backend\api\v2\routers\workflows\workflow_tagging.py
2025-11-03 16:38:05,200 - __main__ - INFO - Found 187 backend routes
2025-11-03 16:38:05,200 - __main__ - INFO - Step 4: Creating API mappings...
2025-11-03 16:38:05,225 - __main__ - INFO - Created 174 mappings
2025-11-03 16:38:05,225 - __main__ - INFO - Step 5: Writing enhanced CSV: flow_sp_test_mapping.csv
2025-11-03 16:38:05,238 - __main__ - INFO - Enhanced CSV Summary:
2025-11-03 16:38:05,238 - __main__ - INFO - Total API mappings: 174
2025-11-03 16:38:05,239 - __main__ - INFO - Matched endpoints: 174 (100.0%)
2025-11-03 16:38:05,239 - __main__ - INFO - With database tables: 146 (83.9%)
2025-11-03 16:38:05,240 - __main__ - INFO - With stored procedures: 13 (7.5%)
2025-11-03 16:38:05,240 - __main__ - INFO - With flow calls: 17 (9.8%)
2025-11-03 16:38:05,240 - __main__ - INFO - With column details: 146 (83.9%)
2025-11-03 16:38:05,242 - __main__ - INFO - Total tables analyzed: 78
2025-11-03 16:38:05,242 - __main__ - INFO - Sample table-column mappings:
2025-11-03 16:38:05,242 - __main__ - INFO -   DC_CAM_TO_ENGAGEMENT: DC_ENGAGEMENT_ID, USER_ID
2025-11-03 16:38:05,242 - __main__ - INFO -   DC_CANVAS_HDR: CANVAS_DESC, CANVAS_ID, CANVAS_NAME, CANVAS_STATUS, CANVAS_TYPE (+9 more)
2025-11-03 16:38:05,243 - __main__ - INFO -   DC_DATA_SOURCES: DATE_SOURCED, DISPLAY_NAME, FILE_NAME, FILE_NUMBER, FILE_SOURCE (+7 more)
2025-11-03 16:38:05,243 - __main__ - INFO -   DC_SNAPSHOT_DATA: NAME, SNAPSHOT_DATE, SNAPSHOT_VERSION
2025-11-03 16:38:05,244 - __main__ - INFO -   DC_CONTRACT_ASSET_MGT_TYPES: AM_TYPE_ID, ASSET_MANAGEMENT_TYPE
2025-11-03 16:38:05,244 - __main__ - INFO - Enhanced CSV generated successfully: flow_sp_test_mapping.csv
2025-11-03 21:37:49,149 - __main__ - INFO - Generating Enhanced Table-Column Relationship CSV
2025-11-03 21:37:49,149 - __main__ - INFO - ============================================================
2025-11-03 21:37:49,150 - __main__ - INFO - Step 1: Extracting table-column information...
2025-11-03 21:37:49,150 - __main__ - INFO - Extracting detailed table-column information...
2025-11-03 21:37:49,288 - __main__ - INFO - Found 78 tables with column details
2025-11-03 21:37:49,289 - __main__ - INFO - Found 74 response models
2025-11-03 21:37:49,289 - __main__ - INFO - Step 2: Analyzing frontend...
2025-11-03 21:37:49,833 - __main__ - INFO - Found 174 frontend API calls
2025-11-03 21:37:49,833 - __main__ - INFO - Step 3: Analyzing backend...
2025-11-03 21:37:49,943 - action_to_table - INFO - Found 86 known tables
2025-11-03 21:37:50,571 - action_to_table - INFO - Collected 1270 function definitions
2025-11-03 21:37:50,571 - action_to_table - INFO - Parsing file: guided-workflow-backend\api\v2\routers\announcements.py
2025-11-03 21:38:07,064 - action_to_table - INFO - Parsing file: guided-workflow-backend\api\v2\routers\canvas.py
2025-11-03 21:38:11,402 - action_to_table - INFO - Parsing file: guided-workflow-backend\api\v2\routers\contracts.py
2025-11-03 21:38:13,491 - action_to_table - INFO - Parsing file: guided-workflow-backend\api\v2\routers\dc_types.py
2025-11-03 21:38:14,185 - action_to_table - INFO - Parsing file: guided-workflow-backend\api\v2\routers\engagements.py
2025-11-03 21:38:15,311 - action_to_table - INFO - Parsing file: guided-workflow-backend\api\v2\routers\file_management.py
2025-11-03 21:38:15,947 - action_to_table - INFO - Parsing file: guided-workflow-backend\api\v2\routers\links.py
2025-11-03 21:38:17,827 - action_to_table - INFO - Parsing file: guided-workflow-backend\api\v2\routers\stakeholders.py
2025-11-03 21:38:18,944 - action_to_table - INFO - Parsing file: guided-workflow-backend\api\v2\routers\static.py
2025-11-03 21:38:19,593 - action_to_table - INFO - Parsing file: guided-workflow-backend\api\v2\routers\tags.py
2025-11-03 21:38:21,571 - action_to_table - INFO - Parsing file: guided-workflow-backend\api\v2\routers\tagsets.py
2025-11-03 21:38:24,225 - action_to_table - INFO - Parsing file: guided-workflow-backend\api\v2\routers\thought_spot.py
2025-11-03 21:38:26,792 - action_to_table - INFO - Parsing file: guided-workflow-backend\api\v2\routers\thought_spot_tag.py
2025-11-03 21:38:27,429 - action_to_table - INFO - Parsing file: guided-workflow-backend\api\v2\routers\users.py
2025-11-03 21:38:28,338 - action_to_table - INFO - Parsing file: guided-workflow-backend\api\v2\routers\user_defined_types.py
2025-11-03 21:38:31,406 - action_to_table - INFO - Parsing file: guided-workflow-backend\api\v2\routers\documentation\documentation.py
2025-11-03 21:38:32,886 - action_to_table - INFO - Parsing file: guided-workflow-backend\api\v2\routers\manager\assignments.py
2025-11-03 21:38:35,087 - action_to_table - INFO - Parsing file: guided-workflow-backend\api\v2\routers\manager\bookings.py
2025-11-03 21:38:35,955 - action_to_table - INFO - Parsing file: guided-workflow-backend\api\v2\routers\manager\bookings_common.py
2025-11-03 21:38:39,977 - action_to_table - INFO - Parsing file: guided-workflow-backend\api\v2\routers\manager\bookings_manager.py
2025-11-03 21:38:45,983 - action_to_table - INFO - Parsing file: guided-workflow-backend\api\v2\routers\manager\pool_manager.py
2025-11-03 21:38:46,604 - action_to_table - INFO - Parsing file: guided-workflow-backend\api\v2\routers\manager\sdp.py
2025-11-03 21:38:47,306 - action_to_table - INFO - Parsing file: guided-workflow-backend\api\v2\routers\manager\super_customers.py
2025-11-03 21:38:48,461 - action_to_table - INFO - Parsing file: guided-workflow-backend\api\v2\routers\manager\users.py
2025-11-03 21:38:50,589 - action_to_table - INFO - Parsing file: guided-workflow-backend\api\v2\routers\sdp\completions.py
2025-11-03 21:38:52,061 - action_to_table - INFO - Parsing file: guided-workflow-backend\api\v2\routers\sdp\deliverables.py
2025-11-03 21:38:53,032 - action_to_table - INFO - Parsing file: guided-workflow-backend\api\v2\routers\sdp\time_tracking.py
2025-11-03 21:38:54,805 - action_to_table - INFO - Parsing file: guided-workflow-backend\api\v2\routers\support\agent.py
2025-11-03 21:38:55,851 - action_to_table - INFO - Parsing file: guided-workflow-backend\api\v2\routers\support\user.py
2025-11-03 21:38:57,813 - action_to_table - INFO - Parsing file: guided-workflow-backend\api\v2\routers\workflows\actions.py
2025-11-03 21:38:59,067 - action_to_table - INFO - Parsing file: guided-workflow-backend\api\v2\routers\workflows\downloads.py
2025-11-03 21:38:59,841 - action_to_table - INFO - Parsing file: guided-workflow-backend\api\v2\routers\workflows\evidence_uploads.py
2025-11-03 21:39:00,596 - action_to_table - INFO - Parsing file: guided-workflow-backend\api\v2\routers\workflows\lookups.py
2025-11-03 21:39:01,458 - action_to_table - INFO - Parsing file: guided-workflow-backend\api\v2\routers\workflows\macd.py
2025-11-03 21:39:02,470 - action_to_table - INFO - Parsing file: guided-workflow-backend\api\v2\routers\workflows\notifications.py
2025-11-03 21:39:05,153 - action_to_table - INFO - Parsing file: guided-workflow-backend\api\v2\routers\workflows\sea_upload.py
2025-11-03 21:39:05,842 - action_to_table - INFO - Parsing file: guided-workflow-backend\api\v2\routers\workflows\signoff.py
2025-11-03 21:39:06,625 - action_to_table - INFO - Parsing file: guided-workflow-backend\api\v2\routers\workflows\workflow_tagging.py
2025-11-03 21:39:07,285 - action_to_table - INFO - Parsing file: guided-workflow-backend\api\v2\routers\admin\financial\contracts.py
2025-11-03 21:39:08,041 - action_to_table - INFO - Parsing file: guided-workflow-backend\api\v2\routers\admin\financial\revenue.py
2025-11-03 21:39:10,003 - action_to_table - INFO - Parsing file: guided-workflow-backend\api\v2\routers\admin\financial\unverified.py
2025-11-03 21:39:10,860 - action_to_table - INFO - Parsing file: guided-workflow-backend\api\v2\routers\admin\financial\verified.py
2025-11-03 21:39:12,453 - action_to_table - INFO - Parsing file: guided-workflow-backend\api\v2\routers\admin\sdp\deliverables.py
2025-11-03 21:39:13,919 - action_to_table - INFO - Parsing file: guided-workflow-backend\api\v2\routers\admin\sdp\lifecycles.py
2025-11-03 21:39:15,584 - action_to_table - INFO - Parsing file: guided-workflow-backend\api\v2\routers\admin\sdp\sdp.py
2025-11-03 21:39:16,244 - action_to_table - INFO - Parsing file: guided-workflow-backend\api\v2\routers\admin\sdp\subtasks.py
2025-11-03 21:39:17,993 - action_to_table - INFO - Parsing file: guided-workflow-backend\api\v2\routers\admin\sdp\tasks.py
2025-11-03 21:39:18,935 - __main__ - INFO - Found 187 backend routes
2025-11-03 21:39:18,935 - __main__ - INFO - Step 4: Creating API mappings...
2025-11-03 21:39:18,946 - __main__ - INFO - Created 174 mappings
2025-11-03 21:39:18,946 - __main__ - INFO - Step 5: Writing enhanced CSV: flow_sp_test_mapping.csv
2025-11-03 21:39:18,952 - __main__ - INFO - Enhanced CSV Summary:
2025-11-03 21:39:18,952 - __main__ - INFO - Total API mappings: 174
2025-11-03 21:39:18,952 - __main__ - INFO - Matched endpoints: 174 (100.0%)
2025-11-03 21:39:18,952 - __main__ - INFO - With database tables: 146 (83.9%)
2025-11-03 21:39:18,952 - __main__ - INFO - With stored procedures: 165 (94.8%)
2025-11-03 21:39:18,952 - __main__ - INFO - With flow calls: 17 (9.8%)
2025-11-03 21:39:18,952 - __main__ - INFO - With column details: 146 (83.9%)
2025-11-03 21:39:18,952 - __main__ - INFO - Total tables analyzed: 78
2025-11-03 21:39:18,953 - __main__ - INFO - Sample table-column mappings:
2025-11-03 21:39:18,953 - __main__ - INFO -   DC_CAM_TO_ENGAGEMENT: DC_ENGAGEMENT_ID, USER_ID
2025-11-03 21:39:18,953 - __main__ - INFO -   DC_CANVAS_HDR: CANVAS_DESC, CANVAS_ID, CANVAS_NAME, CANVAS_STATUS, CANVAS_TYPE (+9 more)
2025-11-03 21:39:18,953 - __main__ - INFO -   DC_DATA_SOURCES: DATE_SOURCED, DISPLAY_NAME, FILE_NAME, FILE_NUMBER, FILE_SOURCE (+7 more)
2025-11-03 21:39:18,953 - __main__ - INFO -   DC_SNAPSHOT_DATA: NAME, SNAPSHOT_DATE, SNAPSHOT_VERSION
2025-11-03 21:39:18,953 - __main__ - INFO -   DC_CONTRACT_ASSET_MGT_TYPES: AM_TYPE_ID, ASSET_MANAGEMENT_TYPE
2025-11-03 21:39:18,953 - __main__ - INFO - Enhanced CSV generated successfully: flow_sp_test_mapping.csv
2025-11-03 22:31:04,360 - __main__ - INFO - Complete Frontend-Backend API Mapping Tool with Deep Table Analysis
2025-11-03 22:31:04,360 - __main__ - INFO - ======================================================================
2025-11-03 22:31:04,360 - __main__ - INFO - 
1. Analyzing frontend with complete patterns...
2025-11-03 22:31:04,818 - __main__ - INFO -    Found 174 frontend API calls
2025-11-03 22:31:04,818 - __main__ - INFO - 
2. Analyzing backend with deep table analysis...
2025-11-03 22:31:04,896 - __main__ - INFO - Found 86 known tables
2025-11-03 22:31:05,461 - __main__ - INFO - Collected 1270 function definitions
2025-11-03 22:31:05,462 - __main__ - INFO - Parsing file: guided-workflow-backend\api\v2\routers\announcements.py
2025-11-03 22:31:06,446 - __main__ - INFO - Found target function: create_cxea_revenue_entries in guided-workflow-backend\api\v2\routers\admin\financial\revenue.py
2025-11-03 22:31:06,446 - __main__ - INFO - Found target function: create_htec_revenue_entries in guided-workflow-backend\api\v2\routers\admin\financial\revenue.py
2025-11-03 22:31:06,447 - __main__ - INFO - Found target function: create_cogs_revenue_entries in guided-workflow-backend\api\v2\routers\admin\financial\revenue.py
2025-11-03 22:31:06,490 - __main__ - INFO - Found target function: rebuild_sdp_for_booking in guided-workflow-backend\api\v2\routers\manager\sdp.py
2025-11-03 22:31:06,515 - __main__ - INFO - Collected 300 service methods
2025-11-03 22:31:06,516 - __main__ - DEBUG - Tracking service alias: service -> AnnouncementsService
2025-11-03 22:31:06,804 - __main__ - DEBUG - Found service method AnnouncementsService.create_announcement, extracted tables: set()
2025-11-03 22:31:06,805 - __main__ - DEBUG - Tracking service alias: service -> AnnouncementsService
2025-11-03 22:31:07,025 - __main__ - DEBUG - Found service method AnnouncementsService.create_announcement, extracted tables: set()
2025-11-03 22:31:07,025 - __main__ - DEBUG - Tracking service alias: service -> AnnouncementsService
2025-11-03 22:31:07,238 - __main__ - DEBUG - Found service method AnnouncementsService.create_announcement, extracted tables: set()
2025-11-03 22:31:07,238 - __main__ - DEBUG - Tracking service alias: service -> AnnouncementsService
2025-11-03 22:31:07,414 - __main__ - DEBUG - Found service method AnnouncementsService.create_announcement, extracted tables: set()
2025-11-03 22:31:07,415 - __main__ - DEBUG - Tracking service alias: service -> AnnouncementsService
2025-11-03 22:31:07,618 - __main__ - DEBUG - Found service method AnnouncementsService.create_announcement, extracted tables: set()
2025-11-03 22:31:07,619 - __main__ - DEBUG - Tracking service alias: service -> AnnouncementsService
2025-11-03 22:31:07,855 - __main__ - DEBUG - Found service method AnnouncementsService.create_announcement, extracted tables: set()
2025-11-03 22:31:07,855 - __main__ - DEBUG - Tracking service alias: service -> AnnouncementsService
2025-11-03 22:31:08,028 - __main__ - DEBUG - Found service method AnnouncementsService.create_announcement, extracted tables: set()
2025-11-03 22:31:08,029 - __main__ - DEBUG - Tracking service alias: service -> AnnouncementsService
2025-11-03 22:31:08,209 - __main__ - DEBUG - Found service method AnnouncementsService.create_announcement, extracted tables: set()
2025-11-03 22:31:08,209 - __main__ - DEBUG - Tracking service alias: service -> AnnouncementsService
2025-11-03 22:31:08,427 - __main__ - DEBUG - Found service method AnnouncementsService.create_announcement, extracted tables: set()
2025-11-03 22:31:08,427 - __main__ - DEBUG - Tracking service alias: service -> AnnouncementsService
2025-11-03 22:31:08,704 - __main__ - DEBUG - Found service method AnnouncementsService.create_announcement, extracted tables: set()
2025-11-03 22:31:08,704 - __main__ - DEBUG - Tracking service alias: service -> AnnouncementsService
2025-11-03 22:31:08,917 - __main__ - DEBUG - Found service method AnnouncementsService.create_announcement, extracted tables: set()
2025-11-03 22:31:08,917 - __main__ - DEBUG - Tracking service alias: service -> AnnouncementsService
2025-11-03 22:31:09,083 - __main__ - DEBUG - Found service method AnnouncementsService.create_announcement, extracted tables: set()
2025-11-03 22:31:09,084 - __main__ - DEBUG - Tracking service alias: service -> AnnouncementsService
2025-11-03 22:31:09,268 - __main__ - DEBUG - Found service method AnnouncementsService.create_announcement, extracted tables: set()
2025-11-03 22:31:09,269 - __main__ - DEBUG - Tracking service alias: service -> AnnouncementsService
2025-11-03 22:31:09,436 - __main__ - DEBUG - Found service method AnnouncementsService.create_announcement, extracted tables: set()
2025-11-03 22:31:09,436 - __main__ - DEBUG - Tracking service alias: service -> AnnouncementsService
2025-11-03 22:31:09,626 - __main__ - DEBUG - Found service method AnnouncementsService.create_announcement, extracted tables: set()
2025-11-03 22:31:09,626 - __main__ - DEBUG - Tracking service alias: service -> AnnouncementsService
2025-11-03 22:31:09,861 - __main__ - DEBUG - Found service method AnnouncementsService.create_announcement, extracted tables: set()
2025-11-03 22:31:09,861 - __main__ - DEBUG - Tracking service alias: service -> AnnouncementsService
2025-11-03 22:31:10,038 - __main__ - DEBUG - Found service method AnnouncementsService.create_announcement, extracted tables: set()
2025-11-03 22:31:10,038 - __main__ - DEBUG - Tracking service alias: service -> AnnouncementsService
2025-11-03 22:31:10,210 - __main__ - DEBUG - Found service method AnnouncementsService.create_announcement, extracted tables: set()
2025-11-03 22:31:10,210 - __main__ - DEBUG - Tracking service alias: service -> AnnouncementsService
2025-11-03 22:31:10,385 - __main__ - DEBUG - Found service method AnnouncementsService.create_announcement, extracted tables: set()
2025-11-03 22:31:10,385 - __main__ - DEBUG - Tracking service alias: service -> AnnouncementsService
2025-11-03 22:31:10,576 - __main__ - DEBUG - Found service method AnnouncementsService.create_announcement, extracted tables: set()
2025-11-03 22:31:10,576 - __main__ - DEBUG - Tracking service alias: service -> AnnouncementsService
2025-11-03 22:31:10,744 - __main__ - DEBUG - Found service method AnnouncementsService.create_announcement, extracted tables: set()
2025-11-03 22:31:10,744 - __main__ - DEBUG - Tracking service alias: service -> AnnouncementsService
2025-11-03 22:31:10,934 - __main__ - DEBUG - Found service method AnnouncementsService.create_announcement, extracted tables: set()
2025-11-03 22:31:10,934 - __main__ - DEBUG - Tracking service alias: service -> AnnouncementsService
2025-11-03 22:31:11,103 - __main__ - DEBUG - Found service method AnnouncementsService.create_announcement, extracted tables: set()
2025-11-03 22:31:11,104 - __main__ - DEBUG - Tracking service alias: service -> AnnouncementsService
2025-11-03 22:31:11,331 - __main__ - DEBUG - Found service method AnnouncementsService.create_announcement, extracted tables: set()
2025-11-03 22:31:11,331 - __main__ - DEBUG - Tracking service alias: service -> AnnouncementsService
2025-11-03 22:31:11,510 - __main__ - DEBUG - Found service method AnnouncementsService.create_announcement, extracted tables: set()
2025-11-03 22:31:11,510 - __main__ - DEBUG - Tracking service alias: service -> AnnouncementsService
2025-11-03 22:31:11,695 - __main__ - DEBUG - Found service method AnnouncementsService.create_announcement, extracted tables: set()
2025-11-03 22:31:11,695 - __main__ - DEBUG - Tracking service alias: service -> AnnouncementsService
2025-11-03 22:31:11,883 - __main__ - DEBUG - Found service method AnnouncementsService.create_announcement, extracted tables: set()
2025-11-03 22:31:11,884 - __main__ - DEBUG - Tracking service alias: service -> AnnouncementsService
2025-11-03 22:31:12,054 - __main__ - DEBUG - Found service method AnnouncementsService.create_announcement, extracted tables: set()
2025-11-03 22:31:12,054 - __main__ - DEBUG - Tracking service alias: service -> AnnouncementsService
2025-11-03 22:31:12,225 - __main__ - DEBUG - Found service method AnnouncementsService.create_announcement, extracted tables: set()
2025-11-03 22:31:12,226 - __main__ - DEBUG - Tracking service alias: service -> AnnouncementsService
2025-11-03 22:31:12,414 - __main__ - DEBUG - Found service method AnnouncementsService.create_announcement, extracted tables: set()
2025-11-03 22:31:12,414 - __main__ - DEBUG - Tracking service alias: service -> AnnouncementsService
2025-11-03 22:31:12,597 - __main__ - DEBUG - Found service method AnnouncementsService.create_announcement, extracted tables: set()
2025-11-03 22:31:12,597 - __main__ - DEBUG - Tracking service alias: service -> AnnouncementsService
2025-11-03 22:31:12,775 - __main__ - DEBUG - Found service method AnnouncementsService.create_announcement, extracted tables: set()
2025-11-03 22:31:12,775 - __main__ - DEBUG - Tracking service alias: service -> AnnouncementsService
2025-11-03 22:31:12,941 - __main__ - DEBUG - Found service method AnnouncementsService.create_announcement, extracted tables: set()
2025-11-03 22:31:12,941 - __main__ - DEBUG - Tracking service alias: service -> AnnouncementsService
2025-11-03 22:31:13,107 - __main__ - DEBUG - Found service method AnnouncementsService.create_announcement, extracted tables: set()
2025-11-03 22:31:13,107 - __main__ - DEBUG - Tracking service alias: service -> AnnouncementsService
2025-11-03 22:31:13,281 - __main__ - DEBUG - Found service method AnnouncementsService.create_announcement, extracted tables: set()
2025-11-03 22:31:13,282 - __main__ - DEBUG - Tracking service alias: service -> AnnouncementsService
2025-11-03 22:31:13,465 - __main__ - DEBUG - Found service method AnnouncementsService.create_announcement, extracted tables: set()
2025-11-03 22:31:13,466 - __main__ - DEBUG - Tracking service alias: service -> AnnouncementsService
2025-11-03 22:31:13,637 - __main__ - DEBUG - Found service method AnnouncementsService.create_announcement, extracted tables: set()
2025-11-03 22:31:13,637 - __main__ - DEBUG - Tracking service alias: service -> AnnouncementsService
2025-11-03 22:31:13,849 - __main__ - DEBUG - Found service method AnnouncementsService.create_announcement, extracted tables: set()
2025-11-03 22:31:13,849 - __main__ - DEBUG - Tracking service alias: service -> AnnouncementsService
2025-11-03 22:31:14,032 - __main__ - DEBUG - Found service method AnnouncementsService.create_announcement, extracted tables: set()
2025-11-03 22:31:14,032 - __main__ - DEBUG - Tracking service alias: service -> AnnouncementsService
2025-11-03 22:31:14,196 - __main__ - DEBUG - Found service method AnnouncementsService.create_announcement, extracted tables: set()
2025-11-03 22:31:14,196 - __main__ - DEBUG - Tracking service alias: service -> AnnouncementsService
2025-11-03 22:31:14,373 - __main__ - DEBUG - Found service method AnnouncementsService.create_announcement, extracted tables: set()
2025-11-03 22:31:14,373 - __main__ - DEBUG - Tracking service alias: service -> AnnouncementsService
2025-11-03 22:31:14,543 - __main__ - DEBUG - Found service method AnnouncementsService.create_announcement, extracted tables: set()
2025-11-03 22:31:14,543 - __main__ - DEBUG - Tracking service alias: service -> AnnouncementsService
2025-11-03 22:31:14,713 - __main__ - DEBUG - Found service method AnnouncementsService.create_announcement, extracted tables: set()
2025-11-03 22:31:14,713 - __main__ - DEBUG - Tracking service alias: service -> AnnouncementsService
2025-11-03 22:31:14,874 - __main__ - DEBUG - Found service method AnnouncementsService.create_announcement, extracted tables: set()
2025-11-03 22:31:14,874 - __main__ - DEBUG - Tracking service alias: service -> AnnouncementsService
2025-11-03 22:31:15,060 - __main__ - DEBUG - Found service method AnnouncementsService.create_announcement, extracted tables: set()
2025-11-03 22:31:15,060 - __main__ - DEBUG - Tracking service alias: service -> AnnouncementsService
2025-11-03 22:31:15,230 - __main__ - DEBUG - Found service method AnnouncementsService.create_announcement, extracted tables: set()
2025-11-03 22:31:15,230 - __main__ - DEBUG - Tracking service alias: service -> AnnouncementsService
2025-11-03 22:31:15,429 - __main__ - DEBUG - Found service method AnnouncementsService.create_announcement, extracted tables: set()
2025-11-03 22:31:15,429 - __main__ - DEBUG - Tracking service alias: service -> AnnouncementsService
2025-11-03 22:31:15,624 - __main__ - DEBUG - Found service method AnnouncementsService.create_announcement, extracted tables: set()
2025-11-03 22:31:15,625 - __main__ - DEBUG - Tracking service alias: service -> AnnouncementsService
2025-11-03 22:31:15,798 - __main__ - DEBUG - Found service method AnnouncementsService.create_announcement, extracted tables: set()
2025-11-03 22:31:15,798 - __main__ - DEBUG - Tracking service alias: service -> AnnouncementsService
2025-11-03 22:31:15,969 - __main__ - DEBUG - Found service method AnnouncementsService.create_announcement, extracted tables: set()
2025-11-03 22:31:15,969 - __main__ - DEBUG - Tracking service alias: service -> AnnouncementsService
2025-11-03 22:31:16,143 - __main__ - DEBUG - Found service method AnnouncementsService.create_announcement, extracted tables: set()
2025-11-03 22:31:16,143 - __main__ - DEBUG - Tracking service alias: service -> AnnouncementsService
2025-11-03 22:31:16,344 - __main__ - DEBUG - Found service method AnnouncementsService.create_announcement, extracted tables: set()
2025-11-03 22:31:16,344 - __main__ - DEBUG - Tracking service alias: service -> AnnouncementsService
2025-11-03 22:31:16,549 - __main__ - DEBUG - Found service method AnnouncementsService.create_announcement, extracted tables: set()
2025-11-03 22:31:16,550 - __main__ - DEBUG - Tracking service alias: service -> AnnouncementsService
2025-11-03 22:31:16,751 - __main__ - DEBUG - Found service method AnnouncementsService.create_announcement, extracted tables: set()
2025-11-03 22:31:16,751 - __main__ - DEBUG - Tracking service alias: service -> AnnouncementsService
2025-11-03 22:31:16,957 - __main__ - DEBUG - Found service method AnnouncementsService.create_announcement, extracted tables: set()
2025-11-03 22:31:16,957 - __main__ - DEBUG - Tracking service alias: service -> AnnouncementsService
2025-11-03 22:31:17,169 - __main__ - DEBUG - Found service method AnnouncementsService.create_announcement, extracted tables: set()
2025-11-03 22:31:17,170 - __main__ - DEBUG - Tracking service alias: service -> AnnouncementsService
2025-11-03 22:31:17,365 - __main__ - DEBUG - Found service method AnnouncementsService.create_announcement, extracted tables: set()
2025-11-03 22:31:17,365 - __main__ - DEBUG - Tracking service alias: service -> AnnouncementsService
2025-11-03 22:31:17,579 - __main__ - DEBUG - Found service method AnnouncementsService.create_announcement, extracted tables: set()
2025-11-03 22:31:17,579 - __main__ - DEBUG - Tracking service alias: service -> AnnouncementsService
2025-11-03 22:31:17,779 - __main__ - DEBUG - Found service method AnnouncementsService.create_announcement, extracted tables: set()
2025-11-03 22:31:17,779 - __main__ - DEBUG - Tracking service alias: service -> AnnouncementsService
2025-11-03 22:31:17,996 - __main__ - DEBUG - Found service method AnnouncementsService.create_announcement, extracted tables: set()
2025-11-03 22:31:17,996 - __main__ - DEBUG - Tracking service alias: service -> AnnouncementsService
2025-11-03 22:31:18,211 - __main__ - DEBUG - Found service method AnnouncementsService.create_announcement, extracted tables: set()
2025-11-03 22:31:18,212 - __main__ - DEBUG - Tracking service alias: service -> AnnouncementsService
2025-11-03 22:31:18,409 - __main__ - DEBUG - Found service method AnnouncementsService.create_announcement, extracted tables: set()
2025-11-03 22:31:18,409 - __main__ - DEBUG - Tracking service alias: service -> AnnouncementsService
2025-11-03 22:31:18,660 - __main__ - DEBUG - Found service method AnnouncementsService.create_announcement, extracted tables: set()
2025-11-03 22:31:18,660 - __main__ - DEBUG - Tracking service alias: service -> AnnouncementsService
2025-11-03 22:31:18,891 - __main__ - DEBUG - Found service method AnnouncementsService.create_announcement, extracted tables: set()
2025-11-03 22:31:18,892 - __main__ - DEBUG - Tracking service alias: service -> AnnouncementsService
2025-11-03 22:31:19,111 - __main__ - DEBUG - Found service method AnnouncementsService.create_announcement, extracted tables: set()
2025-11-03 22:31:19,112 - __main__ - DEBUG - Tracking service alias: service -> AnnouncementsService
2025-11-03 22:31:19,301 - __main__ - DEBUG - Found service method AnnouncementsService.create_announcement, extracted tables: set()
2025-11-03 22:31:19,301 - __main__ - DEBUG - Tracking service alias: service -> AnnouncementsService
2025-11-03 22:31:19,513 - __main__ - DEBUG - Found service method AnnouncementsService.create_announcement, extracted tables: set()
2025-11-03 22:31:19,514 - __main__ - DEBUG - Tracking service alias: service -> AnnouncementsService
2025-11-03 22:31:19,780 - __main__ - DEBUG - Found service method AnnouncementsService.create_announcement, extracted tables: set()
2025-11-03 22:31:19,780 - __main__ - DEBUG - Tracking service alias: service -> AnnouncementsService
2025-11-03 22:31:19,983 - __main__ - DEBUG - Found service method AnnouncementsService.create_announcement, extracted tables: set()
2025-11-03 22:31:19,984 - __main__ - DEBUG - Tracking service alias: service -> AnnouncementsService
2025-11-03 22:31:20,213 - __main__ - DEBUG - Found service method AnnouncementsService.create_announcement, extracted tables: set()
2025-11-03 22:31:20,213 - __main__ - DEBUG - Tracking service alias: service -> AnnouncementsService
2025-11-03 22:31:20,417 - __main__ - DEBUG - Found service method AnnouncementsService.create_announcement, extracted tables: set()
2025-11-03 22:31:20,417 - __main__ - DEBUG - Tracking service alias: service -> AnnouncementsService
2025-11-03 22:31:20,634 - __main__ - DEBUG - Found service method AnnouncementsService.create_announcement, extracted tables: set()
2025-11-03 22:31:20,634 - __main__ - DEBUG - Tracking service alias: service -> AnnouncementsService
2025-11-03 22:31:20,817 - __main__ - DEBUG - Found service method AnnouncementsService.create_announcement, extracted tables: set()
2025-11-03 22:31:20,818 - __main__ - DEBUG - Tracking service alias: service -> AnnouncementsService
2025-11-03 22:31:21,028 - __main__ - DEBUG - Found service method AnnouncementsService.create_announcement, extracted tables: set()
2025-11-03 22:31:21,028 - __main__ - DEBUG - Tracking service alias: service -> AnnouncementsService
2025-11-03 22:31:21,321 - __main__ - DEBUG - Found service method AnnouncementsService.create_announcement, extracted tables: set()
2025-11-03 22:31:21,322 - __main__ - DEBUG - Tracking service alias: service -> AnnouncementsService
2025-11-03 22:31:21,607 - __main__ - DEBUG - Found service method AnnouncementsService.create_announcement, extracted tables: set()
2025-11-03 22:31:21,607 - __main__ - DEBUG - Tracking service alias: service -> AnnouncementsService
2025-11-03 22:31:21,867 - __main__ - DEBUG - Found service method AnnouncementsService.create_announcement, extracted tables: set()
2025-11-03 22:31:21,867 - __main__ - DEBUG - Tracking service alias: service -> AnnouncementsService
2025-11-03 22:31:22,201 - __main__ - DEBUG - Found service method AnnouncementsService.create_announcement, extracted tables: set()
2025-11-03 22:31:22,201 - __main__ - DEBUG - Tracking service alias: service -> AnnouncementsService
2025-11-03 22:31:22,562 - __main__ - DEBUG - Found service method AnnouncementsService.create_announcement, extracted tables: set()
2025-11-03 22:31:22,563 - __main__ - DEBUG - Tracking service alias: service -> AnnouncementsService
2025-11-03 22:31:22,816 - __main__ - DEBUG - Found service method AnnouncementsService.create_announcement, extracted tables: set()
2025-11-03 22:31:22,816 - __main__ - DEBUG - Tracking service alias: service -> AnnouncementsService
2025-11-03 22:31:23,080 - __main__ - DEBUG - Found service method AnnouncementsService.create_announcement, extracted tables: set()
2025-11-03 22:31:23,081 - __main__ - DEBUG - Tracking service alias: service -> AnnouncementsService
2025-11-03 22:31:23,368 - __main__ - DEBUG - Found service method AnnouncementsService.create_announcement, extracted tables: set()
2025-11-03 22:31:23,369 - __main__ - DEBUG - Tracking service alias: service -> AnnouncementsService
2025-11-03 22:31:23,686 - __main__ - DEBUG - Found service method AnnouncementsService.create_announcement, extracted tables: set()
2025-11-03 22:31:23,686 - __main__ - DEBUG - Tracking service alias: service -> AnnouncementsService
2025-11-03 22:31:23,900 - __main__ - DEBUG - Found service method AnnouncementsService.create_announcement, extracted tables: set()
2025-11-03 22:31:23,900 - __main__ - DEBUG - Tracking service alias: service -> AnnouncementsService
2025-11-03 22:31:24,121 - __main__ - DEBUG - Found service method AnnouncementsService.create_announcement, extracted tables: set()
2025-11-03 22:31:24,121 - __main__ - DEBUG - Tracking service alias: service -> AnnouncementsService
2025-11-03 22:31:24,368 - __main__ - DEBUG - Found service method AnnouncementsService.create_announcement, extracted tables: set()
2025-11-03 22:31:24,368 - __main__ - DEBUG - Tracking service alias: service -> AnnouncementsService
2025-11-03 22:31:24,592 - __main__ - DEBUG - Found service method AnnouncementsService.create_announcement, extracted tables: set()
2025-11-03 22:31:24,592 - __main__ - DEBUG - Tracking service alias: service -> AnnouncementsService
2025-11-03 22:31:24,811 - __main__ - DEBUG - Found service method AnnouncementsService.create_announcement, extracted tables: set()
2025-11-03 22:31:24,811 - __main__ - DEBUG - Tracking service alias: service -> AnnouncementsService
2025-11-03 22:31:25,013 - __main__ - DEBUG - Found service method AnnouncementsService.create_announcement, extracted tables: set()
2025-11-03 22:31:25,014 - __main__ - DEBUG - Tracking service alias: service -> AnnouncementsService
2025-11-03 22:31:25,462 - __main__ - DEBUG - Found service method AnnouncementsService.create_announcement, extracted tables: set()
2025-11-03 22:31:25,462 - __main__ - DEBUG - Tracking service alias: service -> AnnouncementsService
2025-11-03 22:31:25,653 - __main__ - DEBUG - Found service method AnnouncementsService.create_announcement, extracted tables: set()
2025-11-03 22:31:25,653 - __main__ - DEBUG - Tracking service alias: service -> AnnouncementsService
2025-11-03 22:31:25,874 - __main__ - DEBUG - Found service method AnnouncementsService.create_announcement, extracted tables: set()
2025-11-03 22:31:25,875 - __main__ - DEBUG - Tracking service alias: service -> AnnouncementsService
2025-11-03 22:31:26,081 - __main__ - DEBUG - Found service method AnnouncementsService.create_announcement, extracted tables: set()
2025-11-03 22:31:26,082 - __main__ - DEBUG - Tracking service alias: service -> AnnouncementsService
2025-11-03 22:31:26,293 - __main__ - DEBUG - Found service method AnnouncementsService.create_announcement, extracted tables: set()
2025-11-03 22:31:26,294 - __main__ - DEBUG - Tracking service alias: service -> AnnouncementsService
2025-11-03 22:31:26,492 - __main__ - DEBUG - Found service method AnnouncementsService.create_announcement, extracted tables: set()
2025-11-03 22:31:26,492 - __main__ - DEBUG - Tracking service alias: service -> AnnouncementsService
2025-11-03 22:31:26,694 - __main__ - DEBUG - Found service method AnnouncementsService.create_announcement, extracted tables: set()
2025-11-03 22:31:26,694 - __main__ - DEBUG - Tracking service alias: service -> AnnouncementsService
2025-11-03 22:31:26,936 - __main__ - DEBUG - Found service method AnnouncementsService.create_announcement, extracted tables: set()
2025-11-03 22:31:26,936 - __main__ - DEBUG - Tracking service alias: service -> AnnouncementsService
2025-11-03 22:31:27,137 - __main__ - DEBUG - Found service method AnnouncementsService.create_announcement, extracted tables: set()
2025-11-03 22:31:27,137 - __main__ - DEBUG - Tracking service alias: service -> AnnouncementsService
2025-11-03 22:31:27,328 - __main__ - DEBUG - Found service method AnnouncementsService.create_announcement, extracted tables: set()
2025-11-03 22:31:27,329 - __main__ - DEBUG - Tracking service alias: service -> AnnouncementsService
2025-11-03 22:31:27,538 - __main__ - DEBUG - Found service method AnnouncementsService.create_announcement, extracted tables: set()
2025-11-03 22:31:27,538 - __main__ - DEBUG - Tracking service alias: service -> AnnouncementsService
2025-11-03 22:31:27,731 - __main__ - DEBUG - Found service method AnnouncementsService.create_announcement, extracted tables: set()
2025-11-03 22:31:27,732 - __main__ - DEBUG - Tracking service alias: service -> AnnouncementsService
2025-11-03 22:31:27,936 - __main__ - DEBUG - Found service method AnnouncementsService.create_announcement, extracted tables: set()
2025-11-03 22:31:27,936 - __main__ - DEBUG - Tracking service alias: service -> AnnouncementsService
2025-11-03 22:31:28,150 - __main__ - DEBUG - Found service method AnnouncementsService.create_announcement, extracted tables: set()
2025-11-03 22:31:28,151 - __main__ - DEBUG - Tracking service alias: service -> AnnouncementsService
2025-11-03 22:31:28,382 - __main__ - DEBUG - Found service method AnnouncementsService.create_announcement, extracted tables: set()
2025-11-03 22:31:28,382 - __main__ - DEBUG - Tracking service alias: service -> AnnouncementsService
2025-11-03 22:31:28,590 - __main__ - DEBUG - Found service method AnnouncementsService.create_announcement, extracted tables: set()
2025-11-03 22:31:28,591 - __main__ - DEBUG - Tracking service alias: service -> AnnouncementsService
2025-11-03 22:31:28,790 - __main__ - DEBUG - Found service method AnnouncementsService.create_announcement, extracted tables: set()
2025-11-03 22:31:28,790 - __main__ - DEBUG - Tracking service alias: service -> AnnouncementsService
2025-11-03 22:31:29,005 - __main__ - DEBUG - Found service method AnnouncementsService.create_announcement, extracted tables: set()
2025-11-03 22:31:29,006 - __main__ - DEBUG - Tracking service alias: service -> AnnouncementsService
2025-11-03 22:31:29,211 - __main__ - DEBUG - Found service method AnnouncementsService.create_announcement, extracted tables: set()
2025-11-03 22:31:29,212 - __main__ - DEBUG - Tracking service alias: service -> AnnouncementsService
2025-11-03 22:31:29,412 - __main__ - DEBUG - Found service method AnnouncementsService.create_announcement, extracted tables: set()
2025-11-03 22:31:29,413 - __main__ - DEBUG - Tracking service alias: service -> AnnouncementsService
2025-11-03 22:31:29,663 - __main__ - DEBUG - Found service method AnnouncementsService.create_announcement, extracted tables: set()
2025-11-03 22:31:29,664 - __main__ - DEBUG - Tracking service alias: service -> AnnouncementsService
2025-11-03 22:31:29,902 - __main__ - DEBUG - Found service method AnnouncementsService.create_announcement, extracted tables: set()
2025-11-03 22:31:29,902 - __main__ - DEBUG - Tracking service alias: service -> AnnouncementsService
2025-11-03 22:31:30,141 - __main__ - DEBUG - Found service method AnnouncementsService.create_announcement, extracted tables: set()
2025-11-03 22:31:30,141 - __main__ - DEBUG - Tracking service alias: service -> AnnouncementsService
2025-11-03 22:31:30,345 - __main__ - DEBUG - Found service method AnnouncementsService.create_announcement, extracted tables: set()
2025-11-03 22:31:30,345 - __main__ - DEBUG - Tracking service alias: service -> AnnouncementsService
2025-11-03 22:31:30,555 - __main__ - DEBUG - Found service method AnnouncementsService.create_announcement, extracted tables: set()
2025-11-03 22:31:30,556 - __main__ - DEBUG - Tracking service alias: service -> AnnouncementsService
2025-11-03 22:31:30,747 - __main__ - DEBUG - Found service method AnnouncementsService.create_announcement, extracted tables: set()
2025-11-03 22:31:30,748 - __main__ - DEBUG - Tracking service alias: service -> AnnouncementsService
2025-11-03 22:31:30,949 - __main__ - DEBUG - Found service method AnnouncementsService.create_announcement, extracted tables: set()
2025-11-03 22:31:30,950 - __main__ - DEBUG - Tracking service alias: service -> AnnouncementsService
2025-11-03 22:31:31,147 - __main__ - DEBUG - Found service method AnnouncementsService.create_announcement, extracted tables: set()
2025-11-03 22:31:31,147 - __main__ - DEBUG - Tracking service alias: service -> AnnouncementsService
2025-11-03 22:31:31,339 - __main__ - DEBUG - Found service method AnnouncementsService.create_announcement, extracted tables: set()
2025-11-03 22:31:31,339 - __main__ - DEBUG - Tracking service alias: service -> AnnouncementsService
2025-11-03 22:31:31,587 - __main__ - DEBUG - Found service method AnnouncementsService.create_announcement, extracted tables: set()
2025-11-03 22:31:31,587 - __main__ - DEBUG - Tracking service alias: service -> AnnouncementsService
2025-11-03 22:31:31,780 - __main__ - DEBUG - Found service method AnnouncementsService.create_announcement, extracted tables: set()
2025-11-03 22:31:31,780 - __main__ - DEBUG - Tracking service alias: service -> AnnouncementsService
2025-11-03 22:31:31,979 - __main__ - DEBUG - Found service method AnnouncementsService.create_announcement, extracted tables: set()
2025-11-03 22:31:31,979 - __main__ - DEBUG - Tracking service alias: service -> AnnouncementsService
2025-11-03 22:31:32,191 - __main__ - DEBUG - Found service method AnnouncementsService.create_announcement, extracted tables: set()
2025-11-03 22:31:32,191 - __main__ - DEBUG - Tracking service alias: service -> AnnouncementsService
2025-11-03 22:31:32,393 - __main__ - DEBUG - Found service method AnnouncementsService.create_announcement, extracted tables: set()
2025-11-03 22:31:32,393 - __main__ - DEBUG - Tracking service alias: service -> AnnouncementsService
2025-11-03 22:31:32,609 - __main__ - DEBUG - Found service method AnnouncementsService.create_announcement, extracted tables: set()
2025-11-03 22:31:32,609 - __main__ - DEBUG - Tracking service alias: service -> AnnouncementsService
2025-11-03 22:31:32,804 - __main__ - DEBUG - Found service method AnnouncementsService.create_announcement, extracted tables: set()
2025-11-03 22:31:32,805 - __main__ - DEBUG - Tracking service alias: service -> AnnouncementsService
2025-11-03 22:31:33,028 - __main__ - DEBUG - Found service method AnnouncementsService.create_announcement, extracted tables: set()
2025-11-03 22:31:33,029 - __main__ - DEBUG - Tracking service alias: service -> AnnouncementsService
2025-11-03 22:31:33,212 - __main__ - DEBUG - Found service method AnnouncementsService.create_announcement, extracted tables: set()
2025-11-03 22:31:33,213 - __main__ - DEBUG - Tracking service alias: service -> AnnouncementsService
2025-11-03 22:31:33,403 - __main__ - DEBUG - Found service method AnnouncementsService.create_announcement, extracted tables: set()
2025-11-03 22:31:33,404 - __main__ - DEBUG - Tracking service alias: service -> AnnouncementsService
2025-11-03 22:31:33,599 - __main__ - DEBUG - Found service method AnnouncementsService.create_announcement, extracted tables: set()
2025-11-03 22:31:33,599 - __main__ - DEBUG - Tracking service alias: service -> AnnouncementsService
2025-11-03 22:31:33,821 - __main__ - DEBUG - Found service method AnnouncementsService.create_announcement, extracted tables: set()
2025-11-03 22:31:33,821 - __main__ - DEBUG - Tracking service alias: service -> AnnouncementsService
2025-11-03 22:31:34,031 - __main__ - DEBUG - Found service method AnnouncementsService.create_announcement, extracted tables: set()
2025-11-03 22:31:34,031 - __main__ - DEBUG - Tracking service alias: service -> AnnouncementsService
2025-11-03 22:31:34,213 - __main__ - DEBUG - Found service method AnnouncementsService.create_announcement, extracted tables: set()
2025-11-03 22:31:34,214 - __main__ - DEBUG - Tracking service alias: service -> AnnouncementsService
2025-11-03 22:31:34,423 - __main__ - DEBUG - Found service method AnnouncementsService.create_announcement, extracted tables: set()
2025-11-03 22:31:34,423 - __main__ - DEBUG - Tracking service alias: service -> AnnouncementsService
2025-11-03 22:31:34,635 - __main__ - DEBUG - Found service method AnnouncementsService.create_announcement, extracted tables: set()
2025-11-03 22:31:34,636 - __main__ - DEBUG - Tracking service alias: service -> AnnouncementsService
2025-11-03 22:31:34,859 - __main__ - DEBUG - Found service method AnnouncementsService.create_announcement, extracted tables: set()
2025-11-03 22:31:34,859 - __main__ - DEBUG - Tracking service alias: service -> AnnouncementsService
2025-11-03 22:31:35,065 - __main__ - DEBUG - Found service method AnnouncementsService.create_announcement, extracted tables: set()
2025-11-03 22:31:35,066 - __main__ - DEBUG - Tracking service alias: service -> AnnouncementsService
2025-11-03 22:31:35,266 - __main__ - DEBUG - Found service method AnnouncementsService.create_announcement, extracted tables: set()
2025-11-03 22:31:35,266 - __main__ - DEBUG - Tracking service alias: service -> AnnouncementsService
2025-11-03 22:31:35,477 - __main__ - DEBUG - Found service method AnnouncementsService.create_announcement, extracted tables: set()
2025-11-03 22:31:35,477 - __main__ - DEBUG - Tracking service alias: service -> AnnouncementsService
2025-11-03 22:31:35,687 - __main__ - DEBUG - Found service method AnnouncementsService.create_announcement, extracted tables: set()
2025-11-03 22:31:35,687 - __main__ - DEBUG - Tracking service alias: service -> AnnouncementsService
2025-11-03 22:31:35,885 - __main__ - DEBUG - Found service method AnnouncementsService.create_announcement, extracted tables: set()
2025-11-03 22:31:35,886 - __main__ - DEBUG - Tracking service alias: service -> AnnouncementsService
2025-11-03 22:31:36,122 - __main__ - DEBUG - Found service method AnnouncementsService.create_announcement, extracted tables: set()
2025-11-03 22:31:36,122 - __main__ - DEBUG - Tracking service alias: service -> AnnouncementsService
2025-11-03 22:31:36,343 - __main__ - DEBUG - Found service method AnnouncementsService.create_announcement, extracted tables: set()
2025-11-03 22:31:36,343 - __main__ - DEBUG - Tracking service alias: service -> AnnouncementsService
2025-11-03 22:31:36,540 - __main__ - DEBUG - Found service method AnnouncementsService.create_announcement, extracted tables: set()
2025-11-03 22:31:36,540 - __main__ - DEBUG - Tracking service alias: service -> AnnouncementsService
2025-11-03 22:31:36,765 - __main__ - DEBUG - Found service method AnnouncementsService.create_announcement, extracted tables: set()
2025-11-03 22:31:36,765 - __main__ - DEBUG - Tracking service alias: service -> AnnouncementsService
2025-11-03 22:31:36,972 - __main__ - DEBUG - Found service method AnnouncementsService.create_announcement, extracted tables: set()
2025-11-03 22:31:36,972 - __main__ - DEBUG - Tracking service alias: service -> AnnouncementsService
2025-11-03 22:31:37,175 - __main__ - DEBUG - Found service method AnnouncementsService.create_announcement, extracted tables: set()
2025-11-03 22:31:37,175 - __main__ - DEBUG - Tracking service alias: service -> AnnouncementsService
2025-11-03 22:31:37,490 - __main__ - DEBUG - Found service method AnnouncementsService.create_announcement, extracted tables: set()
2025-11-03 22:31:37,490 - __main__ - DEBUG - Tracking service alias: service -> AnnouncementsService
2025-11-03 22:31:37,729 - __main__ - DEBUG - Found service method AnnouncementsService.create_announcement, extracted tables: set()
2025-11-03 22:31:37,729 - __main__ - DEBUG - Tracking service alias: service -> AnnouncementsService
2025-11-03 22:31:37,921 - __main__ - DEBUG - Found service method AnnouncementsService.create_announcement, extracted tables: set()
2025-11-03 22:31:37,921 - __main__ - DEBUG - Tracking service alias: service -> AnnouncementsService
2025-11-03 22:31:38,140 - __main__ - DEBUG - Found service method AnnouncementsService.create_announcement, extracted tables: set()
2025-11-03 22:31:38,140 - __main__ - DEBUG - Tracking service alias: service -> AnnouncementsService
2025-11-03 22:31:38,339 - __main__ - DEBUG - Found service method AnnouncementsService.create_announcement, extracted tables: set()
2025-11-03 22:31:38,339 - __main__ - DEBUG - Tracking service alias: service -> AnnouncementsService
2025-11-03 22:31:38,543 - __main__ - DEBUG - Found service method AnnouncementsService.create_announcement, extracted tables: set()
2025-11-03 22:31:38,544 - __main__ - DEBUG - Tracking service alias: service -> AnnouncementsService
2025-11-03 22:31:38,803 - __main__ - DEBUG - Found service method AnnouncementsService.create_announcement, extracted tables: set()
2025-11-03 22:31:38,803 - __main__ - DEBUG - Tracking service alias: service -> AnnouncementsService
2025-11-03 22:31:39,034 - __main__ - DEBUG - Found service method AnnouncementsService.create_announcement, extracted tables: set()
2025-11-03 22:31:39,034 - __main__ - DEBUG - Tracking service alias: service -> AnnouncementsService
2025-11-03 22:31:39,337 - __main__ - DEBUG - Found service method AnnouncementsService.create_announcement, extracted tables: set()
2025-11-03 22:31:39,338 - __main__ - DEBUG - Tracking service alias: service -> AnnouncementsService
2025-11-03 22:31:39,529 - __main__ - DEBUG - Found service method AnnouncementsService.create_announcement, extracted tables: set()
2025-11-03 22:31:39,529 - __main__ - DEBUG - Tracking service alias: service -> AnnouncementsService
2025-11-03 22:31:39,856 - __main__ - DEBUG - Found service method AnnouncementsService.create_announcement, extracted tables: set()
2025-11-03 22:31:39,857 - __main__ - DEBUG - Tracking service alias: service -> AnnouncementsService
2025-11-03 22:31:40,083 - __main__ - ERROR - Error parsing guided-workflow-backend\api\v2\routers\announcements.py: maximum recursion depth exceeded
2025-11-03 22:31:40,084 - __main__ - INFO - Parsing file: guided-workflow-backend\api\v2\routers\canvas.py
2025-11-03 22:31:40,981 - __main__ - INFO - Found target function: create_cxea_revenue_entries in guided-workflow-backend\api\v2\routers\admin\financial\revenue.py
2025-11-03 22:31:40,982 - __main__ - INFO - Found target function: create_htec_revenue_entries in guided-workflow-backend\api\v2\routers\admin\financial\revenue.py
2025-11-03 22:31:40,982 - __main__ - INFO - Found target function: create_cogs_revenue_entries in guided-workflow-backend\api\v2\routers\admin\financial\revenue.py
2025-11-03 22:31:41,033 - __main__ - INFO - Found target function: rebuild_sdp_for_booking in guided-workflow-backend\api\v2\routers\manager\sdp.py
2025-11-03 22:31:41,116 - __main__ - INFO - Collected 300 service methods
2025-11-03 22:31:44,104 - __main__ - INFO - Parsing file: guided-workflow-backend\api\v2\routers\contracts.py
2025-11-03 22:31:44,813 - __main__ - INFO - Found target function: create_cxea_revenue_entries in guided-workflow-backend\api\v2\routers\admin\financial\revenue.py
2025-11-03 22:31:44,813 - __main__ - INFO - Found target function: create_htec_revenue_entries in guided-workflow-backend\api\v2\routers\admin\financial\revenue.py
2025-11-03 22:31:44,813 - __main__ - INFO - Found target function: create_cogs_revenue_entries in guided-workflow-backend\api\v2\routers\admin\financial\revenue.py
2025-11-03 22:31:44,856 - __main__ - INFO - Found target function: rebuild_sdp_for_booking in guided-workflow-backend\api\v2\routers\manager\sdp.py
2025-11-03 22:31:44,888 - __main__ - INFO - Collected 300 service methods
2025-11-03 22:31:46,180 - __main__ - INFO - Parsing file: guided-workflow-backend\api\v2\routers\dc_types.py
2025-11-03 22:31:48,346 - __main__ - INFO - Found target function: create_cxea_revenue_entries in guided-workflow-backend\api\v2\routers\admin\financial\revenue.py
2025-11-03 22:31:48,347 - __main__ - INFO - Found target function: create_htec_revenue_entries in guided-workflow-backend\api\v2\routers\admin\financial\revenue.py
2025-11-03 22:31:48,347 - __main__ - INFO - Found target function: create_cogs_revenue_entries in guided-workflow-backend\api\v2\routers\admin\financial\revenue.py
2025-11-03 22:31:48,463 - __main__ - INFO - Found target function: rebuild_sdp_for_booking in guided-workflow-backend\api\v2\routers\manager\sdp.py
2025-11-03 22:31:48,545 - __main__ - INFO - Collected 300 service methods
2025-11-03 22:31:48,670 - __main__ - INFO - Parsing file: guided-workflow-backend\api\v2\routers\engagements.py
2025-11-03 22:31:50,708 - __main__ - INFO - Found target function: create_cxea_revenue_entries in guided-workflow-backend\api\v2\routers\admin\financial\revenue.py
2025-11-03 22:31:50,708 - __main__ - INFO - Found target function: create_htec_revenue_entries in guided-workflow-backend\api\v2\routers\admin\financial\revenue.py
2025-11-03 22:31:50,709 - __main__ - INFO - Found target function: create_cogs_revenue_entries in guided-workflow-backend\api\v2\routers\admin\financial\revenue.py
2025-11-03 22:31:50,815 - __main__ - INFO - Found target function: rebuild_sdp_for_booking in guided-workflow-backend\api\v2\routers\manager\sdp.py
2025-11-03 22:31:50,886 - __main__ - INFO - Collected 300 service methods
2025-11-03 22:31:50,891 - __main__ - DEBUG - Tracking service alias: service -> EngagementsService
2025-11-03 22:31:50,893 - __main__ - DEBUG - Found service method EngagementsService.share_engagement, extracted tables: set()
2025-11-03 22:31:50,894 - __main__ - DEBUG - Found standalone method share_engagement, extracted tables: set()
2025-11-03 22:31:50,895 - __main__ - DEBUG - Tracking service alias: service -> EngagementsService
2025-11-03 22:31:50,896 - __main__ - DEBUG - Found service method EngagementsService.unshare_engagement, extracted tables: set()
2025-11-03 22:31:50,898 - __main__ - DEBUG - Found standalone method unshare_engagement, extracted tables: set()
2025-11-03 22:31:52,162 - __main__ - INFO - Parsing file: guided-workflow-backend\api\v2\routers\file_management.py
2025-11-03 22:31:54,306 - __main__ - INFO - Found target function: create_cxea_revenue_entries in guided-workflow-backend\api\v2\routers\admin\financial\revenue.py
2025-11-03 22:31:54,307 - __main__ - INFO - Found target function: create_htec_revenue_entries in guided-workflow-backend\api\v2\routers\admin\financial\revenue.py
2025-11-03 22:31:54,307 - __main__ - INFO - Found target function: create_cogs_revenue_entries in guided-workflow-backend\api\v2\routers\admin\financial\revenue.py
2025-11-03 22:31:54,435 - __main__ - INFO - Found target function: rebuild_sdp_for_booking in guided-workflow-backend\api\v2\routers\manager\sdp.py
2025-11-03 22:31:54,514 - __main__ - INFO - Collected 300 service methods
2025-11-03 22:31:54,635 - __main__ - INFO - Parsing file: guided-workflow-backend\api\v2\routers\links.py
2025-11-03 22:31:56,906 - __main__ - INFO - Found target function: create_cxea_revenue_entries in guided-workflow-backend\api\v2\routers\admin\financial\revenue.py
2025-11-03 22:31:56,907 - __main__ - INFO - Found target function: create_htec_revenue_entries in guided-workflow-backend\api\v2\routers\admin\financial\revenue.py
2025-11-03 22:31:56,907 - __main__ - INFO - Found target function: create_cogs_revenue_entries in guided-workflow-backend\api\v2\routers\admin\financial\revenue.py
2025-11-03 22:31:57,038 - __main__ - INFO - Found target function: rebuild_sdp_for_booking in guided-workflow-backend\api\v2\routers\manager\sdp.py
2025-11-03 22:31:57,136 - __main__ - INFO - Collected 300 service methods
2025-11-03 22:32:00,251 - __main__ - INFO - Parsing file: guided-workflow-backend\api\v2\routers\stakeholders.py
2025-11-03 22:32:02,443 - __main__ - INFO - Found target function: create_cxea_revenue_entries in guided-workflow-backend\api\v2\routers\admin\financial\revenue.py
2025-11-03 22:32:02,444 - __main__ - INFO - Found target function: create_htec_revenue_entries in guided-workflow-backend\api\v2\routers\admin\financial\revenue.py
2025-11-03 22:32:02,444 - __main__ - INFO - Found target function: create_cogs_revenue_entries in guided-workflow-backend\api\v2\routers\admin\financial\revenue.py
2025-11-03 22:32:02,571 - __main__ - INFO - Found target function: rebuild_sdp_for_booking in guided-workflow-backend\api\v2\routers\manager\sdp.py
2025-11-03 22:32:02,681 - __main__ - INFO - Collected 300 service methods
2025-11-03 22:32:04,182 - __main__ - INFO - Parsing file: guided-workflow-backend\api\v2\routers\static.py
2025-11-03 22:32:06,220 - __main__ - INFO - Found target function: create_cxea_revenue_entries in guided-workflow-backend\api\v2\routers\admin\financial\revenue.py
2025-11-03 22:32:06,220 - __main__ - INFO - Found target function: create_htec_revenue_entries in guided-workflow-backend\api\v2\routers\admin\financial\revenue.py
2025-11-03 22:32:06,220 - __main__ - INFO - Found target function: create_cogs_revenue_entries in guided-workflow-backend\api\v2\routers\admin\financial\revenue.py
2025-11-03 22:32:06,337 - __main__ - INFO - Found target function: rebuild_sdp_for_booking in guided-workflow-backend\api\v2\routers\manager\sdp.py
2025-11-03 22:32:06,411 - __main__ - INFO - Collected 300 service methods
2025-11-03 22:32:06,501 - __main__ - INFO - Parsing file: guided-workflow-backend\api\v2\routers\tags.py
2025-11-03 22:32:08,665 - __main__ - INFO - Found target function: create_cxea_revenue_entries in guided-workflow-backend\api\v2\routers\admin\financial\revenue.py
2025-11-03 22:32:08,666 - __main__ - INFO - Found target function: create_htec_revenue_entries in guided-workflow-backend\api\v2\routers\admin\financial\revenue.py
2025-11-03 22:32:08,666 - __main__ - INFO - Found target function: create_cogs_revenue_entries in guided-workflow-backend\api\v2\routers\admin\financial\revenue.py
2025-11-03 22:32:08,818 - __main__ - INFO - Found target function: rebuild_sdp_for_booking in guided-workflow-backend\api\v2\routers\manager\sdp.py
2025-11-03 22:32:08,935 - __main__ - INFO - Collected 300 service methods
2025-11-03 22:32:12,795 - __main__ - INFO - Parsing file: guided-workflow-backend\api\v2\routers\tagsets.py
2025-11-03 22:32:14,985 - __main__ - INFO - Found target function: create_cxea_revenue_entries in guided-workflow-backend\api\v2\routers\admin\financial\revenue.py
2025-11-03 22:32:14,986 - __main__ - INFO - Found target function: create_htec_revenue_entries in guided-workflow-backend\api\v2\routers\admin\financial\revenue.py
2025-11-03 22:32:14,986 - __main__ - INFO - Found target function: create_cogs_revenue_entries in guided-workflow-backend\api\v2\routers\admin\financial\revenue.py
2025-11-03 22:32:15,107 - __main__ - INFO - Found target function: rebuild_sdp_for_booking in guided-workflow-backend\api\v2\routers\manager\sdp.py
2025-11-03 22:32:15,186 - __main__ - INFO - Collected 300 service methods
2025-11-03 22:32:20,318 - __main__ - INFO - Parsing file: guided-workflow-backend\api\v2\routers\thought_spot.py
2025-11-03 22:32:22,338 - __main__ - INFO - Found target function: create_cxea_revenue_entries in guided-workflow-backend\api\v2\routers\admin\financial\revenue.py
2025-11-03 22:32:22,338 - __main__ - INFO - Found target function: create_htec_revenue_entries in guided-workflow-backend\api\v2\routers\admin\financial\revenue.py
2025-11-03 22:32:22,339 - __main__ - INFO - Found target function: create_cogs_revenue_entries in guided-workflow-backend\api\v2\routers\admin\financial\revenue.py
2025-11-03 22:32:22,504 - __main__ - INFO - Found target function: rebuild_sdp_for_booking in guided-workflow-backend\api\v2\routers\manager\sdp.py
2025-11-03 22:32:22,619 - __main__ - INFO - Collected 300 service methods
2025-11-03 22:32:27,409 - __main__ - INFO - Parsing file: guided-workflow-backend\api\v2\routers\thought_spot_tag.py
2025-11-03 22:32:29,481 - __main__ - INFO - Found target function: create_cxea_revenue_entries in guided-workflow-backend\api\v2\routers\admin\financial\revenue.py
2025-11-03 22:32:29,482 - __main__ - INFO - Found target function: create_htec_revenue_entries in guided-workflow-backend\api\v2\routers\admin\financial\revenue.py
2025-11-03 22:32:29,482 - __main__ - INFO - Found target function: create_cogs_revenue_entries in guided-workflow-backend\api\v2\routers\admin\financial\revenue.py
2025-11-03 22:32:29,623 - __main__ - INFO - Found target function: rebuild_sdp_for_booking in guided-workflow-backend\api\v2\routers\manager\sdp.py
2025-11-03 22:32:29,699 - __main__ - INFO - Collected 300 service methods
2025-11-03 22:32:29,704 - __main__ - INFO - Parsing file: guided-workflow-backend\api\v2\routers\users.py
2025-11-03 22:32:31,803 - __main__ - INFO - Found target function: create_cxea_revenue_entries in guided-workflow-backend\api\v2\routers\admin\financial\revenue.py
2025-11-03 22:32:31,803 - __main__ - INFO - Found target function: create_htec_revenue_entries in guided-workflow-backend\api\v2\routers\admin\financial\revenue.py
2025-11-03 22:32:31,803 - __main__ - INFO - Found target function: create_cogs_revenue_entries in guided-workflow-backend\api\v2\routers\admin\financial\revenue.py
2025-11-03 22:32:31,941 - __main__ - INFO - Found target function: rebuild_sdp_for_booking in guided-workflow-backend\api\v2\routers\manager\sdp.py
2025-11-03 22:32:32,009 - __main__ - INFO - Collected 300 service methods
2025-11-03 22:32:32,539 - __main__ - INFO - Parsing file: guided-workflow-backend\api\v2\routers\user_defined_types.py
2025-11-03 22:32:34,625 - __main__ - INFO - Found target function: create_cxea_revenue_entries in guided-workflow-backend\api\v2\routers\admin\financial\revenue.py
2025-11-03 22:32:34,626 - __main__ - INFO - Found target function: create_htec_revenue_entries in guided-workflow-backend\api\v2\routers\admin\financial\revenue.py
2025-11-03 22:32:34,626 - __main__ - INFO - Found target function: create_cogs_revenue_entries in guided-workflow-backend\api\v2\routers\admin\financial\revenue.py
2025-11-03 22:32:34,750 - __main__ - INFO - Found target function: rebuild_sdp_for_booking in guided-workflow-backend\api\v2\routers\manager\sdp.py
2025-11-03 22:32:34,851 - __main__ - INFO - Collected 300 service methods
2025-11-03 22:32:39,326 - __main__ - INFO - Parsing file: guided-workflow-backend\api\v2\routers\documentation\documentation.py
2025-11-03 22:32:41,920 - __main__ - INFO - Found target function: create_cxea_revenue_entries in guided-workflow-backend\api\v2\routers\admin\financial\revenue.py
2025-11-03 22:32:41,921 - __main__ - INFO - Found target function: create_htec_revenue_entries in guided-workflow-backend\api\v2\routers\admin\financial\revenue.py
2025-11-03 22:32:41,922 - __main__ - INFO - Found target function: create_cogs_revenue_entries in guided-workflow-backend\api\v2\routers\admin\financial\revenue.py
2025-11-03 22:32:42,066 - __main__ - INFO - Found target function: rebuild_sdp_for_booking in guided-workflow-backend\api\v2\routers\manager\sdp.py
2025-11-03 22:32:42,153 - __main__ - INFO - Collected 300 service methods
2025-11-03 22:32:43,934 - __main__ - INFO - Parsing file: guided-workflow-backend\api\v2\routers\manager\assignments.py
2025-11-03 22:32:45,960 - __main__ - INFO - Found target function: create_cxea_revenue_entries in guided-workflow-backend\api\v2\routers\admin\financial\revenue.py
2025-11-03 22:32:45,961 - __main__ - INFO - Found target function: create_htec_revenue_entries in guided-workflow-backend\api\v2\routers\admin\financial\revenue.py
2025-11-03 22:32:45,961 - __main__ - INFO - Found target function: create_cogs_revenue_entries in guided-workflow-backend\api\v2\routers\admin\financial\revenue.py
2025-11-03 22:32:46,098 - __main__ - INFO - Found target function: rebuild_sdp_for_booking in guided-workflow-backend\api\v2\routers\manager\sdp.py
2025-11-03 22:32:46,210 - __main__ - INFO - Collected 300 service methods
2025-11-03 22:32:46,212 - __main__ - DEBUG - Tracking service alias: service -> ManagerBookingsService
2025-11-03 22:32:46,212 - __main__ - DEBUG - Found procedure mapping for ManagerBookingsService.replace_assignment_responsible_user: ['IDENTIFIER']
2025-11-03 22:32:46,214 - __main__ - DEBUG - Found service method ManagerBookingsService.replace_assignment_responsible_user, extracted tables: set()
2025-11-03 22:32:46,216 - __main__ - DEBUG - Found standalone method replace_assignment_responsible_user, extracted tables: set()
2025-11-03 22:32:46,217 - __main__ - DEBUG - Tracking service alias: service -> EngagementsService
2025-11-03 22:32:46,218 - __main__ - DEBUG - Found service method EngagementsService.share_engagement_as_manager, extracted tables: set()
2025-11-03 22:32:46,218 - __main__ - DEBUG - Found standalone method share_engagement_as_manager, extracted tables: set()
2025-11-03 22:32:46,219 - __main__ - DEBUG - Tracking service alias: service -> ManagerBookingsService
2025-11-03 22:32:46,220 - __main__ - DEBUG - Found procedure mapping for ManagerBookingsService.set_booking_allocations: ['put_booking_assignments', 'IDENTIFIER']
2025-11-03 22:32:46,222 - __main__ - DEBUG - Found service method ManagerBookingsService.set_booking_allocations, extracted tables: set()
2025-11-03 22:32:46,223 - __main__ - DEBUG - Found standalone method set_booking_allocations, extracted tables: set()
2025-11-03 22:32:46,224 - __main__ - DEBUG - Tracking service alias: service -> EngagementsService
2025-11-03 22:32:46,225 - __main__ - DEBUG - Found service method EngagementsService.share_engagement_as_manager, extracted tables: set()
2025-11-03 22:32:46,225 - __main__ - DEBUG - Found standalone method share_engagement_as_manager, extracted tables: set()
2025-11-03 22:32:49,759 - __main__ - INFO - Parsing file: guided-workflow-backend\api\v2\routers\manager\bookings.py
2025-11-03 22:32:51,961 - __main__ - INFO - Found target function: create_cxea_revenue_entries in guided-workflow-backend\api\v2\routers\admin\financial\revenue.py
2025-11-03 22:32:51,962 - __main__ - INFO - Found target function: create_htec_revenue_entries in guided-workflow-backend\api\v2\routers\admin\financial\revenue.py
2025-11-03 22:32:51,962 - __main__ - INFO - Found target function: create_cogs_revenue_entries in guided-workflow-backend\api\v2\routers\admin\financial\revenue.py
2025-11-03 22:32:52,106 - __main__ - INFO - Found target function: rebuild_sdp_for_booking in guided-workflow-backend\api\v2\routers\manager\sdp.py
2025-11-03 22:32:52,212 - __main__ - INFO - Collected 300 service methods
2025-11-03 22:32:52,213 - __main__ - INFO - Parsing file: guided-workflow-backend\api\v2\routers\manager\bookings_common.py
2025-11-03 22:32:54,127 - __main__ - INFO - Found target function: create_cxea_revenue_entries in guided-workflow-backend\api\v2\routers\admin\financial\revenue.py
2025-11-03 22:32:54,128 - __main__ - INFO - Found target function: create_htec_revenue_entries in guided-workflow-backend\api\v2\routers\admin\financial\revenue.py
2025-11-03 22:32:54,128 - __main__ - INFO - Found target function: create_cogs_revenue_entries in guided-workflow-backend\api\v2\routers\admin\financial\revenue.py
2025-11-03 22:32:54,235 - __main__ - INFO - Found target function: rebuild_sdp_for_booking in guided-workflow-backend\api\v2\routers\manager\sdp.py
2025-11-03 22:32:54,304 - __main__ - INFO - Collected 300 service methods
2025-11-03 22:32:54,306 - __main__ - DEBUG - Tracking service alias: service -> ManagerBookingsService
2025-11-03 22:32:54,308 - __main__ - DEBUG - Found service method ManagerBookingsService.update_booking_defaults, extracted tables: {'DC_BOOKINGS_CONTRACTS', 'DC_ENGAGEMENT_HDR'}
2025-11-03 22:32:59,233 - __main__ - INFO - Parsing file: guided-workflow-backend\api\v2\routers\manager\bookings_manager.py
2025-11-03 22:33:01,705 - __main__ - INFO - Found target function: create_cxea_revenue_entries in guided-workflow-backend\api\v2\routers\admin\financial\revenue.py
2025-11-03 22:33:01,705 - __main__ - INFO - Found target function: create_htec_revenue_entries in guided-workflow-backend\api\v2\routers\admin\financial\revenue.py
2025-11-03 22:33:01,706 - __main__ - INFO - Found target function: create_cogs_revenue_entries in guided-workflow-backend\api\v2\routers\admin\financial\revenue.py
2025-11-03 22:33:01,856 - __main__ - INFO - Found target function: rebuild_sdp_for_booking in guided-workflow-backend\api\v2\routers\manager\sdp.py
2025-11-03 22:33:01,927 - __main__ - INFO - Collected 300 service methods
2025-11-03 22:33:01,928 - __main__ - DEBUG - Tracking service alias: service -> ManagerBookingsService
2025-11-03 22:33:01,934 - __main__ - DEBUG - Found service method ManagerBookingsService.update_booking_dc_types, extracted tables: {'DC_BOOKINGS_CONTRACTS', 'DC_BOOKINGS_CONTRACTS_RESPONSIBLE_USERS'}
2025-11-03 22:33:01,935 - __main__ - DEBUG - Tracking service alias: service -> ManagerBookingsService
2025-11-03 22:33:01,938 - __main__ - DEBUG - Found service method ManagerBookingsService.update_booking_allocation_ratios, extracted tables: {'DC_BOOKINGS_CONTRACTS'}
2025-11-03 22:33:01,940 - __main__ - DEBUG - Tracking service alias: service -> ManagerBookingsService
2025-11-03 22:33:01,943 - __main__ - DEBUG - Found service method ManagerBookingsService.claim_booking, extracted tables: {'DC_BOOKINGS_CONTRACTS'}
2025-11-03 22:33:02,182 - __main__ - DEBUG - Tracking service alias: service -> ManagerBookingsService
2025-11-03 22:33:02,184 - __main__ - DEBUG - Found service method ManagerBookingsService.unclaim_booking, extracted tables: {'DC_BOOKINGS_CONTRACTS', 'DC_BOOKINGS_CONTRACTS_LINEAGE'}
2025-11-03 22:33:02,186 - __main__ - DEBUG - Tracking service alias: service -> ManagerBookingsService
2025-11-03 22:33:02,188 - __main__ - DEBUG - Found service method ManagerBookingsService.disengage_booking_contract, extracted tables: {'DC_ENGAGEMENT_TO_BOOKINGS_RESPONSIBLE_USER', 'DC_WF_DISENGAGE', 'DC_BOOKINGS_CONTRACTS'}
2025-11-03 22:33:02,189 - __main__ - DEBUG - Tracking service alias: service -> ManagerBookingsService
2025-11-03 22:33:02,191 - __main__ - DEBUG - Found service method ManagerBookingsService.extend_booking_contract, extracted tables: {'DC_BOOKING_CONTRACTS_EXTENSIONS', 'DC_BOOKINGS_CONTRACTS'}
2025-11-03 22:33:02,391 - __main__ - DEBUG - Tracking service alias: service -> ManagerBookingsService
2025-11-03 22:33:02,608 - __main__ - DEBUG - Found service method ManagerBookingsService.create_prospective_booking, extracted tables: {'DC_TYP_BOOKING_TYPE'}
2025-11-03 22:33:02,820 - __main__ - DEBUG - Tracking service alias: service -> ManagerBookingsService
2025-11-03 22:33:02,822 - __main__ - DEBUG - Found service method ManagerBookingsService.update_prospective_booking, extracted tables: {'DC_BOOKINGS_CONTRACTS'}
2025-11-03 22:33:03,020 - __main__ - DEBUG - Tracking service alias: service -> ManagerBookingsService
2025-11-03 22:33:03,021 - __main__ - DEBUG - Found service method ManagerBookingsService.delete_prospective_booking, extracted tables: {'DC_BOOKINGS_CONTRACTS'}
2025-11-03 22:33:13,328 - __main__ - INFO - Parsing file: guided-workflow-backend\api\v2\routers\manager\pool_manager.py
2025-11-03 22:33:14,533 - __main__ - INFO - Found target function: create_cxea_revenue_entries in guided-workflow-backend\api\v2\routers\admin\financial\revenue.py
2025-11-03 22:33:14,533 - __main__ - INFO - Found target function: create_htec_revenue_entries in guided-workflow-backend\api\v2\routers\admin\financial\revenue.py
2025-11-03 22:33:14,533 - __main__ - INFO - Found target function: create_cogs_revenue_entries in guided-workflow-backend\api\v2\routers\admin\financial\revenue.py
2025-11-03 22:33:14,558 - __main__ - INFO - Found target function: rebuild_sdp_for_booking in guided-workflow-backend\api\v2\routers\manager\sdp.py
2025-11-03 22:33:14,584 - __main__ - INFO - Collected 300 service methods
2025-11-03 22:33:14,585 - __main__ - INFO - Parsing file: guided-workflow-backend\api\v2\routers\manager\sdp.py
2025-11-03 22:33:14,585 - __main__ - INFO - Found target functions in guided-workflow-backend\api\v2\routers\manager\sdp.py: ['rebuild_sdp_for_booking']
2025-11-03 22:33:15,247 - __main__ - INFO - Found target function: create_cxea_revenue_entries in guided-workflow-backend\api\v2\routers\admin\financial\revenue.py
2025-11-03 22:33:15,247 - __main__ - INFO - Found target function: create_htec_revenue_entries in guided-workflow-backend\api\v2\routers\admin\financial\revenue.py
2025-11-03 22:33:15,247 - __main__ - INFO - Found target function: create_cogs_revenue_entries in guided-workflow-backend\api\v2\routers\admin\financial\revenue.py
2025-11-03 22:33:15,280 - __main__ - INFO - Found target function: rebuild_sdp_for_booking in guided-workflow-backend\api\v2\routers\manager\sdp.py
2025-11-03 22:33:15,308 - __main__ - INFO - Collected 300 service methods
2025-11-03 22:33:15,309 - __main__ - DEBUG - Tracking service alias: service -> ManagerBookingsService
2025-11-03 22:33:15,309 - __main__ - DEBUG - Found procedure mapping for ManagerBookingsService.set_booking_allocations: ['put_booking_assignments', 'IDENTIFIER']
2025-11-03 22:33:15,310 - __main__ - DEBUG - Found service method ManagerBookingsService.set_booking_allocations, extracted tables: set()
2025-11-03 22:33:15,311 - __main__ - DEBUG - Found standalone method set_booking_allocations, extracted tables: set()
2025-11-03 22:33:15,311 - __main__ - DEBUG - Found procedure mapping for ManagerBookingsService.rebuild_sdp_for_booking_contract: ['dc_sdp_contract_changes']
2025-11-03 22:33:15,312 - __main__ - DEBUG - Found service method ManagerBookingsService.rebuild_sdp_for_booking_contract, extracted tables: set()
2025-11-03 22:33:15,313 - __main__ - DEBUG - Found standalone method rebuild_sdp_for_booking_contract, extracted tables: set()
2025-11-03 22:33:15,313 - __main__ - DEBUG - Tracking service alias: service -> EngagementsService
2025-11-03 22:33:15,313 - __main__ - DEBUG - Found service method EngagementsService.share_engagement_as_manager, extracted tables: set()
2025-11-03 22:33:15,314 - __main__ - DEBUG - Found standalone method share_engagement_as_manager, extracted tables: set()
2025-11-03 22:33:15,391 - __main__ - INFO - Parsing file: guided-workflow-backend\api\v2\routers\manager\super_customers.py
2025-11-03 22:33:16,233 - __main__ - INFO - Found target function: create_cxea_revenue_entries in guided-workflow-backend\api\v2\routers\admin\financial\revenue.py
2025-11-03 22:33:16,234 - __main__ - INFO - Found target function: create_htec_revenue_entries in guided-workflow-backend\api\v2\routers\admin\financial\revenue.py
2025-11-03 22:33:16,234 - __main__ - INFO - Found target function: create_cogs_revenue_entries in guided-workflow-backend\api\v2\routers\admin\financial\revenue.py
2025-11-03 22:33:16,310 - __main__ - INFO - Found target function: rebuild_sdp_for_booking in guided-workflow-backend\api\v2\routers\manager\sdp.py
2025-11-03 22:33:16,368 - __main__ - INFO - Collected 300 service methods
2025-11-03 22:33:18,534 - __main__ - INFO - Parsing file: guided-workflow-backend\api\v2\routers\manager\users.py
2025-11-03 22:33:20,768 - __main__ - INFO - Found target function: create_cxea_revenue_entries in guided-workflow-backend\api\v2\routers\admin\financial\revenue.py
2025-11-03 22:33:20,769 - __main__ - INFO - Found target function: create_htec_revenue_entries in guided-workflow-backend\api\v2\routers\admin\financial\revenue.py
2025-11-03 22:33:20,769 - __main__ - INFO - Found target function: create_cogs_revenue_entries in guided-workflow-backend\api\v2\routers\admin\financial\revenue.py
2025-11-03 22:33:21,434 - __main__ - INFO - Found target function: rebuild_sdp_for_booking in guided-workflow-backend\api\v2\routers\manager\sdp.py
2025-11-03 22:33:21,514 - __main__ - INFO - Collected 300 service methods
2025-11-03 22:33:24,375 - __main__ - INFO - Parsing file: guided-workflow-backend\api\v2\routers\sdp\completions.py
2025-11-03 22:33:25,743 - __main__ - INFO - Found target function: create_cxea_revenue_entries in guided-workflow-backend\api\v2\routers\admin\financial\revenue.py
2025-11-03 22:33:25,743 - __main__ - INFO - Found target function: create_htec_revenue_entries in guided-workflow-backend\api\v2\routers\admin\financial\revenue.py
2025-11-03 22:33:25,744 - __main__ - INFO - Found target function: create_cogs_revenue_entries in guided-workflow-backend\api\v2\routers\admin\financial\revenue.py
2025-11-03 22:33:25,877 - __main__ - INFO - Found target function: rebuild_sdp_for_booking in guided-workflow-backend\api\v2\routers\manager\sdp.py
2025-11-03 22:33:25,962 - __main__ - INFO - Collected 300 service methods
2025-11-03 22:33:25,963 - __main__ - DEBUG - Tracking service alias: service -> UserSdpService
2025-11-03 22:33:25,965 - __main__ - DEBUG - Found service method UserSdpService.process_completion, extracted tables: {'DC_COMPLETED_DELIVERABLES'}
2025-11-03 22:33:26,066 - __main__ - DEBUG - Found service method UserSdpService.get_completion, extracted tables: {'DC_COMPLETED_DELIVERABLES'}
2025-11-03 22:33:26,648 - __main__ - INFO - Parsing file: guided-workflow-backend\api\v2\routers\sdp\deliverables.py
2025-11-03 22:33:27,592 - __main__ - INFO - Found target function: create_cxea_revenue_entries in guided-workflow-backend\api\v2\routers\admin\financial\revenue.py
2025-11-03 22:33:27,592 - __main__ - INFO - Found target function: create_htec_revenue_entries in guided-workflow-backend\api\v2\routers\admin\financial\revenue.py
2025-11-03 22:33:27,592 - __main__ - INFO - Found target function: create_cogs_revenue_entries in guided-workflow-backend\api\v2\routers\admin\financial\revenue.py
2025-11-03 22:33:27,707 - __main__ - INFO - Found target function: rebuild_sdp_for_booking in guided-workflow-backend\api\v2\routers\manager\sdp.py
2025-11-03 22:33:27,787 - __main__ - INFO - Collected 300 service methods
2025-11-03 22:33:28,029 - __main__ - INFO - Parsing file: guided-workflow-backend\api\v2\routers\sdp\time_tracking.py
2025-11-03 22:33:29,076 - __main__ - INFO - Found target function: create_cxea_revenue_entries in guided-workflow-backend\api\v2\routers\admin\financial\revenue.py
2025-11-03 22:33:29,076 - __main__ - INFO - Found target function: create_htec_revenue_entries in guided-workflow-backend\api\v2\routers\admin\financial\revenue.py
2025-11-03 22:33:29,077 - __main__ - INFO - Found target function: create_cogs_revenue_entries in guided-workflow-backend\api\v2\routers\admin\financial\revenue.py
2025-11-03 22:33:29,194 - __main__ - INFO - Found target function: rebuild_sdp_for_booking in guided-workflow-backend\api\v2\routers\manager\sdp.py
2025-11-03 22:33:29,277 - __main__ - INFO - Collected 300 service methods
2025-11-03 22:33:30,025 - __main__ - INFO - Parsing file: guided-workflow-backend\api\v2\routers\support\agent.py
2025-11-03 22:33:31,397 - __main__ - INFO - Found target function: create_cxea_revenue_entries in guided-workflow-backend\api\v2\routers\admin\financial\revenue.py
2025-11-03 22:33:31,398 - __main__ - INFO - Found target function: create_htec_revenue_entries in guided-workflow-backend\api\v2\routers\admin\financial\revenue.py
2025-11-03 22:33:31,398 - __main__ - INFO - Found target function: create_cogs_revenue_entries in guided-workflow-backend\api\v2\routers\admin\financial\revenue.py
2025-11-03 22:33:31,544 - __main__ - INFO - Found target function: rebuild_sdp_for_booking in guided-workflow-backend\api\v2\routers\manager\sdp.py
2025-11-03 22:33:31,619 - __main__ - INFO - Collected 300 service methods
2025-11-03 22:33:31,809 - __main__ - INFO - Parsing file: guided-workflow-backend\api\v2\routers\support\user.py
2025-11-03 22:33:33,589 - __main__ - INFO - Found target function: create_cxea_revenue_entries in guided-workflow-backend\api\v2\routers\admin\financial\revenue.py
2025-11-03 22:33:33,589 - __main__ - INFO - Found target function: create_htec_revenue_entries in guided-workflow-backend\api\v2\routers\admin\financial\revenue.py
2025-11-03 22:33:33,590 - __main__ - INFO - Found target function: create_cogs_revenue_entries in guided-workflow-backend\api\v2\routers\admin\financial\revenue.py
2025-11-03 22:33:33,669 - __main__ - INFO - Found target function: rebuild_sdp_for_booking in guided-workflow-backend\api\v2\routers\manager\sdp.py
2025-11-03 22:33:33,698 - __main__ - INFO - Collected 300 service methods
2025-11-03 22:33:34,852 - __main__ - INFO - Parsing file: guided-workflow-backend\api\v2\routers\workflows\actions.py
2025-11-03 22:33:36,059 - __main__ - INFO - Found target function: create_cxea_revenue_entries in guided-workflow-backend\api\v2\routers\admin\financial\revenue.py
2025-11-03 22:33:36,060 - __main__ - INFO - Found target function: create_htec_revenue_entries in guided-workflow-backend\api\v2\routers\admin\financial\revenue.py
2025-11-03 22:33:36,060 - __main__ - INFO - Found target function: create_cogs_revenue_entries in guided-workflow-backend\api\v2\routers\admin\financial\revenue.py
2025-11-03 22:33:36,129 - __main__ - INFO - Found target function: rebuild_sdp_for_booking in guided-workflow-backend\api\v2\routers\manager\sdp.py
2025-11-03 22:33:36,173 - __main__ - INFO - Collected 300 service methods
2025-11-03 22:33:36,616 - __main__ - INFO - Parsing file: guided-workflow-backend\api\v2\routers\workflows\downloads.py
2025-11-03 22:33:37,654 - __main__ - INFO - Found target function: create_cxea_revenue_entries in guided-workflow-backend\api\v2\routers\admin\financial\revenue.py
2025-11-03 22:33:37,654 - __main__ - INFO - Found target function: create_htec_revenue_entries in guided-workflow-backend\api\v2\routers\admin\financial\revenue.py
2025-11-03 22:33:37,654 - __main__ - INFO - Found target function: create_cogs_revenue_entries in guided-workflow-backend\api\v2\routers\admin\financial\revenue.py
2025-11-03 22:33:37,693 - __main__ - INFO - Found target function: rebuild_sdp_for_booking in guided-workflow-backend\api\v2\routers\manager\sdp.py
2025-11-03 22:33:37,721 - __main__ - INFO - Collected 300 service methods
2025-11-03 22:33:37,763 - __main__ - INFO - Parsing file: guided-workflow-backend\api\v2\routers\workflows\evidence_uploads.py
2025-11-03 22:33:38,500 - __main__ - INFO - Found target function: create_cxea_revenue_entries in guided-workflow-backend\api\v2\routers\admin\financial\revenue.py
2025-11-03 22:33:38,500 - __main__ - INFO - Found target function: create_htec_revenue_entries in guided-workflow-backend\api\v2\routers\admin\financial\revenue.py
2025-11-03 22:33:38,500 - __main__ - INFO - Found target function: create_cogs_revenue_entries in guided-workflow-backend\api\v2\routers\admin\financial\revenue.py
2025-11-03 22:33:38,548 - __main__ - INFO - Found target function: rebuild_sdp_for_booking in guided-workflow-backend\api\v2\routers\manager\sdp.py
2025-11-03 22:33:38,583 - __main__ - INFO - Collected 300 service methods
2025-11-03 22:33:38,722 - __main__ - INFO - Parsing file: guided-workflow-backend\api\v2\routers\workflows\lookups.py
2025-11-03 22:33:40,448 - __main__ - INFO - Found target function: create_cxea_revenue_entries in guided-workflow-backend\api\v2\routers\admin\financial\revenue.py
2025-11-03 22:33:40,448 - __main__ - INFO - Found target function: create_htec_revenue_entries in guided-workflow-backend\api\v2\routers\admin\financial\revenue.py
2025-11-03 22:33:40,448 - __main__ - INFO - Found target function: create_cogs_revenue_entries in guided-workflow-backend\api\v2\routers\admin\financial\revenue.py
2025-11-03 22:33:40,501 - __main__ - INFO - Found target function: rebuild_sdp_for_booking in guided-workflow-backend\api\v2\routers\manager\sdp.py
2025-11-03 22:33:40,528 - __main__ - INFO - Collected 300 service methods
2025-11-03 22:33:40,726 - __main__ - INFO - Parsing file: guided-workflow-backend\api\v2\routers\workflows\macd.py
2025-11-03 22:33:41,663 - __main__ - INFO - Found target function: create_cxea_revenue_entries in guided-workflow-backend\api\v2\routers\admin\financial\revenue.py
2025-11-03 22:33:41,664 - __main__ - INFO - Found target function: create_htec_revenue_entries in guided-workflow-backend\api\v2\routers\admin\financial\revenue.py
2025-11-03 22:33:41,664 - __main__ - INFO - Found target function: create_cogs_revenue_entries in guided-workflow-backend\api\v2\routers\admin\financial\revenue.py
2025-11-03 22:33:41,729 - __main__ - INFO - Found target function: rebuild_sdp_for_booking in guided-workflow-backend\api\v2\routers\manager\sdp.py
2025-11-03 22:33:41,762 - __main__ - INFO - Collected 300 service methods
2025-11-03 22:33:42,023 - __main__ - INFO - Parsing file: guided-workflow-backend\api\v2\routers\workflows\notifications.py
2025-11-03 22:33:42,968 - __main__ - INFO - Found target function: create_cxea_revenue_entries in guided-workflow-backend\api\v2\routers\admin\financial\revenue.py
2025-11-03 22:33:42,968 - __main__ - INFO - Found target function: create_htec_revenue_entries in guided-workflow-backend\api\v2\routers\admin\financial\revenue.py
2025-11-03 22:33:42,968 - __main__ - INFO - Found target function: create_cogs_revenue_entries in guided-workflow-backend\api\v2\routers\admin\financial\revenue.py
2025-11-03 22:33:43,006 - __main__ - INFO - Found target function: rebuild_sdp_for_booking in guided-workflow-backend\api\v2\routers\manager\sdp.py
2025-11-03 22:33:43,033 - __main__ - INFO - Collected 300 service methods
2025-11-03 22:33:44,934 - __main__ - INFO - Parsing file: guided-workflow-backend\api\v2\routers\workflows\sea_upload.py
2025-11-03 22:33:45,967 - __main__ - INFO - Found target function: create_cxea_revenue_entries in guided-workflow-backend\api\v2\routers\admin\financial\revenue.py
2025-11-03 22:33:45,967 - __main__ - INFO - Found target function: create_htec_revenue_entries in guided-workflow-backend\api\v2\routers\admin\financial\revenue.py
2025-11-03 22:33:45,968 - __main__ - INFO - Found target function: create_cogs_revenue_entries in guided-workflow-backend\api\v2\routers\admin\financial\revenue.py
2025-11-03 22:33:46,007 - __main__ - INFO - Found target function: rebuild_sdp_for_booking in guided-workflow-backend\api\v2\routers\manager\sdp.py
2025-11-03 22:33:46,037 - __main__ - INFO - Collected 300 service methods
2025-11-03 22:33:46,217 - __main__ - INFO - Parsing file: guided-workflow-backend\api\v2\routers\workflows\signoff.py
2025-11-03 22:33:47,015 - __main__ - INFO - Found target function: create_cxea_revenue_entries in guided-workflow-backend\api\v2\routers\admin\financial\revenue.py
2025-11-03 22:33:47,015 - __main__ - INFO - Found target function: create_htec_revenue_entries in guided-workflow-backend\api\v2\routers\admin\financial\revenue.py
2025-11-03 22:33:47,015 - __main__ - INFO - Found target function: create_cogs_revenue_entries in guided-workflow-backend\api\v2\routers\admin\financial\revenue.py
2025-11-03 22:33:47,079 - __main__ - INFO - Found target function: rebuild_sdp_for_booking in guided-workflow-backend\api\v2\routers\manager\sdp.py
2025-11-03 22:33:47,134 - __main__ - INFO - Collected 300 service methods
2025-11-03 22:33:47,204 - __main__ - INFO - Parsing file: guided-workflow-backend\api\v2\routers\workflows\workflow_tagging.py
2025-11-03 22:33:48,823 - __main__ - INFO - Found target function: create_cxea_revenue_entries in guided-workflow-backend\api\v2\routers\admin\financial\revenue.py
2025-11-03 22:33:48,823 - __main__ - INFO - Found target function: create_htec_revenue_entries in guided-workflow-backend\api\v2\routers\admin\financial\revenue.py
2025-11-03 22:33:48,823 - __main__ - INFO - Found target function: create_cogs_revenue_entries in guided-workflow-backend\api\v2\routers\admin\financial\revenue.py
2025-11-03 22:33:48,886 - __main__ - INFO - Found target function: rebuild_sdp_for_booking in guided-workflow-backend\api\v2\routers\manager\sdp.py
2025-11-03 22:33:48,916 - __main__ - INFO - Collected 300 service methods
2025-11-03 22:33:49,003 - __main__ - INFO - Parsing file: guided-workflow-backend\api\v2\routers\admin\financial\contracts.py
2025-11-03 22:33:49,870 - __main__ - INFO - Found target function: create_cxea_revenue_entries in guided-workflow-backend\api\v2\routers\admin\financial\revenue.py
2025-11-03 22:33:49,871 - __main__ - INFO - Found target function: create_htec_revenue_entries in guided-workflow-backend\api\v2\routers\admin\financial\revenue.py
2025-11-03 22:33:49,871 - __main__ - INFO - Found target function: create_cogs_revenue_entries in guided-workflow-backend\api\v2\routers\admin\financial\revenue.py
2025-11-03 22:33:49,915 - __main__ - INFO - Found target function: rebuild_sdp_for_booking in guided-workflow-backend\api\v2\routers\manager\sdp.py
2025-11-03 22:33:49,943 - __main__ - INFO - Collected 300 service methods
2025-11-03 22:33:49,980 - __main__ - INFO - Parsing file: guided-workflow-backend\api\v2\routers\admin\financial\revenue.py
2025-11-03 22:33:49,981 - __main__ - INFO - Found target functions in guided-workflow-backend\api\v2\routers\admin\financial\revenue.py: ['create_cxea_revenue_entries', 'create_htec_revenue_entries', 'create_cogs_revenue_entries']
2025-11-03 22:33:50,838 - __main__ - INFO - Found target function: create_cxea_revenue_entries in guided-workflow-backend\api\v2\routers\admin\financial\revenue.py
2025-11-03 22:33:50,838 - __main__ - INFO - Found target function: create_htec_revenue_entries in guided-workflow-backend\api\v2\routers\admin\financial\revenue.py
2025-11-03 22:33:50,838 - __main__ - INFO - Found target function: create_cogs_revenue_entries in guided-workflow-backend\api\v2\routers\admin\financial\revenue.py
2025-11-03 22:33:50,878 - __main__ - INFO - Found target function: rebuild_sdp_for_booking in guided-workflow-backend\api\v2\routers\manager\sdp.py
2025-11-03 22:33:50,904 - __main__ - INFO - Collected 300 service methods
2025-11-03 22:33:51,928 - __main__ - INFO - Parsing file: guided-workflow-backend\api\v2\routers\admin\financial\unverified.py
2025-11-03 22:33:52,864 - __main__ - INFO - Found target function: create_cxea_revenue_entries in guided-workflow-backend\api\v2\routers\admin\financial\revenue.py
2025-11-03 22:33:52,865 - __main__ - INFO - Found target function: create_htec_revenue_entries in guided-workflow-backend\api\v2\routers\admin\financial\revenue.py
2025-11-03 22:33:52,865 - __main__ - INFO - Found target function: create_cogs_revenue_entries in guided-workflow-backend\api\v2\routers\admin\financial\revenue.py
2025-11-03 22:33:52,983 - __main__ - INFO - Found target function: rebuild_sdp_for_booking in guided-workflow-backend\api\v2\routers\manager\sdp.py
2025-11-03 22:33:53,013 - __main__ - INFO - Collected 300 service methods
2025-11-03 22:33:53,089 - __main__ - INFO - Parsing file: guided-workflow-backend\api\v2\routers\admin\financial\verified.py
2025-11-03 22:33:53,966 - __main__ - INFO - Found target function: create_cxea_revenue_entries in guided-workflow-backend\api\v2\routers\admin\financial\revenue.py
2025-11-03 22:33:53,966 - __main__ - INFO - Found target function: create_htec_revenue_entries in guided-workflow-backend\api\v2\routers\admin\financial\revenue.py
2025-11-03 22:33:53,966 - __main__ - INFO - Found target function: create_cogs_revenue_entries in guided-workflow-backend\api\v2\routers\admin\financial\revenue.py
2025-11-03 22:33:54,016 - __main__ - INFO - Found target function: rebuild_sdp_for_booking in guided-workflow-backend\api\v2\routers\manager\sdp.py
2025-11-03 22:33:54,045 - __main__ - INFO - Collected 300 service methods
2025-11-03 22:33:54,403 - __main__ - INFO - Parsing file: guided-workflow-backend\api\v2\routers\admin\sdp\deliverables.py
2025-11-03 22:33:55,452 - __main__ - INFO - Found target function: create_cxea_revenue_entries in guided-workflow-backend\api\v2\routers\admin\financial\revenue.py
2025-11-03 22:33:55,453 - __main__ - INFO - Found target function: create_htec_revenue_entries in guided-workflow-backend\api\v2\routers\admin\financial\revenue.py
2025-11-03 22:33:55,453 - __main__ - INFO - Found target function: create_cogs_revenue_entries in guided-workflow-backend\api\v2\routers\admin\financial\revenue.py
2025-11-03 22:33:55,512 - __main__ - INFO - Found target function: rebuild_sdp_for_booking in guided-workflow-backend\api\v2\routers\manager\sdp.py
2025-11-03 22:33:55,544 - __main__ - INFO - Collected 300 service methods
2025-11-03 22:33:56,548 - __main__ - INFO - Parsing file: guided-workflow-backend\api\v2\routers\admin\sdp\lifecycles.py
2025-11-03 22:33:58,319 - __main__ - INFO - Found target function: create_cxea_revenue_entries in guided-workflow-backend\api\v2\routers\admin\financial\revenue.py
2025-11-03 22:33:58,319 - __main__ - INFO - Found target function: create_htec_revenue_entries in guided-workflow-backend\api\v2\routers\admin\financial\revenue.py
2025-11-03 22:33:58,319 - __main__ - INFO - Found target function: create_cogs_revenue_entries in guided-workflow-backend\api\v2\routers\admin\financial\revenue.py
2025-11-03 22:33:58,411 - __main__ - INFO - Found target function: rebuild_sdp_for_booking in guided-workflow-backend\api\v2\routers\manager\sdp.py
2025-11-03 22:33:58,458 - __main__ - INFO - Collected 300 service methods
2025-11-03 22:33:59,321 - __main__ - INFO - Parsing file: guided-workflow-backend\api\v2\routers\admin\sdp\sdp.py
2025-11-03 22:34:00,073 - __main__ - INFO - Found target function: create_cxea_revenue_entries in guided-workflow-backend\api\v2\routers\admin\financial\revenue.py
2025-11-03 22:34:00,074 - __main__ - INFO - Found target function: create_htec_revenue_entries in guided-workflow-backend\api\v2\routers\admin\financial\revenue.py
2025-11-03 22:34:00,074 - __main__ - INFO - Found target function: create_cogs_revenue_entries in guided-workflow-backend\api\v2\routers\admin\financial\revenue.py
2025-11-03 22:34:00,122 - __main__ - INFO - Found target function: rebuild_sdp_for_booking in guided-workflow-backend\api\v2\routers\manager\sdp.py
2025-11-03 22:34:00,150 - __main__ - INFO - Collected 300 service methods
2025-11-03 22:34:00,188 - __main__ - INFO - Parsing file: guided-workflow-backend\api\v2\routers\admin\sdp\subtasks.py
2025-11-03 22:34:00,958 - __main__ - INFO - Found target function: create_cxea_revenue_entries in guided-workflow-backend\api\v2\routers\admin\financial\revenue.py
2025-11-03 22:34:00,958 - __main__ - INFO - Found target function: create_htec_revenue_entries in guided-workflow-backend\api\v2\routers\admin\financial\revenue.py
2025-11-03 22:34:00,958 - __main__ - INFO - Found target function: create_cogs_revenue_entries in guided-workflow-backend\api\v2\routers\admin\financial\revenue.py
2025-11-03 22:34:00,999 - __main__ - INFO - Found target function: rebuild_sdp_for_booking in guided-workflow-backend\api\v2\routers\manager\sdp.py
2025-11-03 22:34:01,027 - __main__ - INFO - Collected 300 service methods
2025-11-03 22:34:01,820 - __main__ - INFO - Parsing file: guided-workflow-backend\api\v2\routers\admin\sdp\tasks.py
2025-11-03 22:34:02,742 - __main__ - INFO - Found target function: create_cxea_revenue_entries in guided-workflow-backend\api\v2\routers\admin\financial\revenue.py
2025-11-03 22:34:02,742 - __main__ - INFO - Found target function: create_htec_revenue_entries in guided-workflow-backend\api\v2\routers\admin\financial\revenue.py
2025-11-03 22:34:02,743 - __main__ - INFO - Found target function: create_cogs_revenue_entries in guided-workflow-backend\api\v2\routers\admin\financial\revenue.py
2025-11-03 22:34:02,792 - __main__ - INFO - Found target function: rebuild_sdp_for_booking in guided-workflow-backend\api\v2\routers\manager\sdp.py
2025-11-03 22:34:02,820 - __main__ - INFO - Collected 300 service methods
2025-11-03 22:34:03,170 - __main__ - INFO -    Found 181 backend routes
2025-11-03 22:34:03,170 - __main__ - INFO -    Routes with tables: 151
2025-11-03 22:34:03,170 - __main__ - INFO - 
3. Creating mappings...
2025-11-03 22:34:03,187 - __main__ - INFO - 
4. Generating reports...
2025-11-03 22:34:12,133 - __main__ - INFO -    Generated: test_mapping.json
2025-11-03 22:34:12,133 - __main__ - INFO -    Generated: test_mapping.csv
2025-11-03 22:34:12,133 - __main__ - INFO - 
API MAPPING SUMMARY
2025-11-03 22:34:12,133 - __main__ - INFO - ==================================================
2025-11-03 22:34:12,133 - __main__ - INFO - Total Frontend Calls: 174
2025-11-03 22:34:12,133 - __main__ - INFO - Matched:              168 (96.6%)
2025-11-03 22:34:12,133 - __main__ - INFO - Unmatched:            6 (3.4%)
2025-11-03 22:34:12,133 - __main__ - INFO - With Tables:          140 (80.5%)
2025-11-03 22:34:12,133 - __main__ - INFO - With Response Models: 148 (85.1%)
2025-11-03 22:34:12,133 - __main__ - INFO - 
Sample Table Mappings:
2025-11-03 22:34:12,134 - __main__ - INFO - ------------------------------
2025-11-03 22:34:12,134 - __main__ - INFO -   /api/v2/canvas/snapshots -> DC_SNAPSHOT_DATA
2025-11-03 22:34:12,134 - __main__ - INFO -   /api/v2/canvas/1/deleted -> DC_CANVAS_HDR
2025-11-03 22:34:12,134 - __main__ - INFO -   /api/v2/canvas/1/undelete/{canvas_id} -> DC_CANVAS_HDR
2025-11-03 22:34:12,134 - __main__ - INFO -   /api/v2/canvas -> DC_CAM_TO_ENGAGEMENT, DC_CANVAS_HDR, DC_ENGAGEMENT_HDR
2025-11-03 22:34:12,134 - __main__ - INFO -   /api/v2/canvas/rebuild -> DC_ENGAGEMENT_HDR, DC_CAM_TO_ENGAGEMENT, DC_CANVAS_HDR
2025-11-03 22:34:12,134 - __main__ - INFO - 
Sample Response Model Mappings:
2025-11-03 22:34:12,134 - __main__ - INFO - -----------------------------------
2025-11-03 22:34:12,134 - __main__ - INFO -   /api/v2/canvas/snapshots -> V2SnapshotDataResponse []
2025-11-03 22:34:12,134 - __main__ - INFO -   /api/v2/canvas/1/deleted -> None []
2025-11-03 22:34:12,134 - __main__ - INFO -   /api/v2/canvas/1/undelete/{canvas_id} -> None []
2025-11-03 22:34:12,134 - __main__ - INFO -   /api/v2/canvas -> V2CanvasRead [canvas_desc, canvas_id, canvas_name (+9 more)]
2025-11-03 22:34:12,134 - __main__ - INFO -   /api/v2/canvas/rebuild -> V2CanvasRead [canvas_desc, canvas_id, canvas_name (+9 more)]
2025-11-03 22:34:12,135 - __main__ - INFO - Complete Frontend-Backend API Mapping Tool with Deep Table Analysis
2025-11-03 22:34:12,135 - __main__ - INFO - ======================================================================
2025-11-03 22:34:12,135 - __main__ - INFO - 
1. Analyzing frontend with complete patterns...
2025-11-03 22:34:12,479 - __main__ - INFO -    Found 174 frontend API calls
2025-11-03 22:34:12,479 - __main__ - INFO - 
2. Analyzing backend with deep table analysis...
2025-11-03 22:34:12,479 - __main__ - INFO - Found 86 known tables
2025-11-03 22:34:13,774 - __main__ - INFO - Collected 1270 function definitions
2025-11-03 22:34:13,774 - __main__ - INFO - Parsing file: guided-workflow-backend\api\v2\routers\announcements.py
2025-11-03 22:34:14,565 - __main__ - INFO - Found target function: create_cxea_revenue_entries in guided-workflow-backend\api\v2\routers\admin\financial\revenue.py
2025-11-03 22:34:14,565 - __main__ - INFO - Found target function: create_htec_revenue_entries in guided-workflow-backend\api\v2\routers\admin\financial\revenue.py
2025-11-03 22:34:14,566 - __main__ - INFO - Found target function: create_cogs_revenue_entries in guided-workflow-backend\api\v2\routers\admin\financial\revenue.py
2025-11-03 22:34:14,654 - __main__ - INFO - Found target function: rebuild_sdp_for_booking in guided-workflow-backend\api\v2\routers\manager\sdp.py
2025-11-03 22:34:14,679 - __main__ - INFO - Collected 300 service methods
2025-11-03 22:34:14,680 - __main__ - DEBUG - Tracking service alias: service -> AnnouncementsService
2025-11-03 22:34:14,965 - __main__ - DEBUG - Found service method AnnouncementsService.create_announcement, extracted tables: set()
2025-11-03 22:34:14,965 - __main__ - DEBUG - Tracking service alias: service -> AnnouncementsService
2025-11-03 22:34:15,123 - __main__ - DEBUG - Found service method AnnouncementsService.create_announcement, extracted tables: set()
2025-11-03 22:34:15,123 - __main__ - DEBUG - Tracking service alias: service -> AnnouncementsService
2025-11-03 22:34:15,326 - __main__ - DEBUG - Found service method AnnouncementsService.create_announcement, extracted tables: set()
2025-11-03 22:34:15,326 - __main__ - DEBUG - Tracking service alias: service -> AnnouncementsService
2025-11-03 22:34:15,508 - __main__ - DEBUG - Found service method AnnouncementsService.create_announcement, extracted tables: set()
2025-11-03 22:34:15,508 - __main__ - DEBUG - Tracking service alias: service -> AnnouncementsService
2025-11-03 22:34:15,687 - __main__ - DEBUG - Found service method AnnouncementsService.create_announcement, extracted tables: set()
2025-11-03 22:34:15,687 - __main__ - DEBUG - Tracking service alias: service -> AnnouncementsService
2025-11-03 22:34:15,875 - __main__ - DEBUG - Found service method AnnouncementsService.create_announcement, extracted tables: set()
2025-11-03 22:34:15,875 - __main__ - DEBUG - Tracking service alias: service -> AnnouncementsService
2025-11-03 22:34:16,061 - __main__ - DEBUG - Found service method AnnouncementsService.create_announcement, extracted tables: set()
2025-11-03 22:34:16,062 - __main__ - DEBUG - Tracking service alias: service -> AnnouncementsService
2025-11-03 22:34:16,269 - __main__ - DEBUG - Found service method AnnouncementsService.create_announcement, extracted tables: set()
2025-11-03 22:34:16,269 - __main__ - DEBUG - Tracking service alias: service -> AnnouncementsService
2025-11-03 22:34:16,466 - __main__ - DEBUG - Found service method AnnouncementsService.create_announcement, extracted tables: set()
2025-11-03 22:34:16,467 - __main__ - DEBUG - Tracking service alias: service -> AnnouncementsService
2025-11-03 22:34:16,630 - __main__ - DEBUG - Found service method AnnouncementsService.create_announcement, extracted tables: set()
2025-11-03 22:34:16,631 - __main__ - DEBUG - Tracking service alias: service -> AnnouncementsService
2025-11-03 22:34:16,828 - __main__ - DEBUG - Found service method AnnouncementsService.create_announcement, extracted tables: set()
2025-11-03 22:34:16,828 - __main__ - DEBUG - Tracking service alias: service -> AnnouncementsService
2025-11-03 22:34:17,016 - __main__ - DEBUG - Found service method AnnouncementsService.create_announcement, extracted tables: set()
2025-11-03 22:34:17,017 - __main__ - DEBUG - Tracking service alias: service -> AnnouncementsService
2025-11-03 22:34:17,182 - __main__ - DEBUG - Found service method AnnouncementsService.create_announcement, extracted tables: set()
2025-11-03 22:34:17,182 - __main__ - DEBUG - Tracking service alias: service -> AnnouncementsService
2025-11-03 22:34:17,359 - __main__ - DEBUG - Found service method AnnouncementsService.create_announcement, extracted tables: set()
2025-11-03 22:34:17,360 - __main__ - DEBUG - Tracking service alias: service -> AnnouncementsService
2025-11-03 22:34:17,566 - __main__ - DEBUG - Found service method AnnouncementsService.create_announcement, extracted tables: set()
2025-11-03 22:34:17,566 - __main__ - DEBUG - Tracking service alias: service -> AnnouncementsService
2025-11-03 22:34:17,739 - __main__ - DEBUG - Found service method AnnouncementsService.create_announcement, extracted tables: set()
2025-11-03 22:34:17,740 - __main__ - DEBUG - Tracking service alias: service -> AnnouncementsService
2025-11-03 22:34:17,946 - __main__ - DEBUG - Found service method AnnouncementsService.create_announcement, extracted tables: set()
2025-11-03 22:34:17,947 - __main__ - DEBUG - Tracking service alias: service -> AnnouncementsService
2025-11-03 22:34:18,118 - __main__ - DEBUG - Found service method AnnouncementsService.create_announcement, extracted tables: set()
2025-11-03 22:34:18,118 - __main__ - DEBUG - Tracking service alias: service -> AnnouncementsService
2025-11-03 22:34:18,279 - __main__ - DEBUG - Found service method AnnouncementsService.create_announcement, extracted tables: set()
2025-11-03 22:34:18,280 - __main__ - DEBUG - Tracking service alias: service -> AnnouncementsService
2025-11-03 22:34:18,443 - __main__ - DEBUG - Found service method AnnouncementsService.create_announcement, extracted tables: set()
2025-11-03 22:34:18,443 - __main__ - DEBUG - Tracking service alias: service -> AnnouncementsService
2025-11-03 22:34:18,616 - __main__ - DEBUG - Found service method AnnouncementsService.create_announcement, extracted tables: set()
2025-11-03 22:34:18,617 - __main__ - DEBUG - Tracking service alias: service -> AnnouncementsService
2025-11-03 22:34:18,784 - __main__ - DEBUG - Found service method AnnouncementsService.create_announcement, extracted tables: set()
2025-11-03 22:34:18,784 - __main__ - DEBUG - Tracking service alias: service -> AnnouncementsService
2025-11-03 22:34:18,998 - __main__ - DEBUG - Found service method AnnouncementsService.create_announcement, extracted tables: set()
2025-11-03 22:34:18,998 - __main__ - DEBUG - Tracking service alias: service -> AnnouncementsService
2025-11-03 22:34:19,226 - __main__ - DEBUG - Found service method AnnouncementsService.create_announcement, extracted tables: set()
2025-11-03 22:34:19,226 - __main__ - DEBUG - Tracking service alias: service -> AnnouncementsService
2025-11-03 22:34:19,425 - __main__ - DEBUG - Found service method AnnouncementsService.create_announcement, extracted tables: set()
2025-11-03 22:34:19,426 - __main__ - DEBUG - Tracking service alias: service -> AnnouncementsService
2025-11-03 22:34:19,606 - __main__ - DEBUG - Found service method AnnouncementsService.create_announcement, extracted tables: set()
2025-11-03 22:34:19,606 - __main__ - DEBUG - Tracking service alias: service -> AnnouncementsService
2025-11-03 22:34:19,783 - __main__ - DEBUG - Found service method AnnouncementsService.create_announcement, extracted tables: set()
2025-11-03 22:34:19,784 - __main__ - DEBUG - Tracking service alias: service -> AnnouncementsService
2025-11-03 22:34:19,963 - __main__ - DEBUG - Found service method AnnouncementsService.create_announcement, extracted tables: set()
2025-11-03 22:34:19,963 - __main__ - DEBUG - Tracking service alias: service -> AnnouncementsService
2025-11-03 22:34:20,136 - __main__ - DEBUG - Found service method AnnouncementsService.create_announcement, extracted tables: set()
2025-11-03 22:34:20,136 - __main__ - DEBUG - Tracking service alias: service -> AnnouncementsService
2025-11-03 22:34:20,314 - __main__ - DEBUG - Found service method AnnouncementsService.create_announcement, extracted tables: set()
2025-11-03 22:34:20,314 - __main__ - DEBUG - Tracking service alias: service -> AnnouncementsService
2025-11-03 22:34:20,485 - __main__ - DEBUG - Found service method AnnouncementsService.create_announcement, extracted tables: set()
2025-11-03 22:34:20,486 - __main__ - DEBUG - Tracking service alias: service -> AnnouncementsService
2025-11-03 22:34:20,654 - __main__ - DEBUG - Found service method AnnouncementsService.create_announcement, extracted tables: set()
2025-11-03 22:34:20,654 - __main__ - DEBUG - Tracking service alias: service -> AnnouncementsService
2025-11-03 22:34:20,848 - __main__ - DEBUG - Found service method AnnouncementsService.create_announcement, extracted tables: set()
2025-11-03 22:34:20,848 - __main__ - DEBUG - Tracking service alias: service -> AnnouncementsService
2025-11-03 22:34:21,012 - __main__ - DEBUG - Found service method AnnouncementsService.create_announcement, extracted tables: set()
2025-11-03 22:34:21,013 - __main__ - DEBUG - Tracking service alias: service -> AnnouncementsService
2025-11-03 22:34:21,296 - __main__ - DEBUG - Found service method AnnouncementsService.create_announcement, extracted tables: set()
2025-11-03 22:34:21,296 - __main__ - DEBUG - Tracking service alias: service -> AnnouncementsService
2025-11-03 22:34:21,482 - __main__ - DEBUG - Found service method AnnouncementsService.create_announcement, extracted tables: set()
2025-11-03 22:34:21,482 - __main__ - DEBUG - Tracking service alias: service -> AnnouncementsService
2025-11-03 22:34:21,693 - __main__ - DEBUG - Found service method AnnouncementsService.create_announcement, extracted tables: set()
2025-11-03 22:34:21,693 - __main__ - DEBUG - Tracking service alias: service -> AnnouncementsService
2025-11-03 22:34:21,892 - __main__ - DEBUG - Found service method AnnouncementsService.create_announcement, extracted tables: set()
2025-11-03 22:34:21,893 - __main__ - DEBUG - Tracking service alias: service -> AnnouncementsService
2025-11-03 22:34:22,092 - __main__ - DEBUG - Found service method AnnouncementsService.create_announcement, extracted tables: set()
2025-11-03 22:34:22,092 - __main__ - DEBUG - Tracking service alias: service -> AnnouncementsService
2025-11-03 22:34:22,277 - __main__ - DEBUG - Found service method AnnouncementsService.create_announcement, extracted tables: set()
2025-11-03 22:34:22,277 - __main__ - DEBUG - Tracking service alias: service -> AnnouncementsService
2025-11-03 22:34:22,445 - __main__ - DEBUG - Found service method AnnouncementsService.create_announcement, extracted tables: set()
2025-11-03 22:34:22,445 - __main__ - DEBUG - Tracking service alias: service -> AnnouncementsService
2025-11-03 22:34:22,619 - __main__ - DEBUG - Found service method AnnouncementsService.create_announcement, extracted tables: set()
2025-11-03 22:34:22,619 - __main__ - DEBUG - Tracking service alias: service -> AnnouncementsService
2025-11-03 22:34:22,882 - __main__ - DEBUG - Found service method AnnouncementsService.create_announcement, extracted tables: set()
2025-11-03 22:34:22,882 - __main__ - DEBUG - Tracking service alias: service -> AnnouncementsService
2025-11-03 22:34:23,072 - __main__ - DEBUG - Found service method AnnouncementsService.create_announcement, extracted tables: set()
2025-11-03 22:34:23,072 - __main__ - DEBUG - Tracking service alias: service -> AnnouncementsService
2025-11-03 22:34:23,298 - __main__ - DEBUG - Found service method AnnouncementsService.create_announcement, extracted tables: set()
2025-11-03 22:34:23,299 - __main__ - DEBUG - Tracking service alias: service -> AnnouncementsService
2025-11-03 22:34:23,516 - __main__ - DEBUG - Found service method AnnouncementsService.create_announcement, extracted tables: set()
2025-11-03 22:34:23,516 - __main__ - DEBUG - Tracking service alias: service -> AnnouncementsService
2025-11-03 22:34:23,694 - __main__ - DEBUG - Found service method AnnouncementsService.create_announcement, extracted tables: set()
2025-11-03 22:34:23,694 - __main__ - DEBUG - Tracking service alias: service -> AnnouncementsService
2025-11-03 22:34:23,874 - __main__ - DEBUG - Found service method AnnouncementsService.create_announcement, extracted tables: set()
2025-11-03 22:34:23,874 - __main__ - DEBUG - Tracking service alias: service -> AnnouncementsService
2025-11-03 22:34:24,055 - __main__ - DEBUG - Found service method AnnouncementsService.create_announcement, extracted tables: set()
2025-11-03 22:34:24,055 - __main__ - DEBUG - Tracking service alias: service -> AnnouncementsService
2025-11-03 22:34:24,241 - __main__ - DEBUG - Found service method AnnouncementsService.create_announcement, extracted tables: set()
2025-11-03 22:34:24,241 - __main__ - DEBUG - Tracking service alias: service -> AnnouncementsService
2025-11-03 22:34:24,426 - __main__ - DEBUG - Found service method AnnouncementsService.create_announcement, extracted tables: set()
2025-11-03 22:34:24,426 - __main__ - DEBUG - Tracking service alias: service -> AnnouncementsService
2025-11-03 22:34:24,597 - __main__ - DEBUG - Found service method AnnouncementsService.create_announcement, extracted tables: set()
2025-11-03 22:34:24,597 - __main__ - DEBUG - Tracking service alias: service -> AnnouncementsService
2025-11-03 22:34:24,801 - __main__ - DEBUG - Found service method AnnouncementsService.create_announcement, extracted tables: set()
2025-11-03 22:34:24,801 - __main__ - DEBUG - Tracking service alias: service -> AnnouncementsService
2025-11-03 22:34:25,057 - __main__ - DEBUG - Found service method AnnouncementsService.create_announcement, extracted tables: set()
2025-11-03 22:34:25,058 - __main__ - DEBUG - Tracking service alias: service -> AnnouncementsService
2025-11-03 22:34:25,241 - __main__ - DEBUG - Found service method AnnouncementsService.create_announcement, extracted tables: set()
2025-11-03 22:34:25,241 - __main__ - DEBUG - Tracking service alias: service -> AnnouncementsService
2025-11-03 22:34:25,417 - __main__ - DEBUG - Found service method AnnouncementsService.create_announcement, extracted tables: set()
2025-11-03 22:34:25,417 - __main__ - DEBUG - Tracking service alias: service -> AnnouncementsService
2025-11-03 22:34:25,597 - __main__ - DEBUG - Found service method AnnouncementsService.create_announcement, extracted tables: set()
2025-11-03 22:34:25,597 - __main__ - DEBUG - Tracking service alias: service -> AnnouncementsService
2025-11-03 22:34:25,764 - __main__ - DEBUG - Found service method AnnouncementsService.create_announcement, extracted tables: set()
2025-11-03 22:34:25,764 - __main__ - DEBUG - Tracking service alias: service -> AnnouncementsService
2025-11-03 22:34:25,937 - __main__ - DEBUG - Found service method AnnouncementsService.create_announcement, extracted tables: set()
2025-11-03 22:34:25,937 - __main__ - DEBUG - Tracking service alias: service -> AnnouncementsService
2025-11-03 22:34:26,107 - __main__ - DEBUG - Found service method AnnouncementsService.create_announcement, extracted tables: set()
2025-11-03 22:34:26,107 - __main__ - DEBUG - Tracking service alias: service -> AnnouncementsService
2025-11-03 22:34:26,273 - __main__ - DEBUG - Found service method AnnouncementsService.create_announcement, extracted tables: set()
2025-11-03 22:34:26,274 - __main__ - DEBUG - Tracking service alias: service -> AnnouncementsService
2025-11-03 22:34:26,467 - __main__ - DEBUG - Found service method AnnouncementsService.create_announcement, extracted tables: set()
2025-11-03 22:34:26,467 - __main__ - DEBUG - Tracking service alias: service -> AnnouncementsService
2025-11-03 22:34:26,741 - __main__ - DEBUG - Found service method AnnouncementsService.create_announcement, extracted tables: set()
2025-11-03 22:34:26,741 - __main__ - DEBUG - Tracking service alias: service -> AnnouncementsService
2025-11-03 22:34:26,907 - __main__ - DEBUG - Found service method AnnouncementsService.create_announcement, extracted tables: set()
2025-11-03 22:34:26,908 - __main__ - DEBUG - Tracking service alias: service -> AnnouncementsService
2025-11-03 22:34:27,093 - __main__ - DEBUG - Found service method AnnouncementsService.create_announcement, extracted tables: set()
2025-11-03 22:34:27,094 - __main__ - DEBUG - Tracking service alias: service -> AnnouncementsService
2025-11-03 22:34:27,360 - __main__ - DEBUG - Found service method AnnouncementsService.create_announcement, extracted tables: set()
2025-11-03 22:34:27,360 - __main__ - DEBUG - Tracking service alias: service -> AnnouncementsService
2025-11-03 22:34:27,598 - __main__ - DEBUG - Found service method AnnouncementsService.create_announcement, extracted tables: set()
2025-11-03 22:34:27,598 - __main__ - DEBUG - Tracking service alias: service -> AnnouncementsService
2025-11-03 22:34:27,856 - __main__ - DEBUG - Found service method AnnouncementsService.create_announcement, extracted tables: set()
2025-11-03 22:34:27,857 - __main__ - DEBUG - Tracking service alias: service -> AnnouncementsService
2025-11-03 22:34:28,081 - __main__ - DEBUG - Found service method AnnouncementsService.create_announcement, extracted tables: set()
2025-11-03 22:34:28,081 - __main__ - DEBUG - Tracking service alias: service -> AnnouncementsService
2025-11-03 22:34:28,341 - __main__ - DEBUG - Found service method AnnouncementsService.create_announcement, extracted tables: set()
2025-11-03 22:34:28,341 - __main__ - DEBUG - Tracking service alias: service -> AnnouncementsService
2025-11-03 22:34:28,544 - __main__ - DEBUG - Found service method AnnouncementsService.create_announcement, extracted tables: set()
2025-11-03 22:34:28,545 - __main__ - DEBUG - Tracking service alias: service -> AnnouncementsService
2025-11-03 22:34:28,782 - __main__ - DEBUG - Found service method AnnouncementsService.create_announcement, extracted tables: set()
2025-11-03 22:34:28,782 - __main__ - DEBUG - Tracking service alias: service -> AnnouncementsService
2025-11-03 22:34:29,011 - __main__ - DEBUG - Found service method AnnouncementsService.create_announcement, extracted tables: set()
2025-11-03 22:34:29,011 - __main__ - DEBUG - Tracking service alias: service -> AnnouncementsService
2025-11-03 22:34:29,305 - __main__ - DEBUG - Found service method AnnouncementsService.create_announcement, extracted tables: set()
2025-11-03 22:34:29,305 - __main__ - DEBUG - Tracking service alias: service -> AnnouncementsService
2025-11-03 22:34:29,529 - __main__ - DEBUG - Found service method AnnouncementsService.create_announcement, extracted tables: set()
2025-11-03 22:34:29,529 - __main__ - DEBUG - Tracking service alias: service -> AnnouncementsService
2025-11-03 22:34:29,732 - __main__ - DEBUG - Found service method AnnouncementsService.create_announcement, extracted tables: set()
2025-11-03 22:34:29,733 - __main__ - DEBUG - Tracking service alias: service -> AnnouncementsService
2025-11-03 22:34:29,974 - __main__ - DEBUG - Found service method AnnouncementsService.create_announcement, extracted tables: set()
2025-11-03 22:34:29,975 - __main__ - DEBUG - Tracking service alias: service -> AnnouncementsService
2025-11-03 22:34:30,219 - __main__ - DEBUG - Found service method AnnouncementsService.create_announcement, extracted tables: set()
2025-11-03 22:34:30,219 - __main__ - DEBUG - Tracking service alias: service -> AnnouncementsService
2025-11-03 22:34:30,442 - __main__ - DEBUG - Found service method AnnouncementsService.create_announcement, extracted tables: set()
2025-11-03 22:34:30,442 - __main__ - DEBUG - Tracking service alias: service -> AnnouncementsService
2025-11-03 22:34:30,645 - __main__ - DEBUG - Found service method AnnouncementsService.create_announcement, extracted tables: set()
2025-11-03 22:34:30,646 - __main__ - DEBUG - Tracking service alias: service -> AnnouncementsService
2025-11-03 22:34:30,866 - __main__ - DEBUG - Found service method AnnouncementsService.create_announcement, extracted tables: set()
2025-11-03 22:34:30,866 - __main__ - DEBUG - Tracking service alias: service -> AnnouncementsService
2025-11-03 22:34:31,127 - __main__ - DEBUG - Found service method AnnouncementsService.create_announcement, extracted tables: set()
2025-11-03 22:34:31,127 - __main__ - DEBUG - Tracking service alias: service -> AnnouncementsService
2025-11-03 22:34:31,341 - __main__ - DEBUG - Found service method AnnouncementsService.create_announcement, extracted tables: set()
2025-11-03 22:34:31,341 - __main__ - DEBUG - Tracking service alias: service -> AnnouncementsService
2025-11-03 22:34:31,546 - __main__ - DEBUG - Found service method AnnouncementsService.create_announcement, extracted tables: set()
2025-11-03 22:34:31,547 - __main__ - DEBUG - Tracking service alias: service -> AnnouncementsService
2025-11-03 22:34:31,800 - __main__ - DEBUG - Found service method AnnouncementsService.create_announcement, extracted tables: set()
2025-11-03 22:34:31,800 - __main__ - DEBUG - Tracking service alias: service -> AnnouncementsService
2025-11-03 22:34:32,040 - __main__ - DEBUG - Found service method AnnouncementsService.create_announcement, extracted tables: set()
2025-11-03 22:34:32,040 - __main__ - DEBUG - Tracking service alias: service -> AnnouncementsService
2025-11-03 22:34:32,235 - __main__ - DEBUG - Found service method AnnouncementsService.create_announcement, extracted tables: set()
2025-11-03 22:34:32,235 - __main__ - DEBUG - Tracking service alias: service -> AnnouncementsService
2025-11-03 22:34:32,433 - __main__ - DEBUG - Found service method AnnouncementsService.create_announcement, extracted tables: set()
2025-11-03 22:34:32,434 - __main__ - DEBUG - Tracking service alias: service -> AnnouncementsService
2025-11-03 22:34:32,641 - __main__ - DEBUG - Found service method AnnouncementsService.create_announcement, extracted tables: set()
2025-11-03 22:34:32,641 - __main__ - DEBUG - Tracking service alias: service -> AnnouncementsService
2025-11-03 22:34:32,849 - __main__ - DEBUG - Found service method AnnouncementsService.create_announcement, extracted tables: set()
2025-11-03 22:34:32,849 - __main__ - DEBUG - Tracking service alias: service -> AnnouncementsService
2025-11-03 22:34:33,058 - __main__ - DEBUG - Found service method AnnouncementsService.create_announcement, extracted tables: set()
2025-11-03 22:34:33,058 - __main__ - DEBUG - Tracking service alias: service -> AnnouncementsService
2025-11-03 22:34:33,272 - __main__ - DEBUG - Found service method AnnouncementsService.create_announcement, extracted tables: set()
2025-11-03 22:34:33,272 - __main__ - DEBUG - Tracking service alias: service -> AnnouncementsService
2025-11-03 22:34:33,507 - __main__ - DEBUG - Found service method AnnouncementsService.create_announcement, extracted tables: set()
2025-11-03 22:34:33,508 - __main__ - DEBUG - Tracking service alias: service -> AnnouncementsService
2025-11-03 22:34:33,788 - __main__ - DEBUG - Found service method AnnouncementsService.create_announcement, extracted tables: set()
2025-11-03 22:34:33,789 - __main__ - DEBUG - Tracking service alias: service -> AnnouncementsService
2025-11-03 22:34:34,052 - __main__ - DEBUG - Found service method AnnouncementsService.create_announcement, extracted tables: set()
2025-11-03 22:34:34,052 - __main__ - DEBUG - Tracking service alias: service -> AnnouncementsService
2025-11-03 22:34:34,348 - __main__ - DEBUG - Found service method AnnouncementsService.create_announcement, extracted tables: set()
2025-11-03 22:34:34,349 - __main__ - DEBUG - Tracking service alias: service -> AnnouncementsService
2025-11-03 22:34:34,588 - __main__ - DEBUG - Found service method AnnouncementsService.create_announcement, extracted tables: set()
2025-11-03 22:34:34,588 - __main__ - DEBUG - Tracking service alias: service -> AnnouncementsService
2025-11-03 22:34:34,778 - __main__ - DEBUG - Found service method AnnouncementsService.create_announcement, extracted tables: set()
2025-11-03 22:34:34,778 - __main__ - DEBUG - Tracking service alias: service -> AnnouncementsService
2025-11-03 22:34:34,994 - __main__ - DEBUG - Found service method AnnouncementsService.create_announcement, extracted tables: set()
2025-11-03 22:34:34,994 - __main__ - DEBUG - Tracking service alias: service -> AnnouncementsService
2025-11-03 22:34:35,247 - __main__ - DEBUG - Found service method AnnouncementsService.create_announcement, extracted tables: set()
2025-11-03 22:34:35,248 - __main__ - DEBUG - Tracking service alias: service -> AnnouncementsService
2025-11-03 22:34:35,489 - __main__ - DEBUG - Found service method AnnouncementsService.create_announcement, extracted tables: set()
2025-11-03 22:34:35,490 - __main__ - DEBUG - Tracking service alias: service -> AnnouncementsService
2025-11-03 22:34:35,702 - __main__ - DEBUG - Found service method AnnouncementsService.create_announcement, extracted tables: set()
2025-11-03 22:34:35,702 - __main__ - DEBUG - Tracking service alias: service -> AnnouncementsService
2025-11-03 22:34:35,914 - __main__ - DEBUG - Found service method AnnouncementsService.create_announcement, extracted tables: set()
2025-11-03 22:34:35,914 - __main__ - DEBUG - Tracking service alias: service -> AnnouncementsService
2025-11-03 22:34:36,117 - __main__ - DEBUG - Found service method AnnouncementsService.create_announcement, extracted tables: set()
2025-11-03 22:34:36,117 - __main__ - DEBUG - Tracking service alias: service -> AnnouncementsService
2025-11-03 22:34:36,323 - __main__ - DEBUG - Found service method AnnouncementsService.create_announcement, extracted tables: set()
2025-11-03 22:34:36,323 - __main__ - DEBUG - Tracking service alias: service -> AnnouncementsService
2025-11-03 22:34:36,523 - __main__ - DEBUG - Found service method AnnouncementsService.create_announcement, extracted tables: set()
2025-11-03 22:34:36,523 - __main__ - DEBUG - Tracking service alias: service -> AnnouncementsService
2025-11-03 22:34:36,735 - __main__ - DEBUG - Found service method AnnouncementsService.create_announcement, extracted tables: set()
2025-11-03 22:34:36,735 - __main__ - DEBUG - Tracking service alias: service -> AnnouncementsService
2025-11-03 22:34:36,963 - __main__ - DEBUG - Found service method AnnouncementsService.create_announcement, extracted tables: set()
2025-11-03 22:34:36,963 - __main__ - DEBUG - Tracking service alias: service -> AnnouncementsService
2025-11-03 22:34:37,213 - __main__ - DEBUG - Found service method AnnouncementsService.create_announcement, extracted tables: set()
2025-11-03 22:34:37,213 - __main__ - DEBUG - Tracking service alias: service -> AnnouncementsService
2025-11-03 22:34:37,412 - __main__ - DEBUG - Found service method AnnouncementsService.create_announcement, extracted tables: set()
2025-11-03 22:34:37,412 - __main__ - DEBUG - Tracking service alias: service -> AnnouncementsService
2025-11-03 22:34:37,687 - __main__ - DEBUG - Found service method AnnouncementsService.create_announcement, extracted tables: set()
2025-11-03 22:34:37,687 - __main__ - DEBUG - Tracking service alias: service -> AnnouncementsService
2025-11-03 22:34:37,933 - __main__ - DEBUG - Found service method AnnouncementsService.create_announcement, extracted tables: set()
2025-11-03 22:34:37,933 - __main__ - DEBUG - Tracking service alias: service -> AnnouncementsService
2025-11-03 22:34:38,181 - __main__ - DEBUG - Found service method AnnouncementsService.create_announcement, extracted tables: set()
2025-11-03 22:34:38,181 - __main__ - DEBUG - Tracking service alias: service -> AnnouncementsService
2025-11-03 22:34:38,383 - __main__ - DEBUG - Found service method AnnouncementsService.create_announcement, extracted tables: set()
2025-11-03 22:34:38,384 - __main__ - DEBUG - Tracking service alias: service -> AnnouncementsService
2025-11-03 22:34:38,581 - __main__ - DEBUG - Found service method AnnouncementsService.create_announcement, extracted tables: set()
2025-11-03 22:34:38,581 - __main__ - DEBUG - Tracking service alias: service -> AnnouncementsService
2025-11-03 22:34:38,810 - __main__ - DEBUG - Found service method AnnouncementsService.create_announcement, extracted tables: set()
2025-11-03 22:34:38,810 - __main__ - DEBUG - Tracking service alias: service -> AnnouncementsService
2025-11-03 22:34:39,015 - __main__ - DEBUG - Found service method AnnouncementsService.create_announcement, extracted tables: set()
2025-11-03 22:34:39,015 - __main__ - DEBUG - Tracking service alias: service -> AnnouncementsService
2025-11-03 22:34:39,218 - __main__ - DEBUG - Found service method AnnouncementsService.create_announcement, extracted tables: set()
2025-11-03 22:34:39,218 - __main__ - DEBUG - Tracking service alias: service -> AnnouncementsService
2025-11-03 22:34:39,427 - __main__ - DEBUG - Found service method AnnouncementsService.create_announcement, extracted tables: set()
2025-11-03 22:34:39,428 - __main__ - DEBUG - Tracking service alias: service -> AnnouncementsService
2025-11-03 22:34:39,630 - __main__ - DEBUG - Found service method AnnouncementsService.create_announcement, extracted tables: set()
2025-11-03 22:34:39,630 - __main__ - DEBUG - Tracking service alias: service -> AnnouncementsService
2025-11-03 22:34:39,833 - __main__ - DEBUG - Found service method AnnouncementsService.create_announcement, extracted tables: set()
2025-11-03 22:34:39,833 - __main__ - DEBUG - Tracking service alias: service -> AnnouncementsService
2025-11-03 22:34:40,035 - __main__ - DEBUG - Found service method AnnouncementsService.create_announcement, extracted tables: set()
2025-11-03 22:34:40,035 - __main__ - DEBUG - Tracking service alias: service -> AnnouncementsService
2025-11-03 22:34:40,239 - __main__ - DEBUG - Found service method AnnouncementsService.create_announcement, extracted tables: set()
2025-11-03 22:34:40,239 - __main__ - DEBUG - Tracking service alias: service -> AnnouncementsService
2025-11-03 22:34:40,488 - __main__ - DEBUG - Found service method AnnouncementsService.create_announcement, extracted tables: set()
2025-11-03 22:34:40,488 - __main__ - DEBUG - Tracking service alias: service -> AnnouncementsService
2025-11-03 22:34:40,700 - __main__ - DEBUG - Found service method AnnouncementsService.create_announcement, extracted tables: set()
2025-11-03 22:34:40,700 - __main__ - DEBUG - Tracking service alias: service -> AnnouncementsService
2025-11-03 22:34:40,939 - __main__ - DEBUG - Found service method AnnouncementsService.create_announcement, extracted tables: set()
2025-11-03 22:34:40,939 - __main__ - DEBUG - Tracking service alias: service -> AnnouncementsService
2025-11-03 22:34:41,154 - __main__ - DEBUG - Found service method AnnouncementsService.create_announcement, extracted tables: set()
2025-11-03 22:34:41,154 - __main__ - DEBUG - Tracking service alias: service -> AnnouncementsService
2025-11-03 22:34:41,371 - __main__ - DEBUG - Found service method AnnouncementsService.create_announcement, extracted tables: set()
2025-11-03 22:34:41,371 - __main__ - DEBUG - Tracking service alias: service -> AnnouncementsService
2025-11-03 22:34:41,632 - __main__ - DEBUG - Found service method AnnouncementsService.create_announcement, extracted tables: set()
2025-11-03 22:34:41,633 - __main__ - DEBUG - Tracking service alias: service -> AnnouncementsService
2025-11-03 22:34:41,851 - __main__ - DEBUG - Found service method AnnouncementsService.create_announcement, extracted tables: set()
2025-11-03 22:34:41,851 - __main__ - DEBUG - Tracking service alias: service -> AnnouncementsService
2025-11-03 22:34:42,109 - __main__ - DEBUG - Found service method AnnouncementsService.create_announcement, extracted tables: set()
2025-11-03 22:34:42,110 - __main__ - DEBUG - Tracking service alias: service -> AnnouncementsService
2025-11-03 22:34:42,304 - __main__ - DEBUG - Found service method AnnouncementsService.create_announcement, extracted tables: set()
2025-11-03 22:34:42,304 - __main__ - DEBUG - Tracking service alias: service -> AnnouncementsService
2025-11-03 22:34:42,507 - __main__ - DEBUG - Found service method AnnouncementsService.create_announcement, extracted tables: set()
2025-11-03 22:34:42,508 - __main__ - DEBUG - Tracking service alias: service -> AnnouncementsService
2025-11-03 22:34:42,717 - __main__ - DEBUG - Found service method AnnouncementsService.create_announcement, extracted tables: set()
2025-11-03 22:34:42,717 - __main__ - DEBUG - Tracking service alias: service -> AnnouncementsService
2025-11-03 22:34:42,937 - __main__ - DEBUG - Found service method AnnouncementsService.create_announcement, extracted tables: set()
2025-11-03 22:34:42,938 - __main__ - DEBUG - Tracking service alias: service -> AnnouncementsService
2025-11-03 22:34:43,132 - __main__ - DEBUG - Found service method AnnouncementsService.create_announcement, extracted tables: set()
2025-11-03 22:34:43,132 - __main__ - DEBUG - Tracking service alias: service -> AnnouncementsService
2025-11-03 22:34:43,348 - __main__ - DEBUG - Found service method AnnouncementsService.create_announcement, extracted tables: set()
2025-11-03 22:34:43,349 - __main__ - DEBUG - Tracking service alias: service -> AnnouncementsService
2025-11-03 22:34:43,548 - __main__ - DEBUG - Found service method AnnouncementsService.create_announcement, extracted tables: set()
2025-11-03 22:34:43,548 - __main__ - DEBUG - Tracking service alias: service -> AnnouncementsService
2025-11-03 22:34:43,760 - __main__ - DEBUG - Found service method AnnouncementsService.create_announcement, extracted tables: set()
2025-11-03 22:34:43,761 - __main__ - DEBUG - Tracking service alias: service -> AnnouncementsService
2025-11-03 22:34:43,981 - __main__ - DEBUG - Found service method AnnouncementsService.create_announcement, extracted tables: set()
2025-11-03 22:34:43,981 - __main__ - DEBUG - Tracking service alias: service -> AnnouncementsService
2025-11-03 22:34:44,273 - __main__ - DEBUG - Found service method AnnouncementsService.create_announcement, extracted tables: set()
2025-11-03 22:34:44,273 - __main__ - DEBUG - Tracking service alias: service -> AnnouncementsService
2025-11-03 22:34:44,462 - __main__ - DEBUG - Found service method AnnouncementsService.create_announcement, extracted tables: set()
2025-11-03 22:34:44,462 - __main__ - DEBUG - Tracking service alias: service -> AnnouncementsService
2025-11-03 22:34:44,669 - __main__ - DEBUG - Found service method AnnouncementsService.create_announcement, extracted tables: set()
2025-11-03 22:34:44,669 - __main__ - DEBUG - Tracking service alias: service -> AnnouncementsService
2025-11-03 22:34:44,857 - __main__ - DEBUG - Found service method AnnouncementsService.create_announcement, extracted tables: set()
2025-11-03 22:34:44,857 - __main__ - DEBUG - Tracking service alias: service -> AnnouncementsService
2025-11-03 22:34:45,091 - __main__ - DEBUG - Found service method AnnouncementsService.create_announcement, extracted tables: set()
2025-11-03 22:34:45,091 - __main__ - DEBUG - Tracking service alias: service -> AnnouncementsService
2025-11-03 22:34:45,280 - __main__ - DEBUG - Found service method AnnouncementsService.create_announcement, extracted tables: set()
2025-11-03 22:34:45,280 - __main__ - DEBUG - Tracking service alias: service -> AnnouncementsService
2025-11-03 22:34:45,523 - __main__ - DEBUG - Found service method AnnouncementsService.create_announcement, extracted tables: set()
2025-11-03 22:34:45,523 - __main__ - DEBUG - Tracking service alias: service -> AnnouncementsService
2025-11-03 22:34:45,724 - __main__ - DEBUG - Found service method AnnouncementsService.create_announcement, extracted tables: set()
2025-11-03 22:34:45,725 - __main__ - DEBUG - Tracking service alias: service -> AnnouncementsService
2025-11-03 22:34:45,926 - __main__ - DEBUG - Found service method AnnouncementsService.create_announcement, extracted tables: set()
2025-11-03 22:34:45,927 - __main__ - DEBUG - Tracking service alias: service -> AnnouncementsService
2025-11-03 22:34:46,134 - __main__ - DEBUG - Found service method AnnouncementsService.create_announcement, extracted tables: set()
2025-11-03 22:34:46,134 - __main__ - DEBUG - Tracking service alias: service -> AnnouncementsService
2025-11-03 22:34:46,329 - __main__ - DEBUG - Found service method AnnouncementsService.create_announcement, extracted tables: set()
2025-11-03 22:34:46,329 - __main__ - DEBUG - Tracking service alias: service -> AnnouncementsService
2025-11-03 22:34:46,532 - __main__ - DEBUG - Found service method AnnouncementsService.create_announcement, extracted tables: set()
2025-11-03 22:34:46,533 - __main__ - DEBUG - Tracking service alias: service -> AnnouncementsService
2025-11-03 22:34:46,784 - __main__ - DEBUG - Found service method AnnouncementsService.create_announcement, extracted tables: set()
2025-11-03 22:34:46,784 - __main__ - DEBUG - Tracking service alias: service -> AnnouncementsService
2025-11-03 22:34:47,055 - __main__ - DEBUG - Found service method AnnouncementsService.create_announcement, extracted tables: set()
2025-11-03 22:34:47,055 - __main__ - DEBUG - Tracking service alias: service -> AnnouncementsService
2025-11-03 22:34:47,360 - __main__ - DEBUG - Found service method AnnouncementsService.create_announcement, extracted tables: set()
2025-11-03 22:34:47,360 - __main__ - DEBUG - Tracking service alias: service -> AnnouncementsService
2025-11-03 22:34:47,605 - __main__ - DEBUG - Found service method AnnouncementsService.create_announcement, extracted tables: set()
2025-11-03 22:34:47,606 - __main__ - DEBUG - Tracking service alias: service -> AnnouncementsService
2025-11-03 22:34:47,850 - __main__ - DEBUG - Found service method AnnouncementsService.create_announcement, extracted tables: set()
2025-11-03 22:34:47,850 - __main__ - DEBUG - Tracking service alias: service -> AnnouncementsService
2025-11-03 22:34:47,961 - __main__ - ERROR - Error parsing guided-workflow-backend\api\v2\routers\announcements.py: maximum recursion depth exceeded
2025-11-03 22:34:47,961 - __main__ - INFO - Parsing file: guided-workflow-backend\api\v2\routers\canvas.py
2025-11-03 22:34:48,830 - __main__ - INFO - Found target function: create_cxea_revenue_entries in guided-workflow-backend\api\v2\routers\admin\financial\revenue.py
2025-11-03 22:34:48,830 - __main__ - INFO - Found target function: create_htec_revenue_entries in guided-workflow-backend\api\v2\routers\admin\financial\revenue.py
2025-11-03 22:34:48,831 - __main__ - INFO - Found target function: create_cogs_revenue_entries in guided-workflow-backend\api\v2\routers\admin\financial\revenue.py
2025-11-03 22:34:48,876 - __main__ - INFO - Found target function: rebuild_sdp_for_booking in guided-workflow-backend\api\v2\routers\manager\sdp.py
2025-11-03 22:34:48,909 - __main__ - INFO - Collected 300 service methods
2025-11-03 22:34:52,014 - __main__ - INFO - Parsing file: guided-workflow-backend\api\v2\routers\contracts.py
2025-11-03 22:34:52,849 - __main__ - INFO - Found target function: create_cxea_revenue_entries in guided-workflow-backend\api\v2\routers\admin\financial\revenue.py
2025-11-03 22:34:52,850 - __main__ - INFO - Found target function: create_htec_revenue_entries in guided-workflow-backend\api\v2\routers\admin\financial\revenue.py
2025-11-03 22:34:52,850 - __main__ - INFO - Found target function: create_cogs_revenue_entries in guided-workflow-backend\api\v2\routers\admin\financial\revenue.py
2025-11-03 22:34:52,896 - __main__ - INFO - Found target function: rebuild_sdp_for_booking in guided-workflow-backend\api\v2\routers\manager\sdp.py
2025-11-03 22:34:52,924 - __main__ - INFO - Collected 300 service methods
2025-11-03 22:34:54,145 - __main__ - INFO - Parsing file: guided-workflow-backend\api\v2\routers\dc_types.py
2025-11-03 22:34:54,944 - __main__ - INFO - Found target function: create_cxea_revenue_entries in guided-workflow-backend\api\v2\routers\admin\financial\revenue.py
2025-11-03 22:34:54,944 - __main__ - INFO - Found target function: create_htec_revenue_entries in guided-workflow-backend\api\v2\routers\admin\financial\revenue.py
2025-11-03 22:34:54,944 - __main__ - INFO - Found target function: create_cogs_revenue_entries in guided-workflow-backend\api\v2\routers\admin\financial\revenue.py
2025-11-03 22:34:54,982 - __main__ - INFO - Found target function: rebuild_sdp_for_booking in guided-workflow-backend\api\v2\routers\manager\sdp.py
2025-11-03 22:34:55,007 - __main__ - INFO - Collected 300 service methods
2025-11-03 22:34:55,044 - __main__ - INFO - Parsing file: guided-workflow-backend\api\v2\routers\engagements.py
2025-11-03 22:34:55,849 - __main__ - INFO - Found target function: create_cxea_revenue_entries in guided-workflow-backend\api\v2\routers\admin\financial\revenue.py
2025-11-03 22:34:55,849 - __main__ - INFO - Found target function: create_htec_revenue_entries in guided-workflow-backend\api\v2\routers\admin\financial\revenue.py
2025-11-03 22:34:55,849 - __main__ - INFO - Found target function: create_cogs_revenue_entries in guided-workflow-backend\api\v2\routers\admin\financial\revenue.py
2025-11-03 22:34:55,912 - __main__ - INFO - Found target function: rebuild_sdp_for_booking in guided-workflow-backend\api\v2\routers\manager\sdp.py
2025-11-03 22:34:55,973 - __main__ - INFO - Collected 300 service methods
2025-11-03 22:34:55,977 - __main__ - DEBUG - Tracking service alias: service -> EngagementsService
2025-11-03 22:34:55,978 - __main__ - DEBUG - Found service method EngagementsService.share_engagement, extracted tables: set()
2025-11-03 22:34:55,979 - __main__ - DEBUG - Found standalone method share_engagement, extracted tables: set()
2025-11-03 22:34:55,979 - __main__ - DEBUG - Tracking service alias: service -> EngagementsService
2025-11-03 22:34:55,980 - __main__ - DEBUG - Found service method EngagementsService.unshare_engagement, extracted tables: set()
2025-11-03 22:34:55,981 - __main__ - DEBUG - Found standalone method unshare_engagement, extracted tables: set()
2025-11-03 22:34:56,396 - __main__ - INFO - Parsing file: guided-workflow-backend\api\v2\routers\file_management.py
2025-11-03 22:34:57,129 - __main__ - INFO - Found target function: create_cxea_revenue_entries in guided-workflow-backend\api\v2\routers\admin\financial\revenue.py
2025-11-03 22:34:57,129 - __main__ - INFO - Found target function: create_htec_revenue_entries in guided-workflow-backend\api\v2\routers\admin\financial\revenue.py
2025-11-03 22:34:57,129 - __main__ - INFO - Found target function: create_cogs_revenue_entries in guided-workflow-backend\api\v2\routers\admin\financial\revenue.py
2025-11-03 22:34:57,184 - __main__ - INFO - Found target function: rebuild_sdp_for_booking in guided-workflow-backend\api\v2\routers\manager\sdp.py
2025-11-03 22:34:57,212 - __main__ - INFO - Collected 300 service methods
2025-11-03 22:34:57,251 - __main__ - INFO - Parsing file: guided-workflow-backend\api\v2\routers\links.py
2025-11-03 22:34:58,742 - __main__ - INFO - Found target function: create_cxea_revenue_entries in guided-workflow-backend\api\v2\routers\admin\financial\revenue.py
2025-11-03 22:34:58,742 - __main__ - INFO - Found target function: create_htec_revenue_entries in guided-workflow-backend\api\v2\routers\admin\financial\revenue.py
2025-11-03 22:34:58,742 - __main__ - INFO - Found target function: create_cogs_revenue_entries in guided-workflow-backend\api\v2\routers\admin\financial\revenue.py
2025-11-03 22:34:58,797 - __main__ - INFO - Found target function: rebuild_sdp_for_booking in guided-workflow-backend\api\v2\routers\manager\sdp.py
2025-11-03 22:34:58,823 - __main__ - INFO - Collected 300 service methods
2025-11-03 22:35:00,174 - __main__ - INFO - Parsing file: guided-workflow-backend\api\v2\routers\stakeholders.py
2025-11-03 22:35:02,034 - __main__ - INFO - Found target function: create_cxea_revenue_entries in guided-workflow-backend\api\v2\routers\admin\financial\revenue.py
2025-11-03 22:35:02,035 - __main__ - INFO - Found target function: create_htec_revenue_entries in guided-workflow-backend\api\v2\routers\admin\financial\revenue.py
2025-11-03 22:35:02,035 - __main__ - INFO - Found target function: create_cogs_revenue_entries in guided-workflow-backend\api\v2\routers\admin\financial\revenue.py
2025-11-03 22:35:02,140 - __main__ - INFO - Found target function: rebuild_sdp_for_booking in guided-workflow-backend\api\v2\routers\manager\sdp.py
2025-11-03 22:35:02,236 - __main__ - INFO - Collected 300 service methods
2025-11-03 22:35:03,651 - __main__ - INFO - Parsing file: guided-workflow-backend\api\v2\routers\static.py
2025-11-03 22:35:05,536 - __main__ - INFO - Found target function: create_cxea_revenue_entries in guided-workflow-backend\api\v2\routers\admin\financial\revenue.py
2025-11-03 22:35:05,536 - __main__ - INFO - Found target function: create_htec_revenue_entries in guided-workflow-backend\api\v2\routers\admin\financial\revenue.py
2025-11-03 22:35:05,536 - __main__ - INFO - Found target function: create_cogs_revenue_entries in guided-workflow-backend\api\v2\routers\admin\financial\revenue.py
2025-11-03 22:35:05,626 - __main__ - INFO - Found target function: rebuild_sdp_for_booking in guided-workflow-backend\api\v2\routers\manager\sdp.py
2025-11-03 22:35:05,690 - __main__ - INFO - Collected 300 service methods
2025-11-03 22:35:05,766 - __main__ - INFO - Parsing file: guided-workflow-backend\api\v2\routers\tags.py
2025-11-03 22:35:07,917 - __main__ - INFO - Found target function: create_cxea_revenue_entries in guided-workflow-backend\api\v2\routers\admin\financial\revenue.py
2025-11-03 22:35:07,918 - __main__ - INFO - Found target function: create_htec_revenue_entries in guided-workflow-backend\api\v2\routers\admin\financial\revenue.py
2025-11-03 22:35:07,918 - __main__ - INFO - Found target function: create_cogs_revenue_entries in guided-workflow-backend\api\v2\routers\admin\financial\revenue.py
2025-11-03 22:35:08,049 - __main__ - INFO - Found target function: rebuild_sdp_for_booking in guided-workflow-backend\api\v2\routers\manager\sdp.py
2025-11-03 22:35:08,141 - __main__ - INFO - Collected 300 service methods
2025-11-03 22:35:11,584 - __main__ - INFO - Parsing file: guided-workflow-backend\api\v2\routers\tagsets.py
2025-11-03 22:35:13,308 - __main__ - INFO - Found target function: create_cxea_revenue_entries in guided-workflow-backend\api\v2\routers\admin\financial\revenue.py
2025-11-03 22:35:13,308 - __main__ - INFO - Found target function: create_htec_revenue_entries in guided-workflow-backend\api\v2\routers\admin\financial\revenue.py
2025-11-03 22:35:13,308 - __main__ - INFO - Found target function: create_cogs_revenue_entries in guided-workflow-backend\api\v2\routers\admin\financial\revenue.py
2025-11-03 22:35:13,402 - __main__ - INFO - Found target function: rebuild_sdp_for_booking in guided-workflow-backend\api\v2\routers\manager\sdp.py
2025-11-03 22:35:13,474 - __main__ - INFO - Collected 300 service methods
2025-11-03 22:35:17,956 - __main__ - INFO - Parsing file: guided-workflow-backend\api\v2\routers\thought_spot.py
2025-11-03 22:35:19,856 - __main__ - INFO - Found target function: create_cxea_revenue_entries in guided-workflow-backend\api\v2\routers\admin\financial\revenue.py
2025-11-03 22:35:19,856 - __main__ - INFO - Found target function: create_htec_revenue_entries in guided-workflow-backend\api\v2\routers\admin\financial\revenue.py
2025-11-03 22:35:19,857 - __main__ - INFO - Found target function: create_cogs_revenue_entries in guided-workflow-backend\api\v2\routers\admin\financial\revenue.py
2025-11-03 22:35:19,987 - __main__ - INFO - Found target function: rebuild_sdp_for_booking in guided-workflow-backend\api\v2\routers\manager\sdp.py
2025-11-03 22:35:20,058 - __main__ - INFO - Collected 300 service methods
2025-11-03 22:35:24,555 - __main__ - INFO - Parsing file: guided-workflow-backend\api\v2\routers\thought_spot_tag.py
2025-11-03 22:35:26,431 - __main__ - INFO - Found target function: create_cxea_revenue_entries in guided-workflow-backend\api\v2\routers\admin\financial\revenue.py
2025-11-03 22:35:26,431 - __main__ - INFO - Found target function: create_htec_revenue_entries in guided-workflow-backend\api\v2\routers\admin\financial\revenue.py
2025-11-03 22:35:26,432 - __main__ - INFO - Found target function: create_cogs_revenue_entries in guided-workflow-backend\api\v2\routers\admin\financial\revenue.py
2025-11-03 22:35:26,538 - __main__ - INFO - Found target function: rebuild_sdp_for_booking in guided-workflow-backend\api\v2\routers\manager\sdp.py
2025-11-03 22:35:26,616 - __main__ - INFO - Collected 300 service methods
2025-11-03 22:35:26,623 - __main__ - INFO - Parsing file: guided-workflow-backend\api\v2\routers\users.py
2025-11-03 22:35:28,761 - __main__ - INFO - Found target function: create_cxea_revenue_entries in guided-workflow-backend\api\v2\routers\admin\financial\revenue.py
2025-11-03 22:35:28,761 - __main__ - INFO - Found target function: create_htec_revenue_entries in guided-workflow-backend\api\v2\routers\admin\financial\revenue.py
2025-11-03 22:35:28,761 - __main__ - INFO - Found target function: create_cogs_revenue_entries in guided-workflow-backend\api\v2\routers\admin\financial\revenue.py
2025-11-03 22:35:28,913 - __main__ - INFO - Found target function: rebuild_sdp_for_booking in guided-workflow-backend\api\v2\routers\manager\sdp.py
2025-11-03 22:35:29,012 - __main__ - INFO - Collected 300 service methods
2025-11-03 22:35:29,572 - __main__ - INFO - Parsing file: guided-workflow-backend\api\v2\routers\user_defined_types.py
2025-11-03 22:35:33,273 - __main__ - INFO - Found target function: create_cxea_revenue_entries in guided-workflow-backend\api\v2\routers\admin\financial\revenue.py
2025-11-03 22:35:33,273 - __main__ - INFO - Found target function: create_htec_revenue_entries in guided-workflow-backend\api\v2\routers\admin\financial\revenue.py
2025-11-03 22:35:33,273 - __main__ - INFO - Found target function: create_cogs_revenue_entries in guided-workflow-backend\api\v2\routers\admin\financial\revenue.py
2025-11-03 22:35:33,418 - __main__ - INFO - Found target function: rebuild_sdp_for_booking in guided-workflow-backend\api\v2\routers\manager\sdp.py
2025-11-03 22:35:33,477 - __main__ - INFO - Collected 300 service methods
2025-11-03 22:35:37,917 - __main__ - INFO - Parsing file: guided-workflow-backend\api\v2\routers\documentation\documentation.py
2025-11-03 22:35:39,881 - __main__ - INFO - Found target function: create_cxea_revenue_entries in guided-workflow-backend\api\v2\routers\admin\financial\revenue.py
2025-11-03 22:35:39,882 - __main__ - INFO - Found target function: create_htec_revenue_entries in guided-workflow-backend\api\v2\routers\admin\financial\revenue.py
2025-11-03 22:35:39,882 - __main__ - INFO - Found target function: create_cogs_revenue_entries in guided-workflow-backend\api\v2\routers\admin\financial\revenue.py
2025-11-03 22:35:40,048 - __main__ - INFO - Found target function: rebuild_sdp_for_booking in guided-workflow-backend\api\v2\routers\manager\sdp.py
2025-11-03 22:35:40,118 - __main__ - INFO - Collected 300 service methods
2025-11-03 22:35:41,755 - __main__ - INFO - Parsing file: guided-workflow-backend\api\v2\routers\manager\assignments.py
2025-11-03 22:35:43,819 - __main__ - INFO - Found target function: create_cxea_revenue_entries in guided-workflow-backend\api\v2\routers\admin\financial\revenue.py
2025-11-03 22:35:43,820 - __main__ - INFO - Found target function: create_htec_revenue_entries in guided-workflow-backend\api\v2\routers\admin\financial\revenue.py
2025-11-03 22:35:43,820 - __main__ - INFO - Found target function: create_cogs_revenue_entries in guided-workflow-backend\api\v2\routers\admin\financial\revenue.py
2025-11-03 22:35:43,935 - __main__ - INFO - Found target function: rebuild_sdp_for_booking in guided-workflow-backend\api\v2\routers\manager\sdp.py
2025-11-03 22:35:44,003 - __main__ - INFO - Collected 300 service methods
2025-11-03 22:35:44,004 - __main__ - DEBUG - Tracking service alias: service -> ManagerBookingsService
2025-11-03 22:35:44,005 - __main__ - DEBUG - Found procedure mapping for ManagerBookingsService.replace_assignment_responsible_user: ['IDENTIFIER']
2025-11-03 22:35:44,008 - __main__ - DEBUG - Found service method ManagerBookingsService.replace_assignment_responsible_user, extracted tables: set()
2025-11-03 22:35:44,011 - __main__ - DEBUG - Found standalone method replace_assignment_responsible_user, extracted tables: set()
2025-11-03 22:35:44,011 - __main__ - DEBUG - Tracking service alias: service -> EngagementsService
2025-11-03 22:35:44,013 - __main__ - DEBUG - Found service method EngagementsService.share_engagement_as_manager, extracted tables: set()
2025-11-03 22:35:44,014 - __main__ - DEBUG - Found standalone method share_engagement_as_manager, extracted tables: set()
2025-11-03 22:35:44,016 - __main__ - DEBUG - Tracking service alias: service -> ManagerBookingsService
2025-11-03 22:35:44,016 - __main__ - DEBUG - Found procedure mapping for ManagerBookingsService.set_booking_allocations: ['put_booking_assignments', 'IDENTIFIER']
2025-11-03 22:35:44,018 - __main__ - DEBUG - Found service method ManagerBookingsService.set_booking_allocations, extracted tables: set()
2025-11-03 22:35:44,020 - __main__ - DEBUG - Found standalone method set_booking_allocations, extracted tables: set()
2025-11-03 22:35:44,021 - __main__ - DEBUG - Tracking service alias: service -> EngagementsService
2025-11-03 22:35:44,022 - __main__ - DEBUG - Found service method EngagementsService.share_engagement_as_manager, extracted tables: set()
2025-11-03 22:35:44,023 - __main__ - DEBUG - Found standalone method share_engagement_as_manager, extracted tables: set()
2025-11-03 22:35:47,403 - __main__ - INFO - Parsing file: guided-workflow-backend\api\v2\routers\manager\bookings.py
2025-11-03 22:35:49,145 - __main__ - INFO - Found target function: create_cxea_revenue_entries in guided-workflow-backend\api\v2\routers\admin\financial\revenue.py
2025-11-03 22:35:49,145 - __main__ - INFO - Found target function: create_htec_revenue_entries in guided-workflow-backend\api\v2\routers\admin\financial\revenue.py
2025-11-03 22:35:49,145 - __main__ - INFO - Found target function: create_cogs_revenue_entries in guided-workflow-backend\api\v2\routers\admin\financial\revenue.py
2025-11-03 22:35:49,267 - __main__ - INFO - Found target function: rebuild_sdp_for_booking in guided-workflow-backend\api\v2\routers\manager\sdp.py
2025-11-03 22:35:49,357 - __main__ - INFO - Collected 300 service methods
2025-11-03 22:35:49,358 - __main__ - INFO - Parsing file: guided-workflow-backend\api\v2\routers\manager\bookings_common.py
2025-11-03 22:35:51,467 - __main__ - INFO - Found target function: create_cxea_revenue_entries in guided-workflow-backend\api\v2\routers\admin\financial\revenue.py
2025-11-03 22:35:51,467 - __main__ - INFO - Found target function: create_htec_revenue_entries in guided-workflow-backend\api\v2\routers\admin\financial\revenue.py
2025-11-03 22:35:51,468 - __main__ - INFO - Found target function: create_cogs_revenue_entries in guided-workflow-backend\api\v2\routers\admin\financial\revenue.py
2025-11-03 22:35:51,573 - __main__ - INFO - Found target function: rebuild_sdp_for_booking in guided-workflow-backend\api\v2\routers\manager\sdp.py
2025-11-03 22:35:51,647 - __main__ - INFO - Collected 300 service methods
2025-11-03 22:35:51,648 - __main__ - DEBUG - Tracking service alias: service -> ManagerBookingsService
2025-11-03 22:35:51,650 - __main__ - DEBUG - Found service method ManagerBookingsService.update_booking_defaults, extracted tables: {'DC_BOOKINGS_CONTRACTS', 'DC_ENGAGEMENT_HDR'}
2025-11-03 22:35:55,926 - __main__ - INFO - Parsing file: guided-workflow-backend\api\v2\routers\manager\bookings_manager.py
2025-11-03 22:35:57,682 - __main__ - INFO - Found target function: create_cxea_revenue_entries in guided-workflow-backend\api\v2\routers\admin\financial\revenue.py
2025-11-03 22:35:57,683 - __main__ - INFO - Found target function: create_htec_revenue_entries in guided-workflow-backend\api\v2\routers\admin\financial\revenue.py
2025-11-03 22:35:57,683 - __main__ - INFO - Found target function: create_cogs_revenue_entries in guided-workflow-backend\api\v2\routers\admin\financial\revenue.py
2025-11-03 22:35:57,811 - __main__ - INFO - Found target function: rebuild_sdp_for_booking in guided-workflow-backend\api\v2\routers\manager\sdp.py
2025-11-03 22:35:57,892 - __main__ - INFO - Collected 300 service methods
2025-11-03 22:35:57,894 - __main__ - DEBUG - Tracking service alias: service -> ManagerBookingsService
2025-11-03 22:35:57,901 - __main__ - DEBUG - Found service method ManagerBookingsService.update_booking_dc_types, extracted tables: {'DC_BOOKINGS_CONTRACTS', 'DC_BOOKINGS_CONTRACTS_RESPONSIBLE_USERS'}
2025-11-03 22:35:57,902 - __main__ - DEBUG - Tracking service alias: service -> ManagerBookingsService
2025-11-03 22:35:57,905 - __main__ - DEBUG - Found service method ManagerBookingsService.update_booking_allocation_ratios, extracted tables: {'DC_BOOKINGS_CONTRACTS'}
2025-11-03 22:35:57,906 - __main__ - DEBUG - Tracking service alias: service -> ManagerBookingsService
2025-11-03 22:35:57,908 - __main__ - DEBUG - Found service method ManagerBookingsService.claim_booking, extracted tables: {'DC_BOOKINGS_CONTRACTS'}
2025-11-03 22:35:58,119 - __main__ - DEBUG - Tracking service alias: service -> ManagerBookingsService
2025-11-03 22:35:58,121 - __main__ - DEBUG - Found service method ManagerBookingsService.unclaim_booking, extracted tables: {'DC_BOOKINGS_CONTRACTS', 'DC_BOOKINGS_CONTRACTS_LINEAGE'}
2025-11-03 22:35:58,123 - __main__ - DEBUG - Tracking service alias: service -> ManagerBookingsService
2025-11-03 22:35:58,125 - __main__ - DEBUG - Found service method ManagerBookingsService.disengage_booking_contract, extracted tables: {'DC_ENGAGEMENT_TO_BOOKINGS_RESPONSIBLE_USER', 'DC_WF_DISENGAGE', 'DC_BOOKINGS_CONTRACTS'}
2025-11-03 22:35:58,126 - __main__ - DEBUG - Tracking service alias: service -> ManagerBookingsService
2025-11-03 22:35:58,128 - __main__ - DEBUG - Found service method ManagerBookingsService.extend_booking_contract, extracted tables: {'DC_BOOKING_CONTRACTS_EXTENSIONS', 'DC_BOOKINGS_CONTRACTS'}
2025-11-03 22:35:58,475 - __main__ - DEBUG - Tracking service alias: service -> ManagerBookingsService
2025-11-03 22:35:58,800 - __main__ - DEBUG - Found service method ManagerBookingsService.create_prospective_booking, extracted tables: {'DC_TYP_BOOKING_TYPE'}
2025-11-03 22:35:59,043 - __main__ - DEBUG - Tracking service alias: service -> ManagerBookingsService
2025-11-03 22:35:59,046 - __main__ - DEBUG - Found service method ManagerBookingsService.update_prospective_booking, extracted tables: {'DC_BOOKINGS_CONTRACTS'}
2025-11-03 22:35:59,287 - __main__ - DEBUG - Tracking service alias: service -> ManagerBookingsService
2025-11-03 22:35:59,289 - __main__ - DEBUG - Found service method ManagerBookingsService.delete_prospective_booking, extracted tables: {'DC_BOOKINGS_CONTRACTS'}
2025-11-03 22:36:09,043 - __main__ - INFO - Parsing file: guided-workflow-backend\api\v2\routers\manager\pool_manager.py
2025-11-03 22:36:10,927 - __main__ - INFO - Found target function: create_cxea_revenue_entries in guided-workflow-backend\api\v2\routers\admin\financial\revenue.py
2025-11-03 22:36:10,927 - __main__ - INFO - Found target function: create_htec_revenue_entries in guided-workflow-backend\api\v2\routers\admin\financial\revenue.py
2025-11-03 22:36:10,927 - __main__ - INFO - Found target function: create_cogs_revenue_entries in guided-workflow-backend\api\v2\routers\admin\financial\revenue.py
2025-11-03 22:36:11,039 - __main__ - INFO - Found target function: rebuild_sdp_for_booking in guided-workflow-backend\api\v2\routers\manager\sdp.py
2025-11-03 22:36:11,101 - __main__ - INFO - Collected 300 service methods
2025-11-03 22:36:11,103 - __main__ - INFO - Parsing file: guided-workflow-backend\api\v2\routers\manager\sdp.py
2025-11-03 22:36:11,104 - __main__ - INFO - Found target functions in guided-workflow-backend\api\v2\routers\manager\sdp.py: ['rebuild_sdp_for_booking']
2025-11-03 22:36:13,170 - __main__ - INFO - Found target function: create_cxea_revenue_entries in guided-workflow-backend\api\v2\routers\admin\financial\revenue.py
2025-11-03 22:36:13,170 - __main__ - INFO - Found target function: create_htec_revenue_entries in guided-workflow-backend\api\v2\routers\admin\financial\revenue.py
2025-11-03 22:36:13,170 - __main__ - INFO - Found target function: create_cogs_revenue_entries in guided-workflow-backend\api\v2\routers\admin\financial\revenue.py
2025-11-03 22:36:13,293 - __main__ - INFO - Found target function: rebuild_sdp_for_booking in guided-workflow-backend\api\v2\routers\manager\sdp.py
2025-11-03 22:36:13,376 - __main__ - INFO - Collected 300 service methods
2025-11-03 22:36:13,380 - __main__ - DEBUG - Tracking service alias: service -> ManagerBookingsService
2025-11-03 22:36:13,381 - __main__ - DEBUG - Found procedure mapping for ManagerBookingsService.set_booking_allocations: ['put_booking_assignments', 'IDENTIFIER']
2025-11-03 22:36:13,384 - __main__ - DEBUG - Found service method ManagerBookingsService.set_booking_allocations, extracted tables: set()
2025-11-03 22:36:13,387 - __main__ - DEBUG - Found standalone method set_booking_allocations, extracted tables: set()
2025-11-03 22:36:13,387 - __main__ - DEBUG - Found procedure mapping for ManagerBookingsService.rebuild_sdp_for_booking_contract: ['dc_sdp_contract_changes']
2025-11-03 22:36:13,390 - __main__ - DEBUG - Found service method ManagerBookingsService.rebuild_sdp_for_booking_contract, extracted tables: set()
2025-11-03 22:36:13,396 - __main__ - DEBUG - Found standalone method rebuild_sdp_for_booking_contract, extracted tables: set()
2025-11-03 22:36:13,399 - __main__ - DEBUG - Tracking service alias: service -> EngagementsService
2025-11-03 22:36:13,401 - __main__ - DEBUG - Found service method EngagementsService.share_engagement_as_manager, extracted tables: set()
2025-11-03 22:36:13,402 - __main__ - DEBUG - Found standalone method share_engagement_as_manager, extracted tables: set()
2025-11-03 22:36:13,657 - __main__ - INFO - Parsing file: guided-workflow-backend\api\v2\routers\manager\super_customers.py
2025-11-03 22:36:15,904 - __main__ - INFO - Found target function: create_cxea_revenue_entries in guided-workflow-backend\api\v2\routers\admin\financial\revenue.py
2025-11-03 22:36:15,904 - __main__ - INFO - Found target function: create_htec_revenue_entries in guided-workflow-backend\api\v2\routers\admin\financial\revenue.py
2025-11-03 22:36:15,905 - __main__ - INFO - Found target function: create_cogs_revenue_entries in guided-workflow-backend\api\v2\routers\admin\financial\revenue.py
2025-11-03 22:36:16,014 - __main__ - INFO - Found target function: rebuild_sdp_for_booking in guided-workflow-backend\api\v2\routers\manager\sdp.py
2025-11-03 22:36:16,085 - __main__ - INFO - Collected 300 service methods
2025-11-03 22:36:17,233 - __main__ - INFO - Parsing file: guided-workflow-backend\api\v2\routers\manager\users.py
2025-11-03 22:36:20,573 - __main__ - INFO - Found target function: create_cxea_revenue_entries in guided-workflow-backend\api\v2\routers\admin\financial\revenue.py
2025-11-03 22:36:20,573 - __main__ - INFO - Found target function: create_htec_revenue_entries in guided-workflow-backend\api\v2\routers\admin\financial\revenue.py
2025-11-03 22:36:20,574 - __main__ - INFO - Found target function: create_cogs_revenue_entries in guided-workflow-backend\api\v2\routers\admin\financial\revenue.py
2025-11-03 22:36:20,679 - __main__ - INFO - Found target function: rebuild_sdp_for_booking in guided-workflow-backend\api\v2\routers\manager\sdp.py
2025-11-03 22:36:20,746 - __main__ - INFO - Collected 300 service methods
2025-11-03 22:36:23,782 - __main__ - INFO - Parsing file: guided-workflow-backend\api\v2\routers\sdp\completions.py
2025-11-03 22:36:25,542 - __main__ - INFO - Found target function: create_cxea_revenue_entries in guided-workflow-backend\api\v2\routers\admin\financial\revenue.py
2025-11-03 22:36:25,542 - __main__ - INFO - Found target function: create_htec_revenue_entries in guided-workflow-backend\api\v2\routers\admin\financial\revenue.py
2025-11-03 22:36:25,543 - __main__ - INFO - Found target function: create_cogs_revenue_entries in guided-workflow-backend\api\v2\routers\admin\financial\revenue.py
2025-11-03 22:36:25,689 - __main__ - INFO - Found target function: rebuild_sdp_for_booking in guided-workflow-backend\api\v2\routers\manager\sdp.py
2025-11-03 22:36:25,761 - __main__ - INFO - Collected 300 service methods
2025-11-03 22:36:25,762 - __main__ - DEBUG - Tracking service alias: service -> UserSdpService
2025-11-03 22:36:25,765 - __main__ - DEBUG - Found service method UserSdpService.process_completion, extracted tables: {'DC_COMPLETED_DELIVERABLES'}
2025-11-03 22:36:25,993 - __main__ - DEBUG - Found service method UserSdpService.get_completion, extracted tables: {'DC_COMPLETED_DELIVERABLES'}
2025-11-03 22:36:27,001 - __main__ - INFO - Parsing file: guided-workflow-backend\api\v2\routers\sdp\deliverables.py
2025-11-03 22:36:29,032 - __main__ - INFO - Found target function: create_cxea_revenue_entries in guided-workflow-backend\api\v2\routers\admin\financial\revenue.py
2025-11-03 22:36:29,033 - __main__ - INFO - Found target function: create_htec_revenue_entries in guided-workflow-backend\api\v2\routers\admin\financial\revenue.py
2025-11-03 22:36:29,033 - __main__ - INFO - Found target function: create_cogs_revenue_entries in guided-workflow-backend\api\v2\routers\admin\financial\revenue.py
2025-11-03 22:36:29,207 - __main__ - INFO - Found target function: rebuild_sdp_for_booking in guided-workflow-backend\api\v2\routers\manager\sdp.py
2025-11-03 22:36:29,310 - __main__ - INFO - Collected 300 service methods
2025-11-03 22:36:29,805 - __main__ - INFO - Parsing file: guided-workflow-backend\api\v2\routers\sdp\time_tracking.py
2025-11-03 22:36:31,919 - __main__ - INFO - Found target function: create_cxea_revenue_entries in guided-workflow-backend\api\v2\routers\admin\financial\revenue.py
2025-11-03 22:36:31,920 - __main__ - INFO - Found target function: create_htec_revenue_entries in guided-workflow-backend\api\v2\routers\admin\financial\revenue.py
2025-11-03 22:36:31,920 - __main__ - INFO - Found target function: create_cogs_revenue_entries in guided-workflow-backend\api\v2\routers\admin\financial\revenue.py
2025-11-03 22:36:32,030 - __main__ - INFO - Found target function: rebuild_sdp_for_booking in guided-workflow-backend\api\v2\routers\manager\sdp.py
2025-11-03 22:36:32,112 - __main__ - INFO - Collected 300 service methods
2025-11-03 22:36:33,659 - __main__ - INFO - Parsing file: guided-workflow-backend\api\v2\routers\support\agent.py
2025-11-03 22:36:35,714 - __main__ - INFO - Found target function: create_cxea_revenue_entries in guided-workflow-backend\api\v2\routers\admin\financial\revenue.py
2025-11-03 22:36:35,714 - __main__ - INFO - Found target function: create_htec_revenue_entries in guided-workflow-backend\api\v2\routers\admin\financial\revenue.py
2025-11-03 22:36:35,714 - __main__ - INFO - Found target function: create_cogs_revenue_entries in guided-workflow-backend\api\v2\routers\admin\financial\revenue.py
2025-11-03 22:36:35,820 - __main__ - INFO - Found target function: rebuild_sdp_for_booking in guided-workflow-backend\api\v2\routers\manager\sdp.py
2025-11-03 22:36:35,894 - __main__ - INFO - Collected 300 service methods
2025-11-03 22:36:36,318 - __main__ - INFO - Parsing file: guided-workflow-backend\api\v2\routers\support\user.py
2025-11-03 22:36:38,260 - __main__ - INFO - Found target function: create_cxea_revenue_entries in guided-workflow-backend\api\v2\routers\admin\financial\revenue.py
2025-11-03 22:36:38,260 - __main__ - INFO - Found target function: create_htec_revenue_entries in guided-workflow-backend\api\v2\routers\admin\financial\revenue.py
2025-11-03 22:36:38,260 - __main__ - INFO - Found target function: create_cogs_revenue_entries in guided-workflow-backend\api\v2\routers\admin\financial\revenue.py
2025-11-03 22:36:38,370 - __main__ - INFO - Found target function: rebuild_sdp_for_booking in guided-workflow-backend\api\v2\routers\manager\sdp.py
2025-11-03 22:36:38,463 - __main__ - INFO - Collected 300 service methods
2025-11-03 22:36:41,004 - __main__ - INFO - Parsing file: guided-workflow-backend\api\v2\routers\workflows\actions.py
2025-11-03 22:36:43,004 - __main__ - INFO - Found target function: create_cxea_revenue_entries in guided-workflow-backend\api\v2\routers\admin\financial\revenue.py
2025-11-03 22:36:43,004 - __main__ - INFO - Found target function: create_htec_revenue_entries in guided-workflow-backend\api\v2\routers\admin\financial\revenue.py
2025-11-03 22:36:43,004 - __main__ - INFO - Found target function: create_cogs_revenue_entries in guided-workflow-backend\api\v2\routers\admin\financial\revenue.py
2025-11-03 22:36:43,099 - __main__ - INFO - Found target function: rebuild_sdp_for_booking in guided-workflow-backend\api\v2\routers\manager\sdp.py
2025-11-03 22:36:43,186 - __main__ - INFO - Collected 300 service methods
2025-11-03 22:36:44,163 - __main__ - INFO - Parsing file: guided-workflow-backend\api\v2\routers\workflows\downloads.py
2025-11-03 22:36:46,418 - __main__ - INFO - Found target function: create_cxea_revenue_entries in guided-workflow-backend\api\v2\routers\admin\financial\revenue.py
2025-11-03 22:36:46,419 - __main__ - INFO - Found target function: create_htec_revenue_entries in guided-workflow-backend\api\v2\routers\admin\financial\revenue.py
2025-11-03 22:36:46,419 - __main__ - INFO - Found target function: create_cogs_revenue_entries in guided-workflow-backend\api\v2\routers\admin\financial\revenue.py
2025-11-03 22:36:46,542 - __main__ - INFO - Found target function: rebuild_sdp_for_booking in guided-workflow-backend\api\v2\routers\manager\sdp.py
2025-11-03 22:36:46,631 - __main__ - INFO - Collected 300 service methods
2025-11-03 22:36:46,763 - __main__ - INFO - Parsing file: guided-workflow-backend\api\v2\routers\workflows\evidence_uploads.py
2025-11-03 22:36:48,984 - __main__ - INFO - Found target function: create_cxea_revenue_entries in guided-workflow-backend\api\v2\routers\admin\financial\revenue.py
2025-11-03 22:36:48,984 - __main__ - INFO - Found target function: create_htec_revenue_entries in guided-workflow-backend\api\v2\routers\admin\financial\revenue.py
2025-11-03 22:36:48,984 - __main__ - INFO - Found target function: create_cogs_revenue_entries in guided-workflow-backend\api\v2\routers\admin\financial\revenue.py
2025-11-03 22:36:49,074 - __main__ - INFO - Found target function: rebuild_sdp_for_booking in guided-workflow-backend\api\v2\routers\manager\sdp.py
2025-11-03 22:36:49,158 - __main__ - INFO - Collected 300 service methods
2025-11-03 22:36:49,441 - __main__ - INFO - Parsing file: guided-workflow-backend\api\v2\routers\workflows\lookups.py
2025-11-03 22:36:53,403 - __main__ - INFO - Found target function: create_cxea_revenue_entries in guided-workflow-backend\api\v2\routers\admin\financial\revenue.py
2025-11-03 22:36:53,404 - __main__ - INFO - Found target function: create_htec_revenue_entries in guided-workflow-backend\api\v2\routers\admin\financial\revenue.py
2025-11-03 22:36:53,404 - __main__ - INFO - Found target function: create_cogs_revenue_entries in guided-workflow-backend\api\v2\routers\admin\financial\revenue.py
2025-11-03 22:36:53,538 - __main__ - INFO - Found target function: rebuild_sdp_for_booking in guided-workflow-backend\api\v2\routers\manager\sdp.py
2025-11-03 22:36:53,619 - __main__ - INFO - Collected 300 service methods
2025-11-03 22:36:54,049 - __main__ - INFO - Parsing file: guided-workflow-backend\api\v2\routers\workflows\macd.py
2025-11-03 22:36:56,069 - __main__ - INFO - Found target function: create_cxea_revenue_entries in guided-workflow-backend\api\v2\routers\admin\financial\revenue.py
2025-11-03 22:36:56,070 - __main__ - INFO - Found target function: create_htec_revenue_entries in guided-workflow-backend\api\v2\routers\admin\financial\revenue.py
2025-11-03 22:36:56,070 - __main__ - INFO - Found target function: create_cogs_revenue_entries in guided-workflow-backend\api\v2\routers\admin\financial\revenue.py
2025-11-03 22:36:56,174 - __main__ - INFO - Found target function: rebuild_sdp_for_booking in guided-workflow-backend\api\v2\routers\manager\sdp.py
2025-11-03 22:36:56,233 - __main__ - INFO - Collected 300 service methods
2025-11-03 22:36:56,788 - __main__ - INFO - Parsing file: guided-workflow-backend\api\v2\routers\workflows\notifications.py
2025-11-03 22:36:58,788 - __main__ - INFO - Found target function: create_cxea_revenue_entries in guided-workflow-backend\api\v2\routers\admin\financial\revenue.py
2025-11-03 22:36:58,789 - __main__ - INFO - Found target function: create_htec_revenue_entries in guided-workflow-backend\api\v2\routers\admin\financial\revenue.py
2025-11-03 22:36:58,789 - __main__ - INFO - Found target function: create_cogs_revenue_entries in guided-workflow-backend\api\v2\routers\admin\financial\revenue.py
2025-11-03 22:36:58,885 - __main__ - INFO - Found target function: rebuild_sdp_for_booking in guided-workflow-backend\api\v2\routers\manager\sdp.py
2025-11-03 22:36:58,958 - __main__ - INFO - Collected 300 service methods
2025-11-03 22:37:02,103 - __main__ - INFO - Parsing file: guided-workflow-backend\api\v2\routers\workflows\sea_upload.py
2025-11-03 22:37:03,761 - __main__ - INFO - Found target function: create_cxea_revenue_entries in guided-workflow-backend\api\v2\routers\admin\financial\revenue.py
2025-11-03 22:37:03,762 - __main__ - INFO - Found target function: create_htec_revenue_entries in guided-workflow-backend\api\v2\routers\admin\financial\revenue.py
2025-11-03 22:37:03,762 - __main__ - INFO - Found target function: create_cogs_revenue_entries in guided-workflow-backend\api\v2\routers\admin\financial\revenue.py
2025-11-03 22:37:03,922 - __main__ - INFO - Found target function: rebuild_sdp_for_booking in guided-workflow-backend\api\v2\routers\manager\sdp.py
2025-11-03 22:37:04,010 - __main__ - INFO - Collected 300 service methods
2025-11-03 22:37:04,175 - __main__ - INFO - Parsing file: guided-workflow-backend\api\v2\routers\workflows\signoff.py
2025-11-03 22:37:06,140 - __main__ - INFO - Found target function: create_cxea_revenue_entries in guided-workflow-backend\api\v2\routers\admin\financial\revenue.py
2025-11-03 22:37:06,141 - __main__ - INFO - Found target function: create_htec_revenue_entries in guided-workflow-backend\api\v2\routers\admin\financial\revenue.py
2025-11-03 22:37:06,141 - __main__ - INFO - Found target function: create_cogs_revenue_entries in guided-workflow-backend\api\v2\routers\admin\financial\revenue.py
2025-11-03 22:37:06,238 - __main__ - INFO - Found target function: rebuild_sdp_for_booking in guided-workflow-backend\api\v2\routers\manager\sdp.py
2025-11-03 22:37:06,313 - __main__ - INFO - Collected 300 service methods
2025-11-03 22:37:06,430 - __main__ - INFO - Parsing file: guided-workflow-backend\api\v2\routers\workflows\workflow_tagging.py
2025-11-03 22:37:08,522 - __main__ - INFO - Found target function: create_cxea_revenue_entries in guided-workflow-backend\api\v2\routers\admin\financial\revenue.py
2025-11-03 22:37:08,523 - __main__ - INFO - Found target function: create_htec_revenue_entries in guided-workflow-backend\api\v2\routers\admin\financial\revenue.py
2025-11-03 22:37:08,523 - __main__ - INFO - Found target function: create_cogs_revenue_entries in guided-workflow-backend\api\v2\routers\admin\financial\revenue.py
2025-11-03 22:37:08,643 - __main__ - INFO - Found target function: rebuild_sdp_for_booking in guided-workflow-backend\api\v2\routers\manager\sdp.py
2025-11-03 22:37:08,707 - __main__ - INFO - Collected 300 service methods
2025-11-03 22:37:08,962 - __main__ - INFO - Parsing file: guided-workflow-backend\api\v2\routers\admin\financial\contracts.py
2025-11-03 22:37:11,053 - __main__ - INFO - Found target function: create_cxea_revenue_entries in guided-workflow-backend\api\v2\routers\admin\financial\revenue.py
2025-11-03 22:37:11,053 - __main__ - INFO - Found target function: create_htec_revenue_entries in guided-workflow-backend\api\v2\routers\admin\financial\revenue.py
2025-11-03 22:37:11,053 - __main__ - INFO - Found target function: create_cogs_revenue_entries in guided-workflow-backend\api\v2\routers\admin\financial\revenue.py
2025-11-03 22:37:11,145 - __main__ - INFO - Found target function: rebuild_sdp_for_booking in guided-workflow-backend\api\v2\routers\manager\sdp.py
2025-11-03 22:37:11,239 - __main__ - INFO - Collected 300 service methods
2025-11-03 22:37:11,393 - __main__ - INFO - Parsing file: guided-workflow-backend\api\v2\routers\admin\financial\revenue.py
2025-11-03 22:37:11,394 - __main__ - INFO - Found target functions in guided-workflow-backend\api\v2\routers\admin\financial\revenue.py: ['create_cxea_revenue_entries', 'create_htec_revenue_entries', 'create_cogs_revenue_entries']
2025-11-03 22:37:13,525 - __main__ - INFO - Found target function: create_cxea_revenue_entries in guided-workflow-backend\api\v2\routers\admin\financial\revenue.py
2025-11-03 22:37:13,525 - __main__ - INFO - Found target function: create_htec_revenue_entries in guided-workflow-backend\api\v2\routers\admin\financial\revenue.py
2025-11-03 22:37:13,525 - __main__ - INFO - Found target function: create_cogs_revenue_entries in guided-workflow-backend\api\v2\routers\admin\financial\revenue.py
2025-11-03 22:37:13,635 - __main__ - INFO - Found target function: rebuild_sdp_for_booking in guided-workflow-backend\api\v2\routers\manager\sdp.py
2025-11-03 22:37:13,708 - __main__ - INFO - Collected 300 service methods
2025-11-03 22:37:15,635 - __main__ - INFO - Parsing file: guided-workflow-backend\api\v2\routers\admin\financial\unverified.py
2025-11-03 22:37:17,383 - __main__ - INFO - Found target function: create_cxea_revenue_entries in guided-workflow-backend\api\v2\routers\admin\financial\revenue.py
2025-11-03 22:37:17,383 - __main__ - INFO - Found target function: create_htec_revenue_entries in guided-workflow-backend\api\v2\routers\admin\financial\revenue.py
2025-11-03 22:37:17,383 - __main__ - INFO - Found target function: create_cogs_revenue_entries in guided-workflow-backend\api\v2\routers\admin\financial\revenue.py
2025-11-03 22:37:17,513 - __main__ - INFO - Found target function: rebuild_sdp_for_booking in guided-workflow-backend\api\v2\routers\manager\sdp.py
2025-11-03 22:37:17,578 - __main__ - INFO - Collected 300 service methods
2025-11-03 22:37:17,797 - __main__ - INFO - Parsing file: guided-workflow-backend\api\v2\routers\admin\financial\verified.py
2025-11-03 22:37:19,865 - __main__ - INFO - Found target function: create_cxea_revenue_entries in guided-workflow-backend\api\v2\routers\admin\financial\revenue.py
2025-11-03 22:37:19,866 - __main__ - INFO - Found target function: create_htec_revenue_entries in guided-workflow-backend\api\v2\routers\admin\financial\revenue.py
2025-11-03 22:37:19,866 - __main__ - INFO - Found target function: create_cogs_revenue_entries in guided-workflow-backend\api\v2\routers\admin\financial\revenue.py
2025-11-03 22:37:19,974 - __main__ - INFO - Found target function: rebuild_sdp_for_booking in guided-workflow-backend\api\v2\routers\manager\sdp.py
2025-11-03 22:37:20,034 - __main__ - INFO - Collected 300 service methods
2025-11-03 22:37:20,482 - __main__ - INFO - Parsing file: guided-workflow-backend\api\v2\routers\admin\sdp\deliverables.py
2025-11-04 00:20:27,161 - __main__ - INFO - Found target function: create_cxea_revenue_entries in guided-workflow-backend\api\v2\routers\admin\financial\revenue.py
2025-11-04 00:20:27,161 - __main__ - INFO - Found target function: create_htec_revenue_entries in guided-workflow-backend\api\v2\routers\admin\financial\revenue.py
2025-11-04 00:20:27,161 - __main__ - INFO - Found target function: create_cogs_revenue_entries in guided-workflow-backend\api\v2\routers\admin\financial\revenue.py
2025-11-04 00:20:27,242 - __main__ - INFO - Found target function: rebuild_sdp_for_booking in guided-workflow-backend\api\v2\routers\manager\sdp.py
2025-11-04 00:20:27,303 - __main__ - INFO - Collected 300 service methods
2025-11-04 00:20:30,138 - __main__ - INFO - Parsing file: guided-workflow-backend\api\v2\routers\admin\sdp\lifecycles.py
2025-11-04 06:15:52,889 - __main__ - INFO - Found target function: create_cxea_revenue_entries in guided-workflow-backend\api\v2\routers\admin\financial\revenue.py
2025-11-04 06:15:52,889 - __main__ - INFO - Found target function: create_htec_revenue_entries in guided-workflow-backend\api\v2\routers\admin\financial\revenue.py
2025-11-04 06:15:52,889 - __main__ - INFO - Found target function: create_cogs_revenue_entries in guided-workflow-backend\api\v2\routers\admin\financial\revenue.py
2025-11-04 06:15:53,149 - __main__ - INFO - Found target function: rebuild_sdp_for_booking in guided-workflow-backend\api\v2\routers\manager\sdp.py
2025-11-04 06:15:53,228 - __main__ - INFO - Collected 300 service methods
2025-11-04 06:15:57,076 - __main__ - INFO - Parsing file: guided-workflow-backend\api\v2\routers\admin\sdp\sdp.py
2025-11-04 06:15:59,606 - __main__ - INFO - Found target function: create_cxea_revenue_entries in guided-workflow-backend\api\v2\routers\admin\financial\revenue.py
2025-11-04 06:15:59,607 - __main__ - INFO - Found target function: create_htec_revenue_entries in guided-workflow-backend\api\v2\routers\admin\financial\revenue.py
2025-11-04 06:15:59,607 - __main__ - INFO - Found target function: create_cogs_revenue_entries in guided-workflow-backend\api\v2\routers\admin\financial\revenue.py
2025-11-04 06:15:59,730 - __main__ - INFO - Found target function: rebuild_sdp_for_booking in guided-workflow-backend\api\v2\routers\manager\sdp.py
2025-11-04 06:15:59,880 - __main__ - INFO - Collected 300 service methods
2025-11-04 06:16:00,063 - __main__ - INFO - Parsing file: guided-workflow-backend\api\v2\routers\admin\sdp\subtasks.py
2025-11-04 06:16:02,414 - __main__ - INFO - Found target function: create_cxea_revenue_entries in guided-workflow-backend\api\v2\routers\admin\financial\revenue.py
2025-11-04 06:16:02,414 - __main__ - INFO - Found target function: create_htec_revenue_entries in guided-workflow-backend\api\v2\routers\admin\financial\revenue.py
2025-11-04 06:16:02,414 - __main__ - INFO - Found target function: create_cogs_revenue_entries in guided-workflow-backend\api\v2\routers\admin\financial\revenue.py
2025-11-04 06:16:02,467 - __main__ - INFO - Found target function: rebuild_sdp_for_booking in guided-workflow-backend\api\v2\routers\manager\sdp.py
2025-11-04 06:16:02,521 - __main__ - INFO - Collected 300 service methods
2025-11-04 06:16:04,363 - __main__ - INFO - Parsing file: guided-workflow-backend\api\v2\routers\admin\sdp\tasks.py
2025-11-04 06:16:05,579 - __main__ - INFO - Found target function: create_cxea_revenue_entries in guided-workflow-backend\api\v2\routers\admin\financial\revenue.py
2025-11-04 06:16:05,580 - __main__ - INFO - Found target function: create_htec_revenue_entries in guided-workflow-backend\api\v2\routers\admin\financial\revenue.py
2025-11-04 06:16:05,580 - __main__ - INFO - Found target function: create_cogs_revenue_entries in guided-workflow-backend\api\v2\routers\admin\financial\revenue.py
2025-11-04 06:16:05,781 - __main__ - INFO - Found target function: rebuild_sdp_for_booking in guided-workflow-backend\api\v2\routers\manager\sdp.py
2025-11-04 06:16:05,847 - __main__ - INFO - Collected 300 service methods
2025-11-04 06:16:06,766 - __main__ - INFO -    Found 181 backend routes
2025-11-04 06:16:06,767 - __main__ - INFO -    Routes with tables: 151
2025-11-04 06:16:06,767 - __main__ - INFO - 
3. Creating mappings...
2025-11-04 06:16:06,794 - __main__ - INFO - 
4. Generating reports...
2025-11-04 06:16:06,834 - __main__ - INFO -    Generated: test_mapping.json
2025-11-04 06:16:06,834 - __main__ - INFO -    Generated: test_mapping.csv
2025-11-04 06:16:06,834 - __main__ - INFO - 
API MAPPING SUMMARY
2025-11-04 06:16:06,834 - __main__ - INFO - ==================================================
2025-11-04 06:16:06,835 - __main__ - INFO - Total Frontend Calls: 174
2025-11-04 06:16:06,835 - __main__ - INFO - Matched:              168 (96.6%)
2025-11-04 06:16:06,835 - __main__ - INFO - Unmatched:            6 (3.4%)
2025-11-04 06:16:06,835 - __main__ - INFO - With Tables:          140 (80.5%)
2025-11-04 06:16:06,835 - __main__ - INFO - With Response Models: 148 (85.1%)
2025-11-04 06:16:06,835 - __main__ - INFO - 
Sample Table Mappings:
2025-11-04 06:16:06,835 - __main__ - INFO - ------------------------------
2025-11-04 06:16:06,835 - __main__ - INFO -   /api/v2/canvas/snapshots -> DC_SNAPSHOT_DATA
2025-11-04 06:16:06,835 - __main__ - INFO -   /api/v2/canvas/1/deleted -> DC_CANVAS_HDR
2025-11-04 06:16:06,835 - __main__ - INFO -   /api/v2/canvas/1/undelete/{canvas_id} -> DC_CANVAS_HDR
2025-11-04 06:16:06,836 - __main__ - INFO -   /api/v2/canvas -> DC_CAM_TO_ENGAGEMENT, DC_CANVAS_HDR, DC_ENGAGEMENT_HDR
2025-11-04 06:16:06,836 - __main__ - INFO -   /api/v2/canvas/rebuild -> DC_ENGAGEMENT_HDR, DC_CAM_TO_ENGAGEMENT, DC_CANVAS_HDR
2025-11-04 06:16:06,836 - __main__ - INFO - 
Sample Response Model Mappings:
2025-11-04 06:16:06,836 - __main__ - INFO - -----------------------------------
2025-11-04 06:16:06,836 - __main__ - INFO -   /api/v2/canvas/snapshots -> V2SnapshotDataResponse []
2025-11-04 06:16:06,837 - __main__ - INFO -   /api/v2/canvas/1/deleted -> None []
2025-11-04 06:16:06,837 - __main__ - INFO -   /api/v2/canvas/1/undelete/{canvas_id} -> None []
2025-11-04 06:16:06,837 - __main__ - INFO -   /api/v2/canvas -> V2CanvasRead [canvas_desc, canvas_id, canvas_name (+9 more)]
2025-11-04 06:16:06,837 - __main__ - INFO -   /api/v2/canvas/rebuild -> V2CanvasRead [canvas_desc, canvas_id, canvas_name (+9 more)]
2025-11-04 09:49:57,658 - __main__ - INFO - Generating Enhanced Table-Column Relationship CSV
2025-11-04 09:49:57,667 - __main__ - INFO - ============================================================
2025-11-04 09:49:57,668 - __main__ - INFO - Step 1: Extracting table-column information...
2025-11-04 09:49:57,668 - __main__ - INFO - Extracting detailed table-column information...
2025-11-04 09:49:58,019 - __main__ - INFO - Found 78 tables with column details
2025-11-04 09:49:58,036 - __main__ - INFO - Found 74 response models
2025-11-04 09:49:58,037 - __main__ - INFO - Step 2: Analyzing frontend...
2025-11-04 09:50:00,344 - __main__ - INFO - Found 174 frontend API calls
2025-11-04 09:50:00,345 - __main__ - INFO - Step 3: Analyzing backend...
2025-11-04 09:50:00,558 - action_to_table - INFO - Found 86 known tables
2025-11-04 09:50:01,918 - action_to_table - INFO - Collected 1270 function definitions
2025-11-04 09:50:01,920 - action_to_table - INFO - Parsing file: guided-workflow-backend\api\v2\routers\announcements.py
2025-11-04 09:50:35,590 - action_to_table - INFO - Parsing file: guided-workflow-backend\api\v2\routers\canvas.py
2025-11-04 09:50:46,670 - action_to_table - INFO - Parsing file: guided-workflow-backend\api\v2\routers\contracts.py
2025-11-04 09:50:51,361 - action_to_table - INFO - Parsing file: guided-workflow-backend\api\v2\routers\dc_types.py
2025-11-04 09:50:52,953 - action_to_table - INFO - Parsing file: guided-workflow-backend\api\v2\routers\engagements.py
2025-11-04 09:50:55,735 - action_to_table - INFO - Parsing file: guided-workflow-backend\api\v2\routers\file_management.py
2025-11-04 09:50:57,016 - action_to_table - INFO - Parsing file: guided-workflow-backend\api\v2\routers\links.py
2025-11-04 09:51:05,097 - action_to_table - INFO - Parsing file: guided-workflow-backend\api\v2\routers\stakeholders.py
2025-11-04 09:51:10,590 - action_to_table - INFO - Parsing file: guided-workflow-backend\api\v2\routers\static.py
2025-11-04 09:51:11,367 - action_to_table - INFO - Parsing file: guided-workflow-backend\api\v2\routers\tags.py
2025-11-04 09:51:14,165 - action_to_table - INFO - Parsing file: guided-workflow-backend\api\v2\routers\tagsets.py
2025-11-04 09:51:17,465 - action_to_table - INFO - Parsing file: guided-workflow-backend\api\v2\routers\thought_spot.py
2025-11-04 09:51:21,882 - action_to_table - INFO - Parsing file: guided-workflow-backend\api\v2\routers\thought_spot_tag.py
2025-11-04 09:51:22,802 - action_to_table - INFO - Parsing file: guided-workflow-backend\api\v2\routers\users.py
2025-11-04 09:51:24,326 - action_to_table - INFO - Parsing file: guided-workflow-backend\api\v2\routers\user_defined_types.py
2025-11-04 09:51:28,224 - action_to_table - INFO - Parsing file: guided-workflow-backend\api\v2\routers\admin\financial\contracts.py
2025-11-04 09:51:29,567 - action_to_table - INFO - Parsing file: guided-workflow-backend\api\v2\routers\admin\financial\revenue.py
2025-11-04 09:51:33,705 - action_to_table - INFO - Parsing file: guided-workflow-backend\api\v2\routers\admin\financial\unverified.py
2025-11-04 09:51:35,605 - action_to_table - INFO - Parsing file: guided-workflow-backend\api\v2\routers\admin\financial\verified.py
2025-11-04 09:51:37,736 - action_to_table - INFO - Parsing file: guided-workflow-backend\api\v2\routers\admin\sdp\deliverables.py
2025-11-04 09:51:39,957 - action_to_table - INFO - Parsing file: guided-workflow-backend\api\v2\routers\admin\sdp\lifecycles.py
2025-11-04 09:51:42,886 - action_to_table - INFO - Parsing file: guided-workflow-backend\api\v2\routers\admin\sdp\sdp.py
2025-11-04 09:51:43,999 - action_to_table - INFO - Parsing file: guided-workflow-backend\api\v2\routers\admin\sdp\subtasks.py
2025-11-04 09:51:48,137 - action_to_table - INFO - Parsing file: guided-workflow-backend\api\v2\routers\admin\sdp\tasks.py
2025-11-04 09:51:50,870 - action_to_table - INFO - Parsing file: guided-workflow-backend\api\v2\routers\documentation\documentation.py
2025-11-04 09:51:52,957 - action_to_table - INFO - Parsing file: guided-workflow-backend\api\v2\routers\manager\assignments.py
2025-11-04 09:51:55,174 - action_to_table - INFO - Parsing file: guided-workflow-backend\api\v2\routers\manager\bookings.py
2025-11-04 09:51:55,962 - action_to_table - INFO - Parsing file: guided-workflow-backend\api\v2\routers\manager\bookings_common.py
2025-11-04 09:52:01,391 - action_to_table - INFO - Parsing file: guided-workflow-backend\api\v2\routers\manager\bookings_manager.py
2025-11-04 09:52:08,081 - action_to_table - INFO - Parsing file: guided-workflow-backend\api\v2\routers\manager\pool_manager.py
2025-11-04 09:52:09,176 - action_to_table - INFO - Parsing file: guided-workflow-backend\api\v2\routers\manager\sdp.py
2025-11-04 09:52:10,445 - action_to_table - INFO - Parsing file: guided-workflow-backend\api\v2\routers\manager\super_customers.py
2025-11-04 09:52:12,357 - action_to_table - INFO - Parsing file: guided-workflow-backend\api\v2\routers\manager\users.py
2025-11-04 09:52:15,265 - action_to_table - INFO - Parsing file: guided-workflow-backend\api\v2\routers\sdp\completions.py
2025-11-04 09:52:16,976 - action_to_table - INFO - Parsing file: guided-workflow-backend\api\v2\routers\sdp\deliverables.py
2025-11-04 09:52:18,219 - action_to_table - INFO - Parsing file: guided-workflow-backend\api\v2\routers\sdp\time_tracking.py
2025-11-04 09:52:20,032 - action_to_table - INFO - Parsing file: guided-workflow-backend\api\v2\routers\support\agent.py
2025-11-04 09:52:21,397 - action_to_table - INFO - Parsing file: guided-workflow-backend\api\v2\routers\support\user.py
2025-11-04 09:52:23,428 - action_to_table - INFO - Parsing file: guided-workflow-backend\api\v2\routers\workflows\actions.py
2025-11-04 09:52:24,781 - action_to_table - INFO - Parsing file: guided-workflow-backend\api\v2\routers\workflows\downloads.py
2025-11-04 09:52:26,201 - action_to_table - INFO - Parsing file: guided-workflow-backend\api\v2\routers\workflows\evidence_uploads.py
2025-11-04 09:52:27,027 - action_to_table - INFO - Parsing file: guided-workflow-backend\api\v2\routers\workflows\lookups.py
2025-11-04 09:52:28,056 - action_to_table - INFO - Parsing file: guided-workflow-backend\api\v2\routers\workflows\macd.py
2025-11-04 09:52:29,535 - action_to_table - INFO - Parsing file: guided-workflow-backend\api\v2\routers\workflows\notifications.py
2025-11-04 09:52:33,294 - action_to_table - INFO - Parsing file: guided-workflow-backend\api\v2\routers\workflows\sea_upload.py
2025-11-04 09:52:34,158 - action_to_table - INFO - Parsing file: guided-workflow-backend\api\v2\routers\workflows\signoff.py
2025-11-04 09:52:35,048 - action_to_table - INFO - Parsing file: guided-workflow-backend\api\v2\routers\workflows\workflow_tagging.py
2025-11-04 09:52:35,855 - __main__ - INFO - Found 187 backend routes
2025-11-04 09:52:35,856 - __main__ - INFO - Found 4 routes with target functions
2025-11-04 09:52:35,857 - __main__ - INFO -   - create_cxea_revenue_entries in admin\financial\revenue.py
2025-11-04 09:52:35,857 - __main__ - INFO -   - create_htec_revenue_entries in admin\financial\revenue.py
2025-11-04 09:52:35,857 - __main__ - INFO -   - create_cogs_revenue_entries in admin\financial\revenue.py
2025-11-04 09:52:35,857 - __main__ - INFO -   - rebuild_sdp_for_booking in manager\sdp.py
2025-11-04 09:52:35,859 - __main__ - INFO - Step 4: Creating API mappings...
2025-11-04 09:52:35,875 - __main__ - INFO - Created 174 mappings
2025-11-04 09:52:35,876 - __main__ - INFO - Step 5: Writing enhanced CSV: flow_sp_test_mapping.csv
2025-11-04 09:52:35,891 - __main__ - INFO - Enhanced CSV Summary:
2025-11-04 09:52:35,892 - __main__ - INFO - Total API mappings: 174
2025-11-04 09:52:35,893 - __main__ - INFO - Matched endpoints: 174 (100.0%)
2025-11-04 09:52:35,893 - __main__ - INFO - With database tables: 146 (83.9%)
2025-11-04 09:52:35,893 - __main__ - INFO - With stored procedures: 13 (7.5%)
2025-11-04 09:52:35,893 - __main__ - INFO - With flow calls: 17 (9.8%)
2025-11-04 09:52:35,894 - __main__ - INFO - With column details: 146 (83.9%)
2025-11-04 09:52:35,894 - __main__ - INFO - Total tables analyzed: 78
2025-11-04 09:52:35,895 - __main__ - INFO - Sample table-column mappings:
2025-11-04 09:52:35,896 - __main__ - INFO -   DC_CAM_TO_ENGAGEMENT: DC_ENGAGEMENT_ID, USER_ID
2025-11-04 09:52:35,896 - __main__ - INFO -   DC_CANVAS_HDR: CANVAS_DESC, CANVAS_ID, CANVAS_NAME, CANVAS_STATUS, CANVAS_TYPE (+9 more)
2025-11-04 09:52:35,897 - __main__ - INFO -   DC_DATA_SOURCES: DATE_SOURCED, DISPLAY_NAME, FILE_NAME, FILE_NUMBER, FILE_SOURCE (+7 more)
2025-11-04 09:52:35,898 - __main__ - INFO -   DC_SNAPSHOT_DATA: NAME, SNAPSHOT_DATE, SNAPSHOT_VERSION
2025-11-04 09:52:35,898 - __main__ - INFO -   DC_CONTRACT_ASSET_MGT_TYPES: AM_TYPE_ID, ASSET_MANAGEMENT_TYPE
2025-11-04 09:52:35,899 - __main__ - INFO - Enhanced CSV generated successfully: flow_sp_test_mapping.csv
2025-11-05 11:11:04,529 - __main__ - INFO - Complete Frontend-Backend API Mapping Tool with Deep Table Analysis
2025-11-05 11:11:04,530 - __main__ - INFO - ======================================================================
2025-11-05 11:11:04,530 - __main__ - INFO - 
1. Analyzing frontend with complete patterns...
2025-11-05 11:11:05,403 - __main__ - INFO -    Found 174 frontend API calls
2025-11-05 11:11:05,403 - __main__ - INFO - 
2. Analyzing backend with deep table analysis...
2025-11-05 11:11:05,599 - __main__ - INFO - Found 86 known tables
2025-11-05 11:11:06,553 - __main__ - INFO - Collected 1270 function definitions
2025-11-05 11:11:06,554 - __main__ - INFO - Parsing file: C:\dev\action-to-tables\guided-workflow-backend\api\v2\routers\admin\financial\revenue.py
2025-11-05 11:12:10,507 - __main__ - INFO - Complete Frontend-Backend API Mapping Tool with Deep Table Analysis
2025-11-05 11:12:10,530 - __main__ - INFO - ======================================================================
2025-11-05 11:12:10,547 - __main__ - INFO - 
1. Analyzing frontend with complete patterns...
2025-11-05 11:12:12,218 - __main__ - INFO -    Found 174 frontend API calls
2025-11-05 11:12:12,219 - __main__ - INFO - 
2. Analyzing backend with deep table analysis...
2025-11-05 11:12:12,481 - __main__ - INFO - Found 86 known tables
2025-11-05 11:12:13,867 - __main__ - INFO - Collected 1270 function definitions
2025-11-05 11:12:13,897 - __main__ - INFO - Parsing file: guided-workflow-backend\api\v2\routers\announcements.py
2025-11-05 11:13:25,708 - __main__ - INFO - Complete Frontend-Backend API Mapping Tool with Deep Table Analysis
2025-11-05 11:13:25,709 - __main__ - INFO - ======================================================================
2025-11-05 11:13:25,709 - __main__ - INFO - 
1. Analyzing frontend with complete patterns...
2025-11-05 11:13:26,744 - __main__ - INFO -    Found 174 frontend API calls
2025-11-05 11:13:26,745 - __main__ - INFO - 
2. Analyzing backend with deep table analysis...
2025-11-05 11:13:27,005 - __main__ - INFO - Found 86 known tables
2025-11-05 11:13:28,268 - __main__ - INFO - Collected 1270 function definitions
2025-11-05 11:13:28,271 - __main__ - INFO - Parsing file: guided-workflow-backendpi2outersevenue.py
2025-11-05 11:13:28,272 - __main__ - ERROR - Error parsing guided-workflow-backendpi2outersevenue.py: [Errno 22] Invalid argument: 'guided-workflow-backend\x07pi\x0b2\routers\revenue.py'
2025-11-05 11:13:28,274 - __main__ - INFO - Parsing file: guided-workflow-backendpi2outersevenue.py
2025-11-05 11:13:28,275 - __main__ - ERROR - Error parsing guided-workflow-backendpi2outersevenue.py: [Errno 22] Invalid argument: 'guided-workflow-backend\x07pi\x0b2\routers\revenue.py'
2025-11-05 11:13:28,298 - __main__ - INFO - Parsing file: guided-workflow-backendpi2outersevenue.py
2025-11-05 11:13:28,299 - __main__ - ERROR - Error parsing guided-workflow-backendpi2outersevenue.py: [Errno 22] Invalid argument: 'guided-workflow-backend\x07pi\x0b2\routers\revenue.py'
2025-11-05 11:13:28,301 - __main__ - INFO - Parsing file: guided-workflow-backendpi2outersevenue.py
2025-11-05 11:13:28,318 - __main__ - ERROR - Error parsing guided-workflow-backendpi2outersevenue.py: [Errno 22] Invalid argument: 'guided-workflow-backend\x07pi\x0b2\routers\revenue.py'
2025-11-05 11:13:28,319 - __main__ - INFO - Parsing file: guided-workflow-backendpi2outersevenue.py
2025-11-05 11:13:28,321 - __main__ - ERROR - Error parsing guided-workflow-backendpi2outersevenue.py: [Errno 22] Invalid argument: 'guided-workflow-backend\x07pi\x0b2\routers\revenue.py'
2025-11-05 11:13:28,326 - __main__ - INFO - Parsing file: guided-workflow-backendpi2outersevenue.py
2025-11-05 11:13:28,333 - __main__ - ERROR - Error parsing guided-workflow-backendpi2outersevenue.py: [Errno 22] Invalid argument: 'guided-workflow-backend\x07pi\x0b2\routers\revenue.py'
2025-11-05 11:13:28,365 - __main__ - INFO - Parsing file: guided-workflow-backendpi2outersevenue.py
2025-11-05 11:13:28,366 - __main__ - ERROR - Error parsing guided-workflow-backendpi2outersevenue.py: [Errno 22] Invalid argument: 'guided-workflow-backend\x07pi\x0b2\routers\revenue.py'
2025-11-05 11:13:28,367 - __main__ - INFO - Parsing file: guided-workflow-backendpi2outersevenue.py
2025-11-05 11:13:28,368 - __main__ - ERROR - Error parsing guided-workflow-backendpi2outersevenue.py: [Errno 22] Invalid argument: 'guided-workflow-backend\x07pi\x0b2\routers\revenue.py'
2025-11-05 11:13:28,370 - __main__ - INFO - Parsing file: guided-workflow-backendpi2outersevenue.py
2025-11-05 11:13:28,372 - __main__ - ERROR - Error parsing guided-workflow-backendpi2outersevenue.py: [Errno 22] Invalid argument: 'guided-workflow-backend\x07pi\x0b2\routers\revenue.py'
2025-11-05 11:13:28,377 - __main__ - INFO - Parsing file: guided-workflow-backendpi2outersevenue.py
2025-11-05 11:13:28,382 - __main__ - ERROR - Error parsing guided-workflow-backendpi2outersevenue.py: [Errno 22] Invalid argument: 'guided-workflow-backend\x07pi\x0b2\routers\revenue.py'
2025-11-05 11:13:28,383 - __main__ - INFO - Parsing file: guided-workflow-backendpi2outersevenue.py
2025-11-05 11:13:28,386 - __main__ - ERROR - Error parsing guided-workflow-backendpi2outersevenue.py: [Errno 22] Invalid argument: 'guided-workflow-backend\x07pi\x0b2\routers\revenue.py'
2025-11-05 11:13:28,387 - __main__ - INFO - Parsing file: guided-workflow-backendpi2outersevenue.py
2025-11-05 11:13:28,391 - __main__ - ERROR - Error parsing guided-workflow-backendpi2outersevenue.py: [Errno 22] Invalid argument: 'guided-workflow-backend\x07pi\x0b2\routers\revenue.py'
2025-11-05 11:13:28,396 - __main__ - INFO - Parsing file: guided-workflow-backendpi2outersevenue.py
2025-11-05 11:13:28,400 - __main__ - ERROR - Error parsing guided-workflow-backendpi2outersevenue.py: [Errno 22] Invalid argument: 'guided-workflow-backend\x07pi\x0b2\routers\revenue.py'
2025-11-05 11:13:28,401 - __main__ - INFO - Parsing file: guided-workflow-backendpi2outersevenue.py
2025-11-05 11:13:28,421 - __main__ - ERROR - Error parsing guided-workflow-backendpi2outersevenue.py: [Errno 22] Invalid argument: 'guided-workflow-backend\x07pi\x0b2\routers\revenue.py'
2025-11-05 11:13:28,422 - __main__ - INFO - Parsing file: guided-workflow-backendpi2outersevenue.py
2025-11-05 11:13:28,424 - __main__ - ERROR - Error parsing guided-workflow-backendpi2outersevenue.py: [Errno 22] Invalid argument: 'guided-workflow-backend\x07pi\x0b2\routers\revenue.py'
2025-11-05 11:13:28,431 - __main__ - INFO - Parsing file: guided-workflow-backendpi2outersevenue.py
2025-11-05 11:13:28,457 - __main__ - ERROR - Error parsing guided-workflow-backendpi2outersevenue.py: [Errno 22] Invalid argument: 'guided-workflow-backend\x07pi\x0b2\routers\revenue.py'
2025-11-05 11:13:28,587 - __main__ - INFO - Parsing file: guided-workflow-backendpi2outersevenue.py
2025-11-05 11:13:28,643 - __main__ - ERROR - Error parsing guided-workflow-backendpi2outersevenue.py: [Errno 22] Invalid argument: 'guided-workflow-backend\x07pi\x0b2\routers\revenue.py'
2025-11-05 11:13:28,720 - __main__ - INFO - Parsing file: guided-workflow-backendpi2outersevenue.py
2025-11-05 11:13:28,766 - __main__ - ERROR - Error parsing guided-workflow-backendpi2outersevenue.py: [Errno 22] Invalid argument: 'guided-workflow-backend\x07pi\x0b2\routers\revenue.py'
2025-11-05 11:13:28,767 - __main__ - INFO - Parsing file: guided-workflow-backendpi2outersevenue.py
2025-11-05 11:13:28,769 - __main__ - ERROR - Error parsing guided-workflow-backendpi2outersevenue.py: [Errno 22] Invalid argument: 'guided-workflow-backend\x07pi\x0b2\routers\revenue.py'
2025-11-05 11:13:28,791 - __main__ - INFO - Parsing file: guided-workflow-backendpi2outersevenue.py
2025-11-05 11:13:28,802 - __main__ - ERROR - Error parsing guided-workflow-backendpi2outersevenue.py: [Errno 22] Invalid argument: 'guided-workflow-backend\x07pi\x0b2\routers\revenue.py'
2025-11-05 11:13:28,805 - __main__ - INFO - Parsing file: guided-workflow-backendpi2outersevenue.py
2025-11-05 11:13:28,820 - __main__ - ERROR - Error parsing guided-workflow-backendpi2outersevenue.py: [Errno 22] Invalid argument: 'guided-workflow-backend\x07pi\x0b2\routers\revenue.py'
2025-11-05 11:13:28,824 - __main__ - INFO - Parsing file: guided-workflow-backendpi2outersevenue.py
2025-11-05 11:13:28,843 - __main__ - ERROR - Error parsing guided-workflow-backendpi2outersevenue.py: [Errno 22] Invalid argument: 'guided-workflow-backend\x07pi\x0b2\routers\revenue.py'
2025-11-05 11:13:28,845 - __main__ - INFO - Parsing file: guided-workflow-backendpi2outersevenue.py
2025-11-05 11:13:28,850 - __main__ - ERROR - Error parsing guided-workflow-backendpi2outersevenue.py: [Errno 22] Invalid argument: 'guided-workflow-backend\x07pi\x0b2\routers\revenue.py'
2025-11-05 11:13:28,852 - __main__ - INFO - Parsing file: guided-workflow-backendpi2outersevenue.py
2025-11-05 11:13:28,863 - __main__ - ERROR - Error parsing guided-workflow-backendpi2outersevenue.py: [Errno 22] Invalid argument: 'guided-workflow-backend\x07pi\x0b2\routers\revenue.py'
2025-11-05 11:13:28,870 - __main__ - INFO - Parsing file: guided-workflow-backendpi2outersevenue.py
2025-11-05 11:13:28,873 - __main__ - ERROR - Error parsing guided-workflow-backendpi2outersevenue.py: [Errno 22] Invalid argument: 'guided-workflow-backend\x07pi\x0b2\routers\revenue.py'
2025-11-05 11:13:28,877 - __main__ - INFO - Parsing file: guided-workflow-backendpi2outersevenue.py
2025-11-05 11:13:28,881 - __main__ - ERROR - Error parsing guided-workflow-backendpi2outersevenue.py: [Errno 22] Invalid argument: 'guided-workflow-backend\x07pi\x0b2\routers\revenue.py'
2025-11-05 11:13:28,882 - __main__ - INFO - Parsing file: guided-workflow-backendpi2outersevenue.py
2025-11-05 11:13:28,894 - __main__ - ERROR - Error parsing guided-workflow-backendpi2outersevenue.py: [Errno 22] Invalid argument: 'guided-workflow-backend\x07pi\x0b2\routers\revenue.py'
2025-11-05 11:13:28,898 - __main__ - INFO - Parsing file: guided-workflow-backendpi2outersevenue.py
2025-11-05 11:13:28,902 - __main__ - ERROR - Error parsing guided-workflow-backendpi2outersevenue.py: [Errno 22] Invalid argument: 'guided-workflow-backend\x07pi\x0b2\routers\revenue.py'
2025-11-05 11:13:28,950 - __main__ - INFO - Parsing file: guided-workflow-backendpi2outersevenue.py
2025-11-05 11:13:28,952 - __main__ - ERROR - Error parsing guided-workflow-backendpi2outersevenue.py: [Errno 22] Invalid argument: 'guided-workflow-backend\x07pi\x0b2\routers\revenue.py'
2025-11-05 11:13:28,953 - __main__ - INFO - Parsing file: guided-workflow-backendpi2outersevenue.py
2025-11-05 11:13:28,954 - __main__ - ERROR - Error parsing guided-workflow-backendpi2outersevenue.py: [Errno 22] Invalid argument: 'guided-workflow-backend\x07pi\x0b2\routers\revenue.py'
2025-11-05 11:13:28,957 - __main__ - INFO - Parsing file: guided-workflow-backendpi2outersevenue.py
2025-11-05 11:13:28,964 - __main__ - ERROR - Error parsing guided-workflow-backendpi2outersevenue.py: [Errno 22] Invalid argument: 'guided-workflow-backend\x07pi\x0b2\routers\revenue.py'
2025-11-05 11:13:28,966 - __main__ - INFO - Parsing file: guided-workflow-backendpi2outersevenue.py
2025-11-05 11:13:28,968 - __main__ - ERROR - Error parsing guided-workflow-backendpi2outersevenue.py: [Errno 22] Invalid argument: 'guided-workflow-backend\x07pi\x0b2\routers\revenue.py'
2025-11-05 11:13:28,973 - __main__ - INFO - Parsing file: guided-workflow-backendpi2outersevenue.py
2025-11-05 11:13:28,981 - __main__ - ERROR - Error parsing guided-workflow-backendpi2outersevenue.py: [Errno 22] Invalid argument: 'guided-workflow-backend\x07pi\x0b2\routers\revenue.py'
2025-11-05 11:13:28,983 - __main__ - INFO - Parsing file: guided-workflow-backendpi2outersevenue.py
2025-11-05 11:13:28,984 - __main__ - ERROR - Error parsing guided-workflow-backendpi2outersevenue.py: [Errno 22] Invalid argument: 'guided-workflow-backend\x07pi\x0b2\routers\revenue.py'
2025-11-05 11:13:28,986 - __main__ - INFO - Parsing file: guided-workflow-backendpi2outersevenue.py
2025-11-05 11:13:28,987 - __main__ - ERROR - Error parsing guided-workflow-backendpi2outersevenue.py: [Errno 22] Invalid argument: 'guided-workflow-backend\x07pi\x0b2\routers\revenue.py'
2025-11-05 11:13:28,990 - __main__ - INFO - Parsing file: guided-workflow-backendpi2outersevenue.py
2025-11-05 11:13:28,995 - __main__ - ERROR - Error parsing guided-workflow-backendpi2outersevenue.py: [Errno 22] Invalid argument: 'guided-workflow-backend\x07pi\x0b2\routers\revenue.py'
2025-11-05 11:13:28,998 - __main__ - INFO - Parsing file: guided-workflow-backendpi2outersevenue.py
2025-11-05 11:13:28,999 - __main__ - ERROR - Error parsing guided-workflow-backendpi2outersevenue.py: [Errno 22] Invalid argument: 'guided-workflow-backend\x07pi\x0b2\routers\revenue.py'
2025-11-05 11:13:29,000 - __main__ - INFO - Parsing file: guided-workflow-backendpi2outersevenue.py
2025-11-05 11:13:29,001 - __main__ - ERROR - Error parsing guided-workflow-backendpi2outersevenue.py: [Errno 22] Invalid argument: 'guided-workflow-backend\x07pi\x0b2\routers\revenue.py'
2025-11-05 11:13:29,003 - __main__ - INFO - Parsing file: guided-workflow-backendpi2outersevenue.py
2025-11-05 11:13:29,004 - __main__ - ERROR - Error parsing guided-workflow-backendpi2outersevenue.py: [Errno 22] Invalid argument: 'guided-workflow-backend\x07pi\x0b2\routers\revenue.py'
2025-11-05 11:13:29,004 - __main__ - INFO - Parsing file: guided-workflow-backendpi2outersevenue.py
2025-11-05 11:13:29,005 - __main__ - ERROR - Error parsing guided-workflow-backendpi2outersevenue.py: [Errno 22] Invalid argument: 'guided-workflow-backend\x07pi\x0b2\routers\revenue.py'
2025-11-05 11:13:29,005 - __main__ - INFO - Parsing file: guided-workflow-backendpi2outersevenue.py
2025-11-05 11:13:29,006 - __main__ - ERROR - Error parsing guided-workflow-backendpi2outersevenue.py: [Errno 22] Invalid argument: 'guided-workflow-backend\x07pi\x0b2\routers\revenue.py'
2025-11-05 11:13:29,022 - __main__ - INFO - Parsing file: guided-workflow-backendpi2outersevenue.py
2025-11-05 11:13:29,063 - __main__ - ERROR - Error parsing guided-workflow-backendpi2outersevenue.py: [Errno 22] Invalid argument: 'guided-workflow-backend\x07pi\x0b2\routers\revenue.py'
2025-11-05 11:13:29,089 - __main__ - INFO - Parsing file: guided-workflow-backendpi2outersevenue.py
2025-11-05 11:13:29,092 - __main__ - ERROR - Error parsing guided-workflow-backendpi2outersevenue.py: [Errno 22] Invalid argument: 'guided-workflow-backend\x07pi\x0b2\routers\revenue.py'
2025-11-05 11:13:29,093 - __main__ - INFO - Parsing file: guided-workflow-backendpi2outersevenue.py
2025-11-05 11:13:29,096 - __main__ - ERROR - Error parsing guided-workflow-backendpi2outersevenue.py: [Errno 22] Invalid argument: 'guided-workflow-backend\x07pi\x0b2\routers\revenue.py'
2025-11-05 11:13:29,101 - __main__ - INFO - Parsing file: guided-workflow-backendpi2outersevenue.py
2025-11-05 11:13:29,104 - __main__ - ERROR - Error parsing guided-workflow-backendpi2outersevenue.py: [Errno 22] Invalid argument: 'guided-workflow-backend\x07pi\x0b2\routers\revenue.py'
2025-11-05 11:13:29,106 - __main__ - INFO - Parsing file: guided-workflow-backendpi2outersevenue.py
2025-11-05 11:13:29,110 - __main__ - ERROR - Error parsing guided-workflow-backendpi2outersevenue.py: [Errno 22] Invalid argument: 'guided-workflow-backend\x07pi\x0b2\routers\revenue.py'
2025-11-05 11:13:29,112 - __main__ - INFO - Parsing file: guided-workflow-backendpi2outersevenue.py
2025-11-05 11:13:29,114 - __main__ - ERROR - Error parsing guided-workflow-backendpi2outersevenue.py: [Errno 22] Invalid argument: 'guided-workflow-backend\x07pi\x0b2\routers\revenue.py'
2025-11-05 11:13:29,117 - __main__ - INFO -    Found 0 backend routes
2025-11-05 11:13:29,119 - __main__ - INFO -    Routes with tables: 0
2025-11-05 11:13:29,120 - __main__ - INFO - 
3. Creating mappings...
2025-11-05 11:13:29,121 - __main__ - INFO - 
4. Generating reports...
2025-11-05 11:13:29,146 - __main__ - INFO -    Generated: mapping.csv.csv
2025-11-05 11:13:29,147 - __main__ - INFO - 
API MAPPING SUMMARY
2025-11-05 11:13:29,149 - __main__ - INFO - ==================================================
2025-11-05 11:13:29,150 - __main__ - INFO - Total Frontend Calls: 174
2025-11-05 11:13:29,153 - __main__ - INFO - Matched:              0 (0.0%)
2025-11-05 11:13:29,154 - __main__ - INFO - Unmatched:            174 (100.0%)
2025-11-05 11:13:29,156 - __main__ - INFO - With Tables:          0 (0.0%)
2025-11-05 11:13:29,157 - __main__ - INFO - With Response Models: 0 (0.0%)
2025-11-05 11:13:29,157 - __main__ - INFO - 
Sample Table Mappings:
2025-11-05 11:13:29,158 - __main__ - INFO - ------------------------------
2025-11-05 11:13:29,165 - __main__ - INFO -   No table mappings found
2025-11-05 11:13:29,169 - __main__ - INFO - 
Sample Response Model Mappings:
2025-11-05 11:13:29,170 - __main__ - INFO - -----------------------------------
2025-11-05 11:13:29,170 - __main__ - INFO -   No response model mappings found
2025-11-05 11:14:27,334 - __main__ - INFO - Complete Frontend-Backend API Mapping Tool with Deep Table Analysis
2025-11-05 11:14:27,349 - __main__ - INFO - ======================================================================
2025-11-05 11:14:27,382 - __main__ - INFO - 
1. Analyzing frontend with complete patterns...
2025-11-05 11:14:28,820 - __main__ - INFO -    Found 174 frontend API calls
2025-11-05 11:14:28,858 - __main__ - INFO - 
2. Analyzing backend with deep table analysis...
2025-11-05 11:14:29,226 - __main__ - INFO - Found 86 known tables
2025-11-05 11:14:30,594 - __main__ - INFO - Collected 1270 function definitions
2025-11-05 11:14:30,630 - __main__ - INFO - Parsing file: guided-workflow-backend\api\v2\routers\revenue.py
2025-11-05 11:14:30,683 - __main__ - ERROR - Error parsing guided-workflow-backend\api\v2\routers\revenue.py: [Errno 2] No such file or directory: 'guided-workflow-backend\\api\\v2\\routers\\revenue.py'
2025-11-05 11:14:30,752 - __main__ - INFO - Parsing file: guided-workflow-backend\api\v2\routers\revenue.py
2025-11-05 11:14:30,793 - __main__ - ERROR - Error parsing guided-workflow-backend\api\v2\routers\revenue.py: [Errno 2] No such file or directory: 'guided-workflow-backend\\api\\v2\\routers\\revenue.py'
2025-11-05 11:14:30,840 - __main__ - INFO - Parsing file: guided-workflow-backend\api\v2\routers\revenue.py
2025-11-05 11:14:30,922 - __main__ - ERROR - Error parsing guided-workflow-backend\api\v2\routers\revenue.py: [Errno 2] No such file or directory: 'guided-workflow-backend\\api\\v2\\routers\\revenue.py'
2025-11-05 11:14:30,962 - __main__ - INFO - Parsing file: guided-workflow-backend\api\v2\routers\revenue.py
2025-11-05 11:14:31,026 - __main__ - ERROR - Error parsing guided-workflow-backend\api\v2\routers\revenue.py: [Errno 2] No such file or directory: 'guided-workflow-backend\\api\\v2\\routers\\revenue.py'
2025-11-05 11:14:31,030 - __main__ - INFO - Parsing file: guided-workflow-backend\api\v2\routers\revenue.py
2025-11-05 11:14:31,059 - __main__ - ERROR - Error parsing guided-workflow-backend\api\v2\routers\revenue.py: [Errno 2] No such file or directory: 'guided-workflow-backend\\api\\v2\\routers\\revenue.py'
2025-11-05 11:14:31,090 - __main__ - INFO - Parsing file: guided-workflow-backend\api\v2\routers\revenue.py
2025-11-05 11:14:31,124 - __main__ - ERROR - Error parsing guided-workflow-backend\api\v2\routers\revenue.py: [Errno 2] No such file or directory: 'guided-workflow-backend\\api\\v2\\routers\\revenue.py'
2025-11-05 11:14:31,235 - __main__ - INFO - Parsing file: guided-workflow-backend\api\v2\routers\revenue.py
2025-11-05 11:14:31,356 - __main__ - ERROR - Error parsing guided-workflow-backend\api\v2\routers\revenue.py: [Errno 2] No such file or directory: 'guided-workflow-backend\\api\\v2\\routers\\revenue.py'
2025-11-05 11:14:31,471 - __main__ - INFO - Parsing file: guided-workflow-backend\api\v2\routers\revenue.py
2025-11-05 11:14:31,505 - __main__ - ERROR - Error parsing guided-workflow-backend\api\v2\routers\revenue.py: [Errno 2] No such file or directory: 'guided-workflow-backend\\api\\v2\\routers\\revenue.py'
2025-11-05 11:14:31,540 - __main__ - INFO - Parsing file: guided-workflow-backend\api\v2\routers\revenue.py
2025-11-05 11:14:31,575 - __main__ - ERROR - Error parsing guided-workflow-backend\api\v2\routers\revenue.py: [Errno 2] No such file or directory: 'guided-workflow-backend\\api\\v2\\routers\\revenue.py'
2025-11-05 11:14:31,591 - __main__ - INFO - Parsing file: guided-workflow-backend\api\v2\routers\revenue.py
2025-11-05 11:14:31,602 - __main__ - ERROR - Error parsing guided-workflow-backend\api\v2\routers\revenue.py: [Errno 2] No such file or directory: 'guided-workflow-backend\\api\\v2\\routers\\revenue.py'
2025-11-05 11:14:31,641 - __main__ - INFO - Parsing file: guided-workflow-backend\api\v2\routers\revenue.py
2025-11-05 11:14:31,671 - __main__ - ERROR - Error parsing guided-workflow-backend\api\v2\routers\revenue.py: [Errno 2] No such file or directory: 'guided-workflow-backend\\api\\v2\\routers\\revenue.py'
2025-11-05 11:14:31,684 - __main__ - INFO - Parsing file: guided-workflow-backend\api\v2\routers\revenue.py
2025-11-05 11:14:31,685 - __main__ - ERROR - Error parsing guided-workflow-backend\api\v2\routers\revenue.py: [Errno 2] No such file or directory: 'guided-workflow-backend\\api\\v2\\routers\\revenue.py'
2025-11-05 11:14:31,686 - __main__ - INFO - Parsing file: guided-workflow-backend\api\v2\routers\revenue.py
2025-11-05 11:14:31,727 - __main__ - ERROR - Error parsing guided-workflow-backend\api\v2\routers\revenue.py: [Errno 2] No such file or directory: 'guided-workflow-backend\\api\\v2\\routers\\revenue.py'
2025-11-05 11:14:31,729 - __main__ - INFO - Parsing file: guided-workflow-backend\api\v2\routers\revenue.py
2025-11-05 11:14:31,777 - __main__ - ERROR - Error parsing guided-workflow-backend\api\v2\routers\revenue.py: [Errno 2] No such file or directory: 'guided-workflow-backend\\api\\v2\\routers\\revenue.py'
2025-11-05 11:14:31,793 - __main__ - INFO - Parsing file: guided-workflow-backend\api\v2\routers\revenue.py
2025-11-05 11:14:31,822 - __main__ - ERROR - Error parsing guided-workflow-backend\api\v2\routers\revenue.py: [Errno 2] No such file or directory: 'guided-workflow-backend\\api\\v2\\routers\\revenue.py'
2025-11-05 11:14:31,863 - __main__ - INFO - Parsing file: guided-workflow-backend\api\v2\routers\revenue.py
2025-11-05 11:14:31,905 - __main__ - ERROR - Error parsing guided-workflow-backend\api\v2\routers\revenue.py: [Errno 2] No such file or directory: 'guided-workflow-backend\\api\\v2\\routers\\revenue.py'
2025-11-05 11:14:31,946 - __main__ - INFO - Parsing file: guided-workflow-backend\api\v2\routers\revenue.py
2025-11-05 11:14:31,982 - __main__ - ERROR - Error parsing guided-workflow-backend\api\v2\routers\revenue.py: [Errno 2] No such file or directory: 'guided-workflow-backend\\api\\v2\\routers\\revenue.py'
2025-11-05 11:14:32,023 - __main__ - INFO - Parsing file: guided-workflow-backend\api\v2\routers\revenue.py
2025-11-05 11:14:32,066 - __main__ - ERROR - Error parsing guided-workflow-backend\api\v2\routers\revenue.py: [Errno 2] No such file or directory: 'guided-workflow-backend\\api\\v2\\routers\\revenue.py'
2025-11-05 11:14:32,136 - __main__ - INFO - Parsing file: guided-workflow-backend\api\v2\routers\revenue.py
2025-11-05 11:14:32,215 - __main__ - ERROR - Error parsing guided-workflow-backend\api\v2\routers\revenue.py: [Errno 2] No such file or directory: 'guided-workflow-backend\\api\\v2\\routers\\revenue.py'
2025-11-05 11:14:32,274 - __main__ - INFO - Parsing file: guided-workflow-backend\api\v2\routers\revenue.py
2025-11-05 11:14:32,313 - __main__ - ERROR - Error parsing guided-workflow-backend\api\v2\routers\revenue.py: [Errno 2] No such file or directory: 'guided-workflow-backend\\api\\v2\\routers\\revenue.py'
2025-11-05 11:14:32,345 - __main__ - INFO - Parsing file: guided-workflow-backend\api\v2\routers\revenue.py
2025-11-05 11:14:32,398 - __main__ - ERROR - Error parsing guided-workflow-backend\api\v2\routers\revenue.py: [Errno 2] No such file or directory: 'guided-workflow-backend\\api\\v2\\routers\\revenue.py'
2025-11-05 11:14:32,409 - __main__ - INFO - Parsing file: guided-workflow-backend\api\v2\routers\revenue.py
2025-11-05 11:14:32,411 - __main__ - ERROR - Error parsing guided-workflow-backend\api\v2\routers\revenue.py: [Errno 2] No such file or directory: 'guided-workflow-backend\\api\\v2\\routers\\revenue.py'
2025-11-05 11:14:32,412 - __main__ - INFO - Parsing file: guided-workflow-backend\api\v2\routers\revenue.py
2025-11-05 11:14:32,468 - __main__ - ERROR - Error parsing guided-workflow-backend\api\v2\routers\revenue.py: [Errno 2] No such file or directory: 'guided-workflow-backend\\api\\v2\\routers\\revenue.py'
2025-11-05 11:14:32,524 - __main__ - INFO - Parsing file: guided-workflow-backend\api\v2\routers\revenue.py
2025-11-05 11:14:32,562 - __main__ - ERROR - Error parsing guided-workflow-backend\api\v2\routers\revenue.py: [Errno 2] No such file or directory: 'guided-workflow-backend\\api\\v2\\routers\\revenue.py'
2025-11-05 11:14:32,675 - __main__ - INFO - Parsing file: guided-workflow-backend\api\v2\routers\revenue.py
2025-11-05 11:14:32,748 - __main__ - ERROR - Error parsing guided-workflow-backend\api\v2\routers\revenue.py: [Errno 2] No such file or directory: 'guided-workflow-backend\\api\\v2\\routers\\revenue.py'
2025-11-05 11:14:32,823 - __main__ - INFO - Parsing file: guided-workflow-backend\api\v2\routers\revenue.py
2025-11-05 11:14:32,873 - __main__ - ERROR - Error parsing guided-workflow-backend\api\v2\routers\revenue.py: [Errno 2] No such file or directory: 'guided-workflow-backend\\api\\v2\\routers\\revenue.py'
2025-11-05 11:14:32,986 - __main__ - INFO - Parsing file: guided-workflow-backend\api\v2\routers\revenue.py
2025-11-05 11:14:33,075 - __main__ - ERROR - Error parsing guided-workflow-backend\api\v2\routers\revenue.py: [Errno 2] No such file or directory: 'guided-workflow-backend\\api\\v2\\routers\\revenue.py'
2025-11-05 11:14:33,135 - __main__ - INFO - Parsing file: guided-workflow-backend\api\v2\routers\revenue.py
2025-11-05 11:14:33,156 - __main__ - ERROR - Error parsing guided-workflow-backend\api\v2\routers\revenue.py: [Errno 2] No such file or directory: 'guided-workflow-backend\\api\\v2\\routers\\revenue.py'
2025-11-05 11:14:33,185 - __main__ - INFO - Parsing file: guided-workflow-backend\api\v2\routers\revenue.py
2025-11-05 11:14:33,229 - __main__ - ERROR - Error parsing guided-workflow-backend\api\v2\routers\revenue.py: [Errno 2] No such file or directory: 'guided-workflow-backend\\api\\v2\\routers\\revenue.py'
2025-11-05 11:14:33,247 - __main__ - INFO - Parsing file: guided-workflow-backend\api\v2\routers\revenue.py
2025-11-05 11:14:33,263 - __main__ - ERROR - Error parsing guided-workflow-backend\api\v2\routers\revenue.py: [Errno 2] No such file or directory: 'guided-workflow-backend\\api\\v2\\routers\\revenue.py'
2025-11-05 11:14:33,318 - __main__ - INFO - Parsing file: guided-workflow-backend\api\v2\routers\revenue.py
2025-11-05 11:14:33,332 - __main__ - ERROR - Error parsing guided-workflow-backend\api\v2\routers\revenue.py: [Errno 2] No such file or directory: 'guided-workflow-backend\\api\\v2\\routers\\revenue.py'
2025-11-05 11:14:33,339 - __main__ - INFO - Parsing file: guided-workflow-backend\api\v2\routers\revenue.py
2025-11-05 11:14:33,343 - __main__ - ERROR - Error parsing guided-workflow-backend\api\v2\routers\revenue.py: [Errno 2] No such file or directory: 'guided-workflow-backend\\api\\v2\\routers\\revenue.py'
2025-11-05 11:14:33,381 - __main__ - INFO - Parsing file: guided-workflow-backend\api\v2\routers\revenue.py
2025-11-05 11:14:33,428 - __main__ - ERROR - Error parsing guided-workflow-backend\api\v2\routers\revenue.py: [Errno 2] No such file or directory: 'guided-workflow-backend\\api\\v2\\routers\\revenue.py'
2025-11-05 11:14:33,464 - __main__ - INFO - Parsing file: guided-workflow-backend\api\v2\routers\revenue.py
2025-11-05 11:14:33,494 - __main__ - ERROR - Error parsing guided-workflow-backend\api\v2\routers\revenue.py: [Errno 2] No such file or directory: 'guided-workflow-backend\\api\\v2\\routers\\revenue.py'
2025-11-05 11:14:33,509 - __main__ - INFO - Parsing file: guided-workflow-backend\api\v2\routers\revenue.py
2025-11-05 11:14:33,530 - __main__ - ERROR - Error parsing guided-workflow-backend\api\v2\routers\revenue.py: [Errno 2] No such file or directory: 'guided-workflow-backend\\api\\v2\\routers\\revenue.py'
2025-11-05 11:14:33,596 - __main__ - INFO - Parsing file: guided-workflow-backend\api\v2\routers\revenue.py
2025-11-05 11:14:33,668 - __main__ - ERROR - Error parsing guided-workflow-backend\api\v2\routers\revenue.py: [Errno 2] No such file or directory: 'guided-workflow-backend\\api\\v2\\routers\\revenue.py'
2025-11-05 11:14:33,711 - __main__ - INFO - Parsing file: guided-workflow-backend\api\v2\routers\revenue.py
2025-11-05 11:14:33,778 - __main__ - ERROR - Error parsing guided-workflow-backend\api\v2\routers\revenue.py: [Errno 2] No such file or directory: 'guided-workflow-backend\\api\\v2\\routers\\revenue.py'
2025-11-05 11:14:33,806 - __main__ - INFO - Parsing file: guided-workflow-backend\api\v2\routers\revenue.py
2025-11-05 11:14:33,871 - __main__ - ERROR - Error parsing guided-workflow-backend\api\v2\routers\revenue.py: [Errno 2] No such file or directory: 'guided-workflow-backend\\api\\v2\\routers\\revenue.py'
2025-11-05 11:14:33,988 - __main__ - INFO - Parsing file: guided-workflow-backend\api\v2\routers\revenue.py
2025-11-05 11:14:34,073 - __main__ - ERROR - Error parsing guided-workflow-backend\api\v2\routers\revenue.py: [Errno 2] No such file or directory: 'guided-workflow-backend\\api\\v2\\routers\\revenue.py'
2025-11-05 11:14:34,146 - __main__ - INFO - Parsing file: guided-workflow-backend\api\v2\routers\revenue.py
2025-11-05 11:14:34,226 - __main__ - ERROR - Error parsing guided-workflow-backend\api\v2\routers\revenue.py: [Errno 2] No such file or directory: 'guided-workflow-backend\\api\\v2\\routers\\revenue.py'
2025-11-05 11:14:34,328 - __main__ - INFO - Parsing file: guided-workflow-backend\api\v2\routers\revenue.py
2025-11-05 11:14:34,393 - __main__ - ERROR - Error parsing guided-workflow-backend\api\v2\routers\revenue.py: [Errno 2] No such file or directory: 'guided-workflow-backend\\api\\v2\\routers\\revenue.py'
2025-11-05 11:14:34,462 - __main__ - INFO - Parsing file: guided-workflow-backend\api\v2\routers\revenue.py
2025-11-05 11:14:34,465 - __main__ - ERROR - Error parsing guided-workflow-backend\api\v2\routers\revenue.py: [Errno 2] No such file or directory: 'guided-workflow-backend\\api\\v2\\routers\\revenue.py'
2025-11-05 11:14:34,465 - __main__ - INFO - Parsing file: guided-workflow-backend\api\v2\routers\revenue.py
2025-11-05 11:14:34,466 - __main__ - ERROR - Error parsing guided-workflow-backend\api\v2\routers\revenue.py: [Errno 2] No such file or directory: 'guided-workflow-backend\\api\\v2\\routers\\revenue.py'
2025-11-05 11:14:34,466 - __main__ - INFO - Parsing file: guided-workflow-backend\api\v2\routers\revenue.py
2025-11-05 11:14:34,565 - __main__ - ERROR - Error parsing guided-workflow-backend\api\v2\routers\revenue.py: [Errno 2] No such file or directory: 'guided-workflow-backend\\api\\v2\\routers\\revenue.py'
2025-11-05 11:14:34,654 - __main__ - INFO - Parsing file: guided-workflow-backend\api\v2\routers\revenue.py
2025-11-05 11:14:34,749 - __main__ - ERROR - Error parsing guided-workflow-backend\api\v2\routers\revenue.py: [Errno 2] No such file or directory: 'guided-workflow-backend\\api\\v2\\routers\\revenue.py'
2025-11-05 11:14:34,854 - __main__ - INFO - Parsing file: guided-workflow-backend\api\v2\routers\revenue.py
2025-11-05 11:14:34,938 - __main__ - ERROR - Error parsing guided-workflow-backend\api\v2\routers\revenue.py: [Errno 2] No such file or directory: 'guided-workflow-backend\\api\\v2\\routers\\revenue.py'
2025-11-05 11:14:35,024 - __main__ - INFO - Parsing file: guided-workflow-backend\api\v2\routers\revenue.py
2025-11-05 11:14:35,136 - __main__ - ERROR - Error parsing guided-workflow-backend\api\v2\routers\revenue.py: [Errno 2] No such file or directory: 'guided-workflow-backend\\api\\v2\\routers\\revenue.py'
2025-11-05 11:14:35,155 - __main__ - INFO -    Found 0 backend routes
2025-11-05 11:14:35,181 - __main__ - INFO -    Routes with tables: 0
2025-11-05 11:14:35,215 - __main__ - INFO - 
3. Creating mappings...
2025-11-05 11:14:35,218 - __main__ - INFO - 
4. Generating reports...
2025-11-05 11:14:35,231 - __main__ - INFO -    Generated: mapping.csv.csv
2025-11-05 11:14:35,241 - __main__ - INFO - 
API MAPPING SUMMARY
2025-11-05 11:14:35,269 - __main__ - INFO - ==================================================
2025-11-05 11:14:35,308 - __main__ - INFO - Total Frontend Calls: 174
2025-11-05 11:14:35,334 - __main__ - INFO - Matched:              0 (0.0%)
2025-11-05 11:14:35,334 - __main__ - INFO - Unmatched:            174 (100.0%)
2025-11-05 11:14:35,335 - __main__ - INFO - With Tables:          0 (0.0%)
2025-11-05 11:14:35,358 - __main__ - INFO - With Response Models: 0 (0.0%)
2025-11-05 11:14:35,399 - __main__ - INFO - 
Sample Table Mappings:
2025-11-05 11:14:35,413 - __main__ - INFO - ------------------------------
2025-11-05 11:14:35,451 - __main__ - INFO -   No table mappings found
2025-11-05 11:14:35,497 - __main__ - INFO - 
Sample Response Model Mappings:
2025-11-05 11:14:35,535 - __main__ - INFO - -----------------------------------
2025-11-05 11:14:35,554 - __main__ - INFO -   No response model mappings found
2025-11-05 11:15:03,284 - __main__ - INFO - Complete Frontend-Backend API Mapping Tool with Deep Table Analysis
2025-11-05 11:15:03,285 - __main__ - INFO - ======================================================================
2025-11-05 11:15:03,285 - __main__ - INFO - 
1. Analyzing frontend with complete patterns...
2025-11-05 11:15:03,613 - __main__ - INFO -    Found 174 frontend API calls
2025-11-05 11:15:03,613 - __main__ - INFO - 
2. Analyzing backend with deep table analysis...
2025-11-05 11:15:03,699 - __main__ - INFO - Found 86 known tables
2025-11-05 11:15:04,046 - __main__ - INFO - Collected 1270 function definitions
2025-11-05 11:15:04,047 - __main__ - INFO - Parsing file: guided-workflow-backend\api\v2\routers\revenue.py
2025-11-05 11:15:04,048 - __main__ - ERROR - Error parsing guided-workflow-backend\api\v2\routers\revenue.py: [Errno 2] No such file or directory: 'guided-workflow-backend\\api\\v2\\routers\\revenue.py'
2025-11-05 11:15:04,048 - __main__ - INFO - Parsing file: guided-workflow-backend\api\v2\routers\revenue.py
2025-11-05 11:15:04,048 - __main__ - ERROR - Error parsing guided-workflow-backend\api\v2\routers\revenue.py: [Errno 2] No such file or directory: 'guided-workflow-backend\\api\\v2\\routers\\revenue.py'
2025-11-05 11:15:04,048 - __main__ - INFO - Parsing file: guided-workflow-backend\api\v2\routers\revenue.py
2025-11-05 11:15:04,049 - __main__ - ERROR - Error parsing guided-workflow-backend\api\v2\routers\revenue.py: [Errno 2] No such file or directory: 'guided-workflow-backend\\api\\v2\\routers\\revenue.py'
2025-11-05 11:15:04,049 - __main__ - INFO - Parsing file: guided-workflow-backend\api\v2\routers\revenue.py
2025-11-05 11:15:04,049 - __main__ - ERROR - Error parsing guided-workflow-backend\api\v2\routers\revenue.py: [Errno 2] No such file or directory: 'guided-workflow-backend\\api\\v2\\routers\\revenue.py'
2025-11-05 11:15:04,049 - __main__ - INFO - Parsing file: guided-workflow-backend\api\v2\routers\revenue.py
2025-11-05 11:15:04,050 - __main__ - ERROR - Error parsing guided-workflow-backend\api\v2\routers\revenue.py: [Errno 2] No such file or directory: 'guided-workflow-backend\\api\\v2\\routers\\revenue.py'
2025-11-05 11:15:04,050 - __main__ - INFO - Parsing file: guided-workflow-backend\api\v2\routers\revenue.py
2025-11-05 11:15:04,050 - __main__ - ERROR - Error parsing guided-workflow-backend\api\v2\routers\revenue.py: [Errno 2] No such file or directory: 'guided-workflow-backend\\api\\v2\\routers\\revenue.py'
2025-11-05 11:15:04,050 - __main__ - INFO - Parsing file: guided-workflow-backend\api\v2\routers\revenue.py
2025-11-05 11:15:04,050 - __main__ - ERROR - Error parsing guided-workflow-backend\api\v2\routers\revenue.py: [Errno 2] No such file or directory: 'guided-workflow-backend\\api\\v2\\routers\\revenue.py'
2025-11-05 11:15:04,051 - __main__ - INFO - Parsing file: guided-workflow-backend\api\v2\routers\revenue.py
2025-11-05 11:15:04,051 - __main__ - ERROR - Error parsing guided-workflow-backend\api\v2\routers\revenue.py: [Errno 2] No such file or directory: 'guided-workflow-backend\\api\\v2\\routers\\revenue.py'
2025-11-05 11:15:04,051 - __main__ - INFO - Parsing file: guided-workflow-backend\api\v2\routers\revenue.py
2025-11-05 11:15:04,052 - __main__ - ERROR - Error parsing guided-workflow-backend\api\v2\routers\revenue.py: [Errno 2] No such file or directory: 'guided-workflow-backend\\api\\v2\\routers\\revenue.py'
2025-11-05 11:15:04,052 - __main__ - INFO - Parsing file: guided-workflow-backend\api\v2\routers\revenue.py
2025-11-05 11:15:04,052 - __main__ - ERROR - Error parsing guided-workflow-backend\api\v2\routers\revenue.py: [Errno 2] No such file or directory: 'guided-workflow-backend\\api\\v2\\routers\\revenue.py'
2025-11-05 11:15:04,052 - __main__ - INFO - Parsing file: guided-workflow-backend\api\v2\routers\revenue.py
2025-11-05 11:15:04,052 - __main__ - ERROR - Error parsing guided-workflow-backend\api\v2\routers\revenue.py: [Errno 2] No such file or directory: 'guided-workflow-backend\\api\\v2\\routers\\revenue.py'
2025-11-05 11:15:04,053 - __main__ - INFO - Parsing file: guided-workflow-backend\api\v2\routers\revenue.py
2025-11-05 11:15:04,053 - __main__ - ERROR - Error parsing guided-workflow-backend\api\v2\routers\revenue.py: [Errno 2] No such file or directory: 'guided-workflow-backend\\api\\v2\\routers\\revenue.py'
2025-11-05 11:15:04,053 - __main__ - INFO - Parsing file: guided-workflow-backend\api\v2\routers\revenue.py
2025-11-05 11:15:04,054 - __main__ - ERROR - Error parsing guided-workflow-backend\api\v2\routers\revenue.py: [Errno 2] No such file or directory: 'guided-workflow-backend\\api\\v2\\routers\\revenue.py'
2025-11-05 11:15:04,054 - __main__ - INFO - Parsing file: guided-workflow-backend\api\v2\routers\revenue.py
2025-11-05 11:15:04,054 - __main__ - ERROR - Error parsing guided-workflow-backend\api\v2\routers\revenue.py: [Errno 2] No such file or directory: 'guided-workflow-backend\\api\\v2\\routers\\revenue.py'
2025-11-05 11:15:04,054 - __main__ - INFO - Parsing file: guided-workflow-backend\api\v2\routers\revenue.py
2025-11-05 11:15:04,054 - __main__ - ERROR - Error parsing guided-workflow-backend\api\v2\routers\revenue.py: [Errno 2] No such file or directory: 'guided-workflow-backend\\api\\v2\\routers\\revenue.py'
2025-11-05 11:15:04,055 - __main__ - INFO - Parsing file: guided-workflow-backend\api\v2\routers\revenue.py
2025-11-05 11:15:04,055 - __main__ - ERROR - Error parsing guided-workflow-backend\api\v2\routers\revenue.py: [Errno 2] No such file or directory: 'guided-workflow-backend\\api\\v2\\routers\\revenue.py'
2025-11-05 11:15:04,056 - __main__ - INFO - Parsing file: guided-workflow-backend\api\v2\routers\revenue.py
2025-11-05 11:15:04,056 - __main__ - ERROR - Error parsing guided-workflow-backend\api\v2\routers\revenue.py: [Errno 2] No such file or directory: 'guided-workflow-backend\\api\\v2\\routers\\revenue.py'
2025-11-05 11:15:04,056 - __main__ - INFO - Parsing file: guided-workflow-backend\api\v2\routers\revenue.py
2025-11-05 11:15:04,057 - __main__ - ERROR - Error parsing guided-workflow-backend\api\v2\routers\revenue.py: [Errno 2] No such file or directory: 'guided-workflow-backend\\api\\v2\\routers\\revenue.py'
2025-11-05 11:15:04,057 - __main__ - INFO - Parsing file: guided-workflow-backend\api\v2\routers\revenue.py
2025-11-05 11:15:04,057 - __main__ - ERROR - Error parsing guided-workflow-backend\api\v2\routers\revenue.py: [Errno 2] No such file or directory: 'guided-workflow-backend\\api\\v2\\routers\\revenue.py'
2025-11-05 11:15:04,057 - __main__ - INFO - Parsing file: guided-workflow-backend\api\v2\routers\revenue.py
2025-11-05 11:15:04,058 - __main__ - ERROR - Error parsing guided-workflow-backend\api\v2\routers\revenue.py: [Errno 2] No such file or directory: 'guided-workflow-backend\\api\\v2\\routers\\revenue.py'
2025-11-05 11:15:04,058 - __main__ - INFO - Parsing file: guided-workflow-backend\api\v2\routers\revenue.py
2025-11-05 11:15:04,058 - __main__ - ERROR - Error parsing guided-workflow-backend\api\v2\routers\revenue.py: [Errno 2] No such file or directory: 'guided-workflow-backend\\api\\v2\\routers\\revenue.py'
2025-11-05 11:15:04,058 - __main__ - INFO - Parsing file: guided-workflow-backend\api\v2\routers\revenue.py
2025-11-05 11:15:04,059 - __main__ - ERROR - Error parsing guided-workflow-backend\api\v2\routers\revenue.py: [Errno 2] No such file or directory: 'guided-workflow-backend\\api\\v2\\routers\\revenue.py'
2025-11-05 11:15:04,059 - __main__ - INFO - Parsing file: guided-workflow-backend\api\v2\routers\revenue.py
2025-11-05 11:15:04,059 - __main__ - ERROR - Error parsing guided-workflow-backend\api\v2\routers\revenue.py: [Errno 2] No such file or directory: 'guided-workflow-backend\\api\\v2\\routers\\revenue.py'
2025-11-05 11:15:04,059 - __main__ - INFO - Parsing file: guided-workflow-backend\api\v2\routers\revenue.py
2025-11-05 11:15:04,059 - __main__ - ERROR - Error parsing guided-workflow-backend\api\v2\routers\revenue.py: [Errno 2] No such file or directory: 'guided-workflow-backend\\api\\v2\\routers\\revenue.py'
2025-11-05 11:15:04,060 - __main__ - INFO - Parsing file: guided-workflow-backend\api\v2\routers\revenue.py
2025-11-05 11:15:04,060 - __main__ - ERROR - Error parsing guided-workflow-backend\api\v2\routers\revenue.py: [Errno 2] No such file or directory: 'guided-workflow-backend\\api\\v2\\routers\\revenue.py'
2025-11-05 11:15:04,060 - __main__ - INFO - Parsing file: guided-workflow-backend\api\v2\routers\revenue.py
2025-11-05 11:15:04,061 - __main__ - ERROR - Error parsing guided-workflow-backend\api\v2\routers\revenue.py: [Errno 2] No such file or directory: 'guided-workflow-backend\\api\\v2\\routers\\revenue.py'
2025-11-05 11:15:04,061 - __main__ - INFO - Parsing file: guided-workflow-backend\api\v2\routers\revenue.py
2025-11-05 11:15:04,061 - __main__ - ERROR - Error parsing guided-workflow-backend\api\v2\routers\revenue.py: [Errno 2] No such file or directory: 'guided-workflow-backend\\api\\v2\\routers\\revenue.py'
2025-11-05 11:15:04,061 - __main__ - INFO - Parsing file: guided-workflow-backend\api\v2\routers\revenue.py
2025-11-05 11:15:04,062 - __main__ - ERROR - Error parsing guided-workflow-backend\api\v2\routers\revenue.py: [Errno 2] No such file or directory: 'guided-workflow-backend\\api\\v2\\routers\\revenue.py'
2025-11-05 11:15:04,062 - __main__ - INFO - Parsing file: guided-workflow-backend\api\v2\routers\revenue.py
2025-11-05 11:15:04,062 - __main__ - ERROR - Error parsing guided-workflow-backend\api\v2\routers\revenue.py: [Errno 2] No such file or directory: 'guided-workflow-backend\\api\\v2\\routers\\revenue.py'
2025-11-05 11:15:04,062 - __main__ - INFO - Parsing file: guided-workflow-backend\api\v2\routers\revenue.py
2025-11-05 11:15:04,063 - __main__ - ERROR - Error parsing guided-workflow-backend\api\v2\routers\revenue.py: [Errno 2] No such file or directory: 'guided-workflow-backend\\api\\v2\\routers\\revenue.py'
2025-11-05 11:15:04,063 - __main__ - INFO - Parsing file: guided-workflow-backend\api\v2\routers\revenue.py
2025-11-05 11:15:04,063 - __main__ - ERROR - Error parsing guided-workflow-backend\api\v2\routers\revenue.py: [Errno 2] No such file or directory: 'guided-workflow-backend\\api\\v2\\routers\\revenue.py'
2025-11-05 11:15:04,063 - __main__ - INFO - Parsing file: guided-workflow-backend\api\v2\routers\revenue.py
2025-11-05 11:15:04,064 - __main__ - ERROR - Error parsing guided-workflow-backend\api\v2\routers\revenue.py: [Errno 2] No such file or directory: 'guided-workflow-backend\\api\\v2\\routers\\revenue.py'
2025-11-05 11:15:04,064 - __main__ - INFO - Parsing file: guided-workflow-backend\api\v2\routers\revenue.py
2025-11-05 11:15:04,064 - __main__ - ERROR - Error parsing guided-workflow-backend\api\v2\routers\revenue.py: [Errno 2] No such file or directory: 'guided-workflow-backend\\api\\v2\\routers\\revenue.py'
2025-11-05 11:15:04,064 - __main__ - INFO - Parsing file: guided-workflow-backend\api\v2\routers\revenue.py
2025-11-05 11:15:04,065 - __main__ - ERROR - Error parsing guided-workflow-backend\api\v2\routers\revenue.py: [Errno 2] No such file or directory: 'guided-workflow-backend\\api\\v2\\routers\\revenue.py'
2025-11-05 11:15:04,065 - __main__ - INFO - Parsing file: guided-workflow-backend\api\v2\routers\revenue.py
2025-11-05 11:15:04,065 - __main__ - ERROR - Error parsing guided-workflow-backend\api\v2\routers\revenue.py: [Errno 2] No such file or directory: 'guided-workflow-backend\\api\\v2\\routers\\revenue.py'
2025-11-05 11:15:04,065 - __main__ - INFO - Parsing file: guided-workflow-backend\api\v2\routers\revenue.py
2025-11-05 11:15:04,066 - __main__ - ERROR - Error parsing guided-workflow-backend\api\v2\routers\revenue.py: [Errno 2] No such file or directory: 'guided-workflow-backend\\api\\v2\\routers\\revenue.py'
2025-11-05 11:15:04,066 - __main__ - INFO - Parsing file: guided-workflow-backend\api\v2\routers\revenue.py
2025-11-05 11:15:04,066 - __main__ - ERROR - Error parsing guided-workflow-backend\api\v2\routers\revenue.py: [Errno 2] No such file or directory: 'guided-workflow-backend\\api\\v2\\routers\\revenue.py'
2025-11-05 11:15:04,066 - __main__ - INFO - Parsing file: guided-workflow-backend\api\v2\routers\revenue.py
2025-11-05 11:15:04,067 - __main__ - ERROR - Error parsing guided-workflow-backend\api\v2\routers\revenue.py: [Errno 2] No such file or directory: 'guided-workflow-backend\\api\\v2\\routers\\revenue.py'
2025-11-05 11:15:04,067 - __main__ - INFO - Parsing file: guided-workflow-backend\api\v2\routers\revenue.py
2025-11-05 11:15:04,067 - __main__ - ERROR - Error parsing guided-workflow-backend\api\v2\routers\revenue.py: [Errno 2] No such file or directory: 'guided-workflow-backend\\api\\v2\\routers\\revenue.py'
2025-11-05 11:15:04,067 - __main__ - INFO - Parsing file: guided-workflow-backend\api\v2\routers\revenue.py
2025-11-05 11:15:04,068 - __main__ - ERROR - Error parsing guided-workflow-backend\api\v2\routers\revenue.py: [Errno 2] No such file or directory: 'guided-workflow-backend\\api\\v2\\routers\\revenue.py'
2025-11-05 11:15:04,068 - __main__ - INFO - Parsing file: guided-workflow-backend\api\v2\routers\revenue.py
2025-11-05 11:15:04,068 - __main__ - ERROR - Error parsing guided-workflow-backend\api\v2\routers\revenue.py: [Errno 2] No such file or directory: 'guided-workflow-backend\\api\\v2\\routers\\revenue.py'
2025-11-05 11:15:04,068 - __main__ - INFO - Parsing file: guided-workflow-backend\api\v2\routers\revenue.py
2025-11-05 11:15:04,069 - __main__ - ERROR - Error parsing guided-workflow-backend\api\v2\routers\revenue.py: [Errno 2] No such file or directory: 'guided-workflow-backend\\api\\v2\\routers\\revenue.py'
2025-11-05 11:15:04,069 - __main__ - INFO - Parsing file: guided-workflow-backend\api\v2\routers\revenue.py
2025-11-05 11:15:04,069 - __main__ - ERROR - Error parsing guided-workflow-backend\api\v2\routers\revenue.py: [Errno 2] No such file or directory: 'guided-workflow-backend\\api\\v2\\routers\\revenue.py'
2025-11-05 11:15:04,069 - __main__ - INFO - Parsing file: guided-workflow-backend\api\v2\routers\revenue.py
2025-11-05 11:15:04,069 - __main__ - ERROR - Error parsing guided-workflow-backend\api\v2\routers\revenue.py: [Errno 2] No such file or directory: 'guided-workflow-backend\\api\\v2\\routers\\revenue.py'
2025-11-05 11:15:04,070 - __main__ - INFO - Parsing file: guided-workflow-backend\api\v2\routers\revenue.py
2025-11-05 11:15:04,070 - __main__ - ERROR - Error parsing guided-workflow-backend\api\v2\routers\revenue.py: [Errno 2] No such file or directory: 'guided-workflow-backend\\api\\v2\\routers\\revenue.py'
2025-11-05 11:15:04,070 - __main__ - INFO - Parsing file: guided-workflow-backend\api\v2\routers\revenue.py
2025-11-05 11:15:04,070 - __main__ - ERROR - Error parsing guided-workflow-backend\api\v2\routers\revenue.py: [Errno 2] No such file or directory: 'guided-workflow-backend\\api\\v2\\routers\\revenue.py'
2025-11-05 11:15:04,070 - __main__ - INFO - Parsing file: guided-workflow-backend\api\v2\routers\revenue.py
2025-11-05 11:15:04,071 - __main__ - ERROR - Error parsing guided-workflow-backend\api\v2\routers\revenue.py: [Errno 2] No such file or directory: 'guided-workflow-backend\\api\\v2\\routers\\revenue.py'
2025-11-05 11:15:04,071 - __main__ - INFO -    Found 0 backend routes
2025-11-05 11:15:04,071 - __main__ - INFO -    Routes with tables: 0
2025-11-05 11:15:04,071 - __main__ - INFO - 
3. Creating mappings...
2025-11-05 11:15:04,072 - __main__ - INFO - 
4. Generating reports...
2025-11-05 11:15:04,074 - __main__ - INFO -    Generated: mapping.csv.csv
2025-11-05 11:15:04,074 - __main__ - INFO - 
API MAPPING SUMMARY
2025-11-05 11:15:04,074 - __main__ - INFO - ==================================================
2025-11-05 11:15:04,075 - __main__ - INFO - Total Frontend Calls: 174
2025-11-05 11:15:04,075 - __main__ - INFO - Matched:              0 (0.0%)
2025-11-05 11:15:04,075 - __main__ - INFO - Unmatched:            174 (100.0%)
2025-11-05 11:15:04,075 - __main__ - INFO - With Tables:          0 (0.0%)
2025-11-05 11:15:04,076 - __main__ - INFO - With Response Models: 0 (0.0%)
2025-11-05 11:15:04,076 - __main__ - INFO - 
Sample Table Mappings:
2025-11-05 11:15:04,076 - __main__ - INFO - ------------------------------
2025-11-05 11:15:04,076 - __main__ - INFO -   No table mappings found
2025-11-05 11:15:04,076 - __main__ - INFO - 
Sample Response Model Mappings:
2025-11-05 11:15:04,076 - __main__ - INFO - -----------------------------------
2025-11-05 11:15:04,077 - __main__ - INFO -   No response model mappings found
2025-11-05 11:15:13,174 - __main__ - INFO - Complete Frontend-Backend API Mapping Tool with Deep Table Analysis
2025-11-05 11:15:13,175 - __main__ - INFO - ======================================================================
2025-11-05 11:15:13,175 - __main__ - INFO - 
1. Analyzing frontend with complete patterns...
2025-11-05 11:15:13,692 - __main__ - INFO -    Found 174 frontend API calls
2025-11-05 11:15:13,702 - __main__ - INFO - 
2. Analyzing backend with deep table analysis...
2025-11-05 11:15:13,855 - __main__ - INFO - Found 86 known tables
2025-11-05 11:15:15,290 - __main__ - INFO - Collected 1270 function definitions
2025-11-05 11:15:15,350 - __main__ - INFO - Parsing file: guided-workflow-backend\api\v2\routers\announcements.py
2025-11-05 11:15:45,125 - __main__ - INFO - Parsing file: guided-workflow-backend\api\v2\routers\canvas.py
2025-11-05 11:15:52,306 - __main__ - INFO - Parsing file: guided-workflow-backend\api\v2\routers\contracts.py
2025-11-05 11:15:58,140 - __main__ - INFO - Parsing file: guided-workflow-backend\api\v2\routers\dc_types.py
2025-11-05 11:15:59,960 - __main__ - INFO - Parsing file: guided-workflow-backend\api\v2\routers\engagements.py
2025-11-05 11:16:02,621 - __main__ - INFO - Parsing file: guided-workflow-backend\api\v2\routers\file_management.py
2025-11-05 11:16:03,838 - __main__ - INFO - Parsing file: guided-workflow-backend\api\v2\routers\links.py
2025-11-05 11:16:07,267 - __main__ - INFO - Parsing file: guided-workflow-backend\api\v2\routers\stakeholders.py
2025-11-05 11:16:10,026 - __main__ - INFO - Parsing file: guided-workflow-backend\api\v2\routers\static.py
2025-11-05 11:16:11,292 - __main__ - INFO - Parsing file: guided-workflow-backend\api\v2\routers\tags.py
2025-11-05 11:16:15,905 - __main__ - INFO - Parsing file: guided-workflow-backend\api\v2\routers\tagsets.py
2025-11-05 11:16:20,612 - __main__ - INFO - Parsing file: guided-workflow-backend\api\v2\routers\thought_spot.py
2025-11-05 11:16:25,193 - __main__ - INFO - Parsing file: guided-workflow-backend\api\v2\routers\thought_spot_tag.py
2025-11-05 11:16:26,650 - __main__ - INFO - Parsing file: guided-workflow-backend\api\v2\routers\users.py
2025-11-05 11:16:28,869 - __main__ - INFO - Parsing file: guided-workflow-backend\api\v2\routers\user_defined_types.py
2025-11-05 11:16:33,187 - __main__ - INFO - Parsing file: guided-workflow-backend\api\v2\routers\admin\financial\contracts.py
2025-11-05 11:16:34,829 - __main__ - INFO - Parsing file: guided-workflow-backend\api\v2\routers\admin\financial\revenue.py
2025-11-05 11:16:37,614 - __main__ - INFO - Parsing file: guided-workflow-backend\api\v2\routers\admin\financial\unverified.py
2025-11-05 11:16:39,299 - __main__ - INFO - Parsing file: guided-workflow-backend\api\v2\routers\admin\financial\verified.py
2025-11-05 11:16:42,306 - __main__ - INFO - Parsing file: guided-workflow-backend\api\v2\routers\admin\sdp\deliverables.py
2025-11-05 11:16:46,449 - __main__ - INFO - Parsing file: guided-workflow-backend\api\v2\routers\admin\sdp\lifecycles.py
2025-11-05 11:16:48,894 - __main__ - INFO - Parsing file: guided-workflow-backend\api\v2\routers\admin\sdp\sdp.py
2025-11-05 11:16:50,147 - __main__ - INFO - Parsing file: guided-workflow-backend\api\v2\routers\admin\sdp\subtasks.py
2025-11-05 11:16:52,927 - __main__ - INFO - Parsing file: guided-workflow-backend\api\v2\routers\admin\sdp\tasks.py
2025-11-05 11:16:54,594 - __main__ - INFO - Parsing file: guided-workflow-backend\api\v2\routers\documentation\documentation.py
2025-11-05 11:16:57,204 - __main__ - INFO - Parsing file: guided-workflow-backend\api\v2\routers\manager\assignments.py
2025-11-05 11:17:00,056 - __main__ - INFO - Parsing file: guided-workflow-backend\api\v2\routers\manager\bookings.py
2025-11-05 11:17:00,866 - __main__ - INFO - Parsing file: guided-workflow-backend\api\v2\routers\manager\bookings_common.py
2025-11-05 11:17:06,077 - __main__ - INFO - Parsing file: guided-workflow-backend\api\v2\routers\manager\bookings_manager.py
2025-11-05 11:17:22,317 - __main__ - INFO - Parsing file: guided-workflow-backend\api\v2\routers\manager\pool_manager.py
2025-11-05 11:17:23,943 - __main__ - INFO - Parsing file: guided-workflow-backend\api\v2\routers\manager\sdp.py
2025-11-05 11:17:26,366 - __main__ - INFO - Parsing file: guided-workflow-backend\api\v2\routers\manager\super_customers.py
2025-11-05 11:17:29,786 - __main__ - INFO - Parsing file: guided-workflow-backend\api\v2\routers\manager\users.py
2025-11-05 11:17:34,115 - __main__ - INFO - Parsing file: guided-workflow-backend\api\v2\routers\sdp\completions.py
2025-11-05 11:17:36,817 - __main__ - INFO - Parsing file: guided-workflow-backend\api\v2\routers\sdp\deliverables.py
2025-11-05 11:17:38,301 - __main__ - INFO - Parsing file: guided-workflow-backend\api\v2\routers\sdp\time_tracking.py
2025-11-05 11:22:31,909 - __main__ - INFO - Complete Frontend-Backend API Mapping Tool with Deep Table Analysis
2025-11-05 11:22:31,910 - __main__ - INFO - ======================================================================
2025-11-05 11:22:31,910 - __main__ - INFO - 
1. Analyzing frontend with complete patterns...
2025-11-05 11:22:32,787 - __main__ - INFO -    Found 174 frontend API calls
2025-11-05 11:22:32,788 - __main__ - INFO - 
2. Analyzing backend with deep table analysis...
2025-11-05 11:22:33,022 - __main__ - INFO - Found 86 known tables
2025-11-05 11:22:34,258 - __main__ - INFO - Collected 1270 function definitions
2025-11-05 11:22:34,260 - __main__ - INFO - Parsing file: guided-workflow-backend\api\v2\routers\announcements.py
2025-11-05 11:22:54,499 - __main__ - INFO - Parsing file: guided-workflow-backend\api\v2\routers\canvas.py
2025-11-05 11:23:00,475 - __main__ - INFO - Parsing file: guided-workflow-backend\api\v2\routers\contracts.py
2025-11-05 11:23:03,455 - __main__ - INFO - Parsing file: guided-workflow-backend\api\v2\routers\dc_types.py
2025-11-05 11:23:04,439 - __main__ - INFO - Parsing file: guided-workflow-backend\api\v2\routers\engagements.py
2025-11-05 11:23:06,204 - __main__ - INFO - Parsing file: guided-workflow-backend\api\v2\routers\file_management.py
2025-11-05 11:23:07,279 - __main__ - INFO - Parsing file: guided-workflow-backend\api\v2\routers\links.py
2025-11-05 11:23:10,061 - __main__ - INFO - Parsing file: guided-workflow-backend\api\v2\routers\stakeholders.py
2025-11-05 11:23:11,818 - __main__ - INFO - Parsing file: guided-workflow-backend\api\v2\routers\static.py
2025-11-05 11:23:12,797 - __main__ - INFO - Parsing file: guided-workflow-backend\api\v2\routers\tags.py
2025-11-05 11:23:15,821 - __main__ - INFO - Parsing file: guided-workflow-backend\api\v2\routers\tagsets.py
2025-11-05 11:23:19,664 - __main__ - INFO - Parsing file: guided-workflow-backend\api\v2\routers\thought_spot.py
2025-11-05 11:23:22,911 - __main__ - INFO - Parsing file: guided-workflow-backend\api\v2\routers\thought_spot_tag.py
2025-11-05 11:23:23,907 - __main__ - INFO - Parsing file: guided-workflow-backend\api\v2\routers\users.py
2025-11-05 11:23:25,129 - __main__ - INFO - Parsing file: guided-workflow-backend\api\v2\routers\user_defined_types.py
2025-11-05 11:23:28,585 - __main__ - INFO - Parsing file: guided-workflow-backend\api\v2\routers\admin\financial\contracts.py
2025-11-05 11:23:29,575 - __main__ - INFO - Parsing file: guided-workflow-backend\api\v2\routers\admin\financial\revenue.py
2025-11-05 11:23:31,944 - __main__ - INFO - Parsing file: guided-workflow-backend\api\v2\routers\admin\financial\unverified.py
2025-11-05 11:23:33,165 - __main__ - INFO - Parsing file: guided-workflow-backend\api\v2\routers\admin\financial\verified.py
2025-11-05 11:23:34,854 - __main__ - INFO - Parsing file: guided-workflow-backend\api\v2\routers\admin\sdp\deliverables.py
2025-11-05 11:23:38,371 - __main__ - INFO - Parsing file: guided-workflow-backend\api\v2\routers\admin\sdp\lifecycles.py
2025-11-05 11:23:40,941 - __main__ - INFO - Parsing file: guided-workflow-backend\api\v2\routers\admin\sdp\sdp.py
2025-11-05 11:23:42,237 - __main__ - INFO - Parsing file: guided-workflow-backend\api\v2\routers\admin\sdp\subtasks.py
2025-11-05 11:23:45,507 - __main__ - INFO - Parsing file: guided-workflow-backend\api\v2\routers\admin\sdp\tasks.py
2025-11-05 11:23:47,205 - __main__ - INFO - Parsing file: guided-workflow-backend\api\v2\routers\documentation\documentation.py
2025-11-05 11:23:49,731 - __main__ - INFO - Parsing file: guided-workflow-backend\api\v2\routers\manager\assignments.py
2025-11-05 11:23:52,852 - __main__ - INFO - Parsing file: guided-workflow-backend\api\v2\routers\manager\bookings.py
2025-11-05 11:23:54,681 - __main__ - INFO - Parsing file: guided-workflow-backend\api\v2\routers\manager\bookings_common.py
2025-11-05 11:23:59,890 - __main__ - INFO - Parsing file: guided-workflow-backend\api\v2\routers\manager\bookings_manager.py
2025-11-05 11:24:08,068 - __main__ - INFO - Parsing file: guided-workflow-backend\api\v2\routers\manager\pool_manager.py
2025-11-05 11:24:09,043 - __main__ - INFO - Parsing file: guided-workflow-backend\api\v2\routers\manager\sdp.py
2025-11-05 11:24:10,821 - __main__ - INFO - Parsing file: guided-workflow-backend\api\v2\routers\manager\super_customers.py
2025-11-05 11:24:12,869 - __main__ - INFO - Parsing file: guided-workflow-backend\api\v2\routers\manager\users.py
2025-11-05 11:24:16,369 - __main__ - INFO - Parsing file: guided-workflow-backend\api\v2\routers\sdp\completions.py
2025-11-05 11:24:18,809 - __main__ - INFO - Parsing file: guided-workflow-backend\api\v2\routers\sdp\deliverables.py
2025-11-05 11:24:20,280 - __main__ - INFO - Parsing file: guided-workflow-backend\api\v2\routers\sdp\time_tracking.py
2025-11-05 11:24:22,376 - __main__ - INFO - Parsing file: guided-workflow-backend\api\v2\routers\support\agent.py
2025-11-05 11:24:23,787 - __main__ - INFO - Parsing file: guided-workflow-backend\api\v2\routers\support\user.py
2025-11-05 11:24:26,681 - __main__ - INFO - Parsing file: guided-workflow-backend\api\v2\routers\workflows\actions.py
2025-11-05 11:24:28,333 - __main__ - INFO - Parsing file: guided-workflow-backend\api\v2\routers\workflows\downloads.py
2025-11-05 11:24:29,522 - __main__ - INFO - Parsing file: guided-workflow-backend\api\v2\routers\workflows\evidence_uploads.py
2025-11-05 11:24:30,777 - __main__ - INFO - Parsing file: guided-workflow-backend\api\v2\routers\workflows\lookups.py
2025-11-05 11:24:32,586 - __main__ - INFO - Parsing file: guided-workflow-backend\api\v2\routers\workflows\macd.py
2025-11-05 11:24:34,014 - __main__ - INFO - Parsing file: guided-workflow-backend\api\v2\routers\workflows\notifications.py
2025-11-05 11:24:37,640 - __main__ - INFO - Parsing file: guided-workflow-backend\api\v2\routers\workflows\sea_upload.py
2025-11-05 11:24:38,582 - __main__ - INFO - Parsing file: guided-workflow-backend\api\v2\routers\workflows\signoff.py
2025-11-05 11:24:40,514 - __main__ - INFO - Parsing file: guided-workflow-backend\api\v2\routers\workflows\workflow_tagging.py
2025-11-05 11:24:41,689 - __main__ - INFO -    Found 187 backend routes
2025-11-05 11:24:41,690 - __main__ - INFO -    Routes with tables: 157
2025-11-05 11:24:41,690 - __main__ - INFO - 
3. Creating mappings...
2025-11-05 11:24:47,407 - __main__ - INFO - 
4. Generating reports...
2025-11-05 11:24:57,818 - __main__ - INFO -    Generated: mapping.csv.csv
2025-11-05 11:24:57,818 - __main__ - INFO - 
API MAPPING SUMMARY
2025-11-05 11:24:57,819 - __main__ - INFO - ==================================================
2025-11-05 11:24:57,819 - __main__ - INFO - Total Frontend Calls: 174
2025-11-05 11:24:57,819 - __main__ - INFO - Matched:              174 (100.0%)
2025-11-05 11:24:57,819 - __main__ - INFO - Unmatched:            0 (0.0%)
2025-11-05 11:24:57,819 - __main__ - INFO - With Tables:          146 (83.9%)
2025-11-05 11:24:57,820 - __main__ - INFO - With Response Models: 152 (87.4%)
2025-11-05 11:24:57,820 - __main__ - INFO - 
Sample Table Mappings:
2025-11-05 11:24:57,821 - __main__ - INFO - ------------------------------
2025-11-05 11:24:57,821 - __main__ - INFO -   /api/v2/announcements -> DC_ANNOUNCEMENTS, DC_ANNOUNCEMENT_LINK, ORGANIZATIONAL_HIERARCHY (+1 more)
2025-11-05 11:24:57,821 - __main__ - INFO -   /api/v2/announcements/{announcement_id} -> DC_ANNOUNCEMENTS, DC_ANNOUNCEMENT_LINK, DC_USER_TO_ANNOUNCEMENT
2025-11-05 11:24:57,821 - __main__ - INFO -   /api/v2/announcements -> DC_ANNOUNCEMENTS, DC_ANNOUNCEMENT_LINK, DC_USER_TO_ANNOUNCEMENT
2025-11-05 11:24:57,821 - __main__ - INFO -   /api/v2/announcements/{announcement_id} -> DC_ANNOUNCEMENTS, DC_ANNOUNCEMENT_LINK, DC_USER_TO_ANNOUNCEMENT
2025-11-05 11:24:57,823 - __main__ - INFO -   /api/v2/announcements/{announcement_id} -> DC_ANNOUNCEMENTS
2025-11-05 11:24:57,823 - __main__ - INFO - 
Sample Response Model Mappings:
2025-11-05 11:24:57,823 - __main__ - INFO - -----------------------------------
2025-11-05 11:24:57,823 - __main__ - INFO -   /api/v2/announcements -> list[V2AnnouncementRead] [id, title, subtitle (+6 more)]
2025-11-05 11:24:57,823 - __main__ - INFO -   /api/v2/announcements/{announcement_id} -> V2AnnouncementRead [id, title, subtitle (+6 more)]
2025-11-05 11:24:57,823 - __main__ - INFO -   /api/v2/announcements -> V2AnnouncementRead [id, title, subtitle (+6 more)]
2025-11-05 11:24:57,824 - __main__ - INFO -   /api/v2/announcements/{announcement_id} -> V2AnnouncementRead [id, title, subtitle (+6 more)]
2025-11-05 11:24:57,824 - __main__ - INFO -   /api/v2/announcements/{announcement_id} -> None []
